web_scraper_order,car_name,image_type,source_url,local_path,status
1779543499-1,MITSUBISHI XPANDER 2019,car,https://n1-pstg.mioto.vn/cho_thue_xe_o_to_tu_lai_thue_xe_du_lich_danang/mitsubishi_xpander_2019/p/g/2021/04/02/10/HrlGqt5bOMLhaobhgldi4A.jpg,downloaded_images\cars\mitsubishi-xpander-2019__1779543499-1\01.jpg,downloaded
1779543499-1,MITSUBISHI XPANDER 2019,car,https://n1-pstg.mioto.vn/cho_thue_xe_o_to_tu_lai_thue_xe_du_lich_danang/mitsubishi_xpander_2019/p/g/2021/04/02/10/2xEJXRaTpsf42M7EAnU5kw.jpg,downloaded_images\cars\mitsubishi-xpander-2019__1779543499-1\02.jpg,downloaded
1779543499-1,MITSUBISHI XPANDER 2019,car,https://n1-pstg.mioto.vn/cho_thue_xe_o_to_tu_lai_thue_xe_du_lich_danang/mitsubishi_xpander_2019/p/g/2021/04/02/10/nKH-mPEI2kdoT_NpYGjLwQ.jpg,downloaded_images\cars\mitsubishi-xpander-2019__1779543499-1\03.jpg,downloaded
1779543499-1,MITSUBISHI XPANDER 2019,car,https://n1-pstg.mioto.vn/cho_thue_xe_o_to_tu_lai_thue_xe_du_lich_danang/mitsubishi_xpander_2019/p/g/2021/04/02/10/JbchnvYJc_sep6AFu_u7BQ.jpg,downloaded_images\cars\mitsubishi-xpander-2019__1779543499-1\04.jpg,downloaded
1779543499-1,MITSUBISHI XPANDER 2019,owner_avatar,https://n1-cstg.mioto.vn/m/avatars/avatar-2.png,downloaded_images\owner_avatars\1779543499-1.png,downloaded
1779543499-2,CHEVROLET SPARK 2012,car,https://n1-pstg.mioto.vn/cho_thue_xe_o_to_tu_lai_thue_xe_du_lich_danang/chevrolet_spark_2012/p/g/2026/01/12/11/07NhP7x0GWu90R58DPa2Tg.jpg,downloaded_images\cars\chevrolet-spark-2012__1779543499-2\01.jpg,downloaded
1779543499-2,CHEVROLET SPARK 2012,car,https://n1-pstg.mioto.vn/cho_thue_xe_o_to_tu_lai_thue_xe_du_lich_danang/chevrolet_spark_2012/p/g/2026/01/11/22/SbZWPahn14bqpJiGIVcMdA.jpg,downloaded_images\cars\chevrolet-spark-2012__1779543499-2\02.jpg,downloaded
1779543499-2,CHEVROLET SPARK 2012,car,https://n1-pstg.mioto.vn/cho_thue_xe_o_to_tu_lai_thue_xe_du_lich_danang/chevrolet_spark_2012/p/g/2026/01/11/22/dkUg5a7jIbMtZc5K8gUYZA.jpg,downloaded_images\cars\chevrolet-spark-2012__1779543499-2\03.jpg,downloaded
1779543499-2,CHEVROLET SPARK 2012,car,https://n1-pstg.mioto.vn/cho_thue_xe_o_to_tu_lai_thue_xe_du_lich_danang/chevrolet_spark_2012/p/g/2026/01/12/11/so7qSbUFwZOG_2n-MiK34g.jpg,downloaded_images\cars\chevrolet-spark-2012__1779543499-2\04.jpg,downloaded
1779543499-2,CHEVROLET SPARK 2012,car,https://n1-pstg.mioto.vn/cho_thue_xe_o_to_tu_lai_thue_xe_du_lich_danang/chevrolet_spark_2012/p/g/2026/01/11/22/2344_8uONYPGoKLGr713sA.jpg,downloaded_images\cars\chevrolet-spark-2012__1779543499-2\05.jpg,downloaded
1779543499-2,CHEVROLET SPARK 2012,owner_avatar,https://n1-cstg.mioto.vn/m/avatars/avatar-2.png,downloaded_images\owner_avatars\1779543499-2.png,downloaded
1779543499-3,VINFAST VF3 2025,car,https://n1-pstg.mioto.vn/cho_thue_xe_o_to_tu_lai_thue_xe_du_lich_danang/vinfast_vf3_2025/p/g/2026/02/19/16/38oT4voQzpj13w0cNJFFZg.jpg,downloaded_images\cars\vinfast-vf3-2025__1779543499-3\01.jpg,downloaded
1779543499-3,VINFAST VF3 2025,car,https://n1-pstg.mioto.vn/cho_thue_xe_o_to_tu_lai_thue_xe_du_lich_danang/vinfast_vf3_2025/p/g/2026/02/19/16/E7ROvEDK88ilt69xLy-6pQ.jpg,downloaded_images\cars\vinfast-vf3-2025__1779543499-3\02.jpg,downloaded
1779543499-3,VINFAST VF3 2025,car,https://n1-pstg.mioto.vn/cho_thue_xe_o_to_tu_lai_thue_xe_du_lich_danang/vinfast_vf3_2025/p/g/2026/02/19/16/3PPRQ_eM3XPmj-rXlJjJGg.jpg,downloaded_images\cars\vinfast-vf3-2025__1779543499-3\03.jpg,downloaded
1779543499-3,VINFAST VF3 2025,car,https://n1-pstg.mioto.vn/cho_thue_xe_o_to_tu_lai_thue_xe_du_lich_danang/vinfast_vf3_2025/p/g/2026/02/19/16/A3C4wXU04Y-vGmIP54G8uQ.jpg,downloaded_images\cars\vinfast-vf3-2025__1779543499-3\04.jpg,downloaded
1779543499-3,VINFAST VF3 2025,car,https://n1-pstg.mioto.vn/cho_thue_xe_o_to_tu_lai_thue_xe_du_lich_danang/vinfast_vf3_2025/p/g/2026/02/20/20/yX6RpC77t6j-6l84-u3xrA.jpg,downloaded_images\cars\vinfast-vf3-2025__1779543499-3\05.jpg,downloaded
1779543499-3,VINFAST VF3 2025,car,https://n1-pstg.mioto.vn/cho_thue_xe_o_to_tu_lai_thue_xe_du_lich_danang/vinfast_vf3_2025/p/g/2026/02/19/16/uBBo5_lYZTnnmXJoFjBhFw.jpg,downloaded_images\cars\vinfast-vf3-2025__1779543499-3\06.jpg,downloaded
1779543499-3,VINFAST VF3 2025,car,https://n1-pstg.mioto.vn/cho_thue_xe_o_to_tu_lai_thue_xe_du_lich_danang/vinfast_vf3_2025/p/g/2026/02/20/19/wPeIIrHYh-sYG867NU1PYw.jpg,downloaded_images\cars\vinfast-vf3-2025__1779543499-3\07.jpg,downloaded
1779543499-3,VINFAST VF3 2025,owner_avatar,https://n1-astg.mioto.vn/g/2026/02/17/14/-YOpNCqHf7cTzE74WB2MGA.jpg,downloaded_images\owner_avatars\1779543499-3.jpg,downloaded
1779543499-4,VINFAST VF3 2025,car,https://n1-pstg.mioto.vn/cho_thue_xe_o_to_tu_lai_thue_xe_du_lich_danang/vinfast_vf3_2025/p/g/2025/07/02/09/DgIMzHM50x1wUDHQtag57A.jpg,downloaded_images\cars\vinfast-vf3-2025__1779543499-4\01.jpg,downloaded
1779543499-4,VINFAST VF3 2025,car,https://n1-pstg.mioto.vn/cho_thue_xe_o_to_tu_lai_thue_xe_du_lich_danang/vinfast_vf3_2025/p/g/2025/07/02/09/wzY55Y2qQhLjT_BHn6sTwA.jpg,downloaded_images\cars\vinfast-vf3-2025__1779543499-4\02.jpg,downloaded
1779543499-4,VINFAST VF3 2025,car,https://n1-pstg.mioto.vn/cho_thue_xe_o_to_tu_lai_thue_xe_du_lich_danang/vinfast_vf3_2025/p/g/2025/07/03/07/t8lYB-ASoWdG51SfU5j7zw.jpg,downloaded_images\cars\vinfast-vf3-2025__1779543499-4\03.jpg,downloaded
1779543499-4,VINFAST VF3 2025,car,https://n1-pstg.mioto.vn/cho_thue_xe_o_to_tu_lai_thue_xe_du_lich_danang/vinfast_vf3_2025/p/g/2025/07/03/07/D9ogpMg0GjPTntyJRi1mSw.jpg,downloaded_images\cars\vinfast-vf3-2025__1779543499-4\04.jpg,downloaded
1779543499-4,VINFAST VF3 2025,car,https://n1-pstg.mioto.vn/cho_thue_xe_o_to_tu_lai_thue_xe_du_lich_danang/vinfast_vf3_2025/p/g/2025/07/03/07/L8lQ4Vqbu2mpNuTVV7wxqg.jpg,downloaded_images\cars\vinfast-vf3-2025__1779543499-4\05.jpg,downloaded
1779543499-4,VINFAST VF3 2025,owner_avatar,https://n1-cstg.mioto.vn/m/avatars/avatar-2.png,downloaded_images\owner_avatars\1779543499-4.png,downloaded
1779543499-5,MG5 LUXURY 2024,car,https://n1-pstg.mioto.vn/cho_thue_xe_o_to_tu_lai_thue_xe_du_lich_danang/mg5_luxury_2024/p/g/2025/03/16/17/brmag8ZGMsfhQ6PLphPkSA.jpg,downloaded_images\cars\mg5-luxury-2024__1779543499-5\01.jpg,downloaded
1779543499-5,MG5 LUXURY 2024,car,https://n1-pstg.mioto.vn/cho_thue_xe_o_to_tu_lai_thue_xe_du_lich_danang/mg5_luxury_2024/p/g/2025/03/16/17/dVHh1zzn1vipzi18f4ye-g.jpg,downloaded_images\cars\mg5-luxury-2024__1779543499-5\02.jpg,downloaded
1779543499-5,MG5 LUXURY 2024,car,https://n1-pstg.mioto.vn/cho_thue_xe_o_to_tu_lai_thue_xe_du_lich_danang/mg5_luxury_2024/p/g/2025/03/16/17/vBKMrXVz_lUYfXXNk4VLLA.jpg,downloaded_images\cars\mg5-luxury-2024__1779543499-5\03.jpg,downloaded
1779543499-5,MG5 LUXURY 2024,car,https://n1-pstg.mioto.vn/cho_thue_xe_o_to_tu_lai_thue_xe_du_lich_danang/mg5_luxury_2024/p/g/2025/03/16/17/jLHapCzA9s7DVuwsia5RnQ.jpg,downloaded_images\cars\mg5-luxury-2024__1779543499-5\04.jpg,downloaded
1779543499-5,MG5 LUXURY 2024,owner_avatar,https://n1-astg.mioto.vn/g/2025/03/16/17/IeKCcJ4Rskqe80RtgZpgfQ.jpg,downloaded_images\owner_avatars\1779543499-5.jpg,downloaded
1779543499-6,KIA K3 PREMIUM 2022,car,https://n1-pstg.mioto.vn/cho_thue_xe_o_to_tu_lai_thue_xe_du_lich_danang/kia_k3_premium_2022/p/g/2025/00/26/20/Rw67tu63y-A2u78x325exQ.jpg,downloaded_images\cars\kia-k3-premium-2022__1779543499-6\01.jpg,downloaded
1779543499-6,KIA K3 PREMIUM 2022,car,https://n1-pstg.mioto.vn/cho_thue_xe_o_to_tu_lai_thue_xe_du_lich_danang/kia_k3_premium_2022/p/g/2026/04/11/14/pH7HE3SN97_zgWuvtwO2YA.jpg,downloaded_images\cars\kia-k3-premium-2022__1779543499-6\02.jpg,downloaded
1779543499-6,KIA K3 PREMIUM 2022,car,https://n1-pstg.mioto.vn/cho_thue_xe_o_to_tu_lai_thue_xe_du_lich_danang/kia_k3_premium_2022/p/g/2025/00/26/20/BKzdf5ofLMU1Rbn7IHdtkQ.jpg,downloaded_images\cars\kia-k3-premium-2022__1779543499-6\03.jpg,downloaded
1779543499-6,KIA K3 PREMIUM 2022,car,https://n1-pstg.mioto.vn/cho_thue_xe_o_to_tu_lai_thue_xe_du_lich_danang/kia_k3_premium_2022/p/g/2022/07/26/12/9W9Wicuk2LiFC6r_UZAGPg.jpg,downloaded_images\cars\kia-k3-premium-2022__1779543499-6\04.jpg,downloaded
1779543499-6,KIA K3 PREMIUM 2022,owner_avatar,https://n1-astg.mioto.vn/g/2022/07/27/10/BVuiqUUmT7JNcvXRsiEITQ.jpg,downloaded_images\owner_avatars\1779543499-6.jpg,downloaded
1779543499-7,TOYOTA INNOVA CROSS  2025,car,https://n1-pstg.mioto.vn/cho_thue_xe_o_to_tu_lai_thue_xe_du_lich_danang/_toyota_innova_cross__2025/p/g/2025/10/18/13/RPUtR3oQ5RVrd8uSIw_KSw.jpg,downloaded_images\cars\toyota-innova-cross-2025__1779543499-7\01.jpg,downloaded
1779543499-7,TOYOTA INNOVA CROSS  2025,car,https://n1-pstg.mioto.vn/cho_thue_xe_o_to_tu_lai_thue_xe_du_lich_danang/_toyota_innova_cross__2025/p/g/2025/10/18/13/OqAjGUk6cuKkhvdyLrEweA.jpg,downloaded_images\cars\toyota-innova-cross-2025__1779543499-7\02.jpg,downloaded
1779543499-7,TOYOTA INNOVA CROSS  2025,car,https://n1-pstg.mioto.vn/cho_thue_xe_o_to_tu_lai_thue_xe_du_lich_danang/_toyota_innova_cross__2025/p/g/2025/10/18/13/m469opGDVsZLN5nhJUB27g.jpg,downloaded_images\cars\toyota-innova-cross-2025__1779543499-7\03.jpg,downloaded
1779543499-7,TOYOTA INNOVA CROSS  2025,owner_avatar,https://n1-cstg.mioto.vn/m/avatars/avatar-2.png,downloaded_images\owner_avatars\1779543499-7.png,downloaded
1779543499-8,VINFAST VF3 2026,car,https://n1-pstg.mioto.vn/cho_thue_xe_o_to_tu_lai_thue_xe_du_lich_danang/vinfast_vf3_2026/p/g/2026/03/12/13/mMlgkuc0D9AAARyjuVC6YQ.jpg,downloaded_images\cars\vinfast-vf3-2026__1779543499-8\01.jpg,downloaded
1779543499-8,VINFAST VF3 2026,car,https://n1-pstg.mioto.vn/cho_thue_xe_o_to_tu_lai_thue_xe_du_lich_danang/vinfast_vf3_2026/p/g/2026/04/08/08/CDZqNXqMJLVcZ-2nHDFeqQ.jpg,downloaded_images\cars\vinfast-vf3-2026__1779543499-8\02.jpg,downloaded
1779543499-8,VINFAST VF3 2026,car,https://n1-pstg.mioto.vn/cho_thue_xe_o_to_tu_lai_thue_xe_du_lich_danang/vinfast_vf3_2026/p/g/2026/03/12/13/7a47abeSAokYDe8i2xQ2nA.jpg,downloaded_images\cars\vinfast-vf3-2026__1779543499-8\03.jpg,downloaded
1779543499-8,VINFAST VF3 2026,car,https://n1-pstg.mioto.vn/cho_thue_xe_o_to_tu_lai_thue_xe_du_lich_danang/vinfast_vf3_2026/p/g/2026/03/12/13/3w5qp0i3CIqL_qEfi9WQqQ.jpg,downloaded_images\cars\vinfast-vf3-2026__1779543499-8\04.jpg,downloaded
1779543499-8,VINFAST VF3 2026,car,https://n1-pstg.mioto.vn/cho_thue_xe_o_to_tu_lai_thue_xe_du_lich_danang/vinfast_vf3_2026/p/g/2026/04/08/08/gXwe4jWGzH0_f7p-QGqqtA.jpg,downloaded_images\cars\vinfast-vf3-2026__1779543499-8\05.jpg,downloaded
1779543499-8,VINFAST VF3 2026,car,https://n1-pstg.mioto.vn/cho_thue_xe_o_to_tu_lai_thue_xe_du_lich_danang/vinfast_vf3_2026/p/g/2026/04/08/08/nqOSjz05loCEFmAGkXW6lQ.jpg,downloaded_images\cars\vinfast-vf3-2026__1779543499-8\06.jpg,downloaded
1779543499-8,VINFAST VF3 2026,car,https://n1-pstg.mioto.vn/cho_thue_xe_o_to_tu_lai_thue_xe_du_lich_danang/vinfast_vf3_2026/p/g/2026/04/07/09/I8VfBRrKx9gmRMiQjD-YSA.jpg,downloaded_images\cars\vinfast-vf3-2026__1779543499-8\07.jpg,downloaded
1779543499-8,VINFAST VF3 2026,car,https://n1-pstg.mioto.vn/cho_thue_xe_o_to_tu_lai_thue_xe_du_lich_danang/vinfast_vf3_2026/p/g/2026/03/12/13/wr5bNk9L4JSpCOiB36NxdQ.jpg,downloaded_images\cars\vinfast-vf3-2026__1779543499-8\08.jpg,downloaded
1779543499-8,VINFAST VF3 2026,owner_avatar,https://n1-astg.mioto.vn/g/2026/04/08/08/GfzVymagUIHgS-5Qm_g-rg.jpg,downloaded_images\owner_avatars\1779543499-8.jpg,downloaded
1779543499-9,MITSUBISHI ATTRAGE 2022,car,https://n1-pstg.mioto.vn/cho_thue_xe_o_to_tu_lai_thue_xe_du_lich_danang/mitsubishi_attrage_2022/p/g/2022/04/27/08/_kelKqMCwULvZKn5O4YwTA.jpg,downloaded_images\cars\mitsubishi-attrage-2022__1779543499-9\01.jpg,downloaded
1779543499-9,MITSUBISHI ATTRAGE 2022,car,https://n1-pstg.mioto.vn/cho_thue_xe_o_to_tu_lai_thue_xe_du_lich_danang/mitsubishi_attrage_2022/p/g/2022/04/27/08/kJk3lLS6xA3rokVC00IcTQ.jpg,downloaded_images\cars\mitsubishi-attrage-2022__1779543499-9\02.jpg,downloaded
1779543499-9,MITSUBISHI ATTRAGE 2022,car,https://n1-pstg.mioto.vn/cho_thue_xe_o_to_tu_lai_thue_xe_du_lich_danang/mitsubishi_attrage_2022/p/g/2022/04/27/08/hqJnfTAae0L2Dzl7qSt64w.jpg,downloaded_images\cars\mitsubishi-attrage-2022__1779543499-9\03.jpg,downloaded
1779543499-9,MITSUBISHI ATTRAGE 2022,car,https://n1-pstg.mioto.vn/cho_thue_xe_o_to_tu_lai_thue_xe_du_lich_danang/mitsubishi_attrage_2022/p/g/2022/04/27/08/FnkxGejIpU8NQb8Z-KMFqA.jpg,downloaded_images\cars\mitsubishi-attrage-2022__1779543499-9\04.jpg,downloaded
1779543499-9,MITSUBISHI ATTRAGE 2022,owner_avatar,https://n1-astg.mioto.vn/g/2023/09/03/10/O11ghZxo1hHyuWBAcg9K-g.jpg,downloaded_images\owner_avatars\1779543499-9.jpg,downloaded
1779543499-10,CHEVROLET CRUZE 2015,car,https://n1-pstg.mioto.vn/cho_thue_xe_o_to_tu_lai_thue_xe_du_lich_danang/chevrolet_cruze_2015/p/g/2026/02/19/02/Dlv0sMuh5h70BTN2QhdIew.jpg,downloaded_images\cars\chevrolet-cruze-2015__1779543499-10\01.jpg,downloaded
1779543499-10,CHEVROLET CRUZE 2015,car,https://n1-pstg.mioto.vn/cho_thue_xe_o_to_tu_lai_thue_xe_du_lich_danang/chevrolet_cruze_2015/p/g/2026/02/19/02/I3-SVJKantBzNrJxOK2WLg.jpg,downloaded_images\cars\chevrolet-cruze-2015__1779543499-10\02.jpg,downloaded
1779543499-10,CHEVROLET CRUZE 2015,car,https://n1-pstg.mioto.vn/cho_thue_xe_o_to_tu_lai_thue_xe_du_lich_danang/chevrolet_cruze_2015/p/g/2026/02/19/02/0llZ4WROpHOMpjOgacx7Dg.jpg,downloaded_images\cars\chevrolet-cruze-2015__1779543499-10\03.jpg,downloaded
1779543499-10,CHEVROLET CRUZE 2015,car,https://n1-pstg.mioto.vn/cho_thue_xe_o_to_tu_lai_thue_xe_du_lich_danang/chevrolet_cruze_2015/p/g/2026/02/19/02/B2NS7mp-LDuZ9heMFbiBhg.jpg,downloaded_images\cars\chevrolet-cruze-2015__1779543499-10\04.jpg,downloaded
1779543499-10,CHEVROLET CRUZE 2015,owner_avatar,https://n1-cstg.mioto.vn/m/avatars/avatar-4.png,downloaded_images\owner_avatars\1779543499-10.png,downloaded
1779543499-11,VINFAST LUX SA  2021,car,https://n1-pstg.mioto.vn/cho_thue_xe_o_to_tu_lai_thue_xe_du_lich_danang/vinfast_lux_sa__2021/p/g/2024/04/20/09/_YB4Xsk6b6tdRjZNYEdXUA.jpg,downloaded_images\cars\vinfast-lux-sa-2021__1779543499-11\01.jpg,downloaded
1779543499-11,VINFAST LUX SA  2021,car,https://n1-pstg.mioto.vn/cho_thue_xe_o_to_tu_lai_thue_xe_du_lich_danang/vinfast_lux_sa__2021/p/g/2024/04/20/09/IpW-QB5HDaB8ITE39YoZhQ.jpg,downloaded_images\cars\vinfast-lux-sa-2021__1779543499-11\02.jpg,downloaded
1779543499-11,VINFAST LUX SA  2021,car,https://n1-pstg.mioto.vn/cho_thue_xe_o_to_tu_lai_thue_xe_du_lich_danang/vinfast_lux_sa__2021/p/g/2024/04/20/09/WqQ9MAsAgSDcP0D_KbGsCg.jpg,downloaded_images\cars\vinfast-lux-sa-2021__1779543499-11\03.jpg,downloaded
1779543499-11,VINFAST LUX SA  2021,car,https://n1-pstg.mioto.vn/cho_thue_xe_o_to_tu_lai_thue_xe_du_lich_danang/vinfast_lux_sa__2021/p/g/2024/04/20/09/nU0hxDh-Ltrew475hFLIBg.jpg,downloaded_images\cars\vinfast-lux-sa-2021__1779543499-11\04.jpg,downloaded
1779543499-11,VINFAST LUX SA  2021,owner_avatar,https://n1-astg.mioto.vn/g/2023/01/12/16/oeNldUATCkTno3zwiSmdiQ.jpg,downloaded_images\owner_avatars\1779543499-11.jpg,downloaded
1779543499-12,VINFAST VF7 ECO 2026,car,https://n1-pstg.mioto.vn/cho_thue_xe_o_to_tu_lai_thue_xe_du_lich_danang/vinfast_vf7_eco_2026/p/g/2026/03/22/10/DbOeu1crCxATQY4RkENs_A.jpg,downloaded_images\cars\vinfast-vf7-eco-2026__1779543499-12\01.jpg,downloaded
1779543499-12,VINFAST VF7 ECO 2026,car,https://n1-pstg.mioto.vn/cho_thue_xe_o_to_tu_lai_thue_xe_du_lich_danang/vinfast_vf7_eco_2026/p/g/2026/03/22/10/BllZzEBbxYOIg2M-bqYAEQ.jpg,downloaded_images\cars\vinfast-vf7-eco-2026__1779543499-12\02.jpg,downloaded
1779543499-12,VINFAST VF7 ECO 2026,car,https://n1-pstg.mioto.vn/cho_thue_xe_o_to_tu_lai_thue_xe_du_lich_danang/vinfast_vf7_eco_2026/p/g/2026/03/22/10/K4nJHwYqSB1eMkhFDkL1GA.jpg,downloaded_images\cars\vinfast-vf7-eco-2026__1779543499-12\03.jpg,downloaded
1779543499-12,VINFAST VF7 ECO 2026,car,https://n1-pstg.mioto.vn/cho_thue_xe_o_to_tu_lai_thue_xe_du_lich_danang/vinfast_vf7_eco_2026/p/g/2026/03/22/10/XkTba7WXZizqtDHDtPyj7A.jpg,downloaded_images\cars\vinfast-vf7-eco-2026__1779543499-12\04.jpg,downloaded
1779543499-12,VINFAST VF7 ECO 2026,car,https://n1-pstg.mioto.vn/cho_thue_xe_o_to_tu_lai_thue_xe_du_lich_danang/vinfast_vf7_eco_2026/p/g/2026/03/22/10/hAzoilfYIIvydKMPRqTZWg.jpg,downloaded_images\cars\vinfast-vf7-eco-2026__1779543499-12\05.jpg,downloaded
1779543499-12,VINFAST VF7 ECO 2026,owner_avatar,https://n1-cstg.mioto.vn/m/avatars/avatar-2.png,downloaded_images\owner_avatars\1779543499-12.png,downloaded
1779543499-13,VINFAST LIMO GREEN 2025,car,https://n1-pstg.mioto.vn/cho_thue_xe_o_to_tu_lai_thue_xe_du_lich_danang/vinfast_limo_green_2025/p/g/2026/03/06/15/rri0WSVA7TTzWqXdthhnxg.jpg,downloaded_images\cars\vinfast-limo-green-2025__1779543499-13\01.jpg,downloaded
1779543499-13,VINFAST LIMO GREEN 2025,car,https://n1-pstg.mioto.vn/cho_thue_xe_o_to_tu_lai_thue_xe_du_lich_danang/vinfast_limo_green_2025/p/g/2026/03/06/17/GZVLjuPK_3Rp2YyfywW4BQ.jpg,downloaded_images\cars\vinfast-limo-green-2025__1779543499-13\02.jpg,downloaded
1779543499-13,VINFAST LIMO GREEN 2025,car,https://n1-pstg.mioto.vn/cho_thue_xe_o_to_tu_lai_thue_xe_du_lich_danang/vinfast_limo_green_2025/p/g/2026/03/06/17/vnZ7V6M-qOV7nciNdhYF3Q.jpg,downloaded_images\cars\vinfast-limo-green-2025__1779543499-13\03.jpg,downloaded
1779543499-13,VINFAST LIMO GREEN 2025,car,https://n1-pstg.mioto.vn/cho_thue_xe_o_to_tu_lai_thue_xe_du_lich_danang/vinfast_limo_green_2025/p/g/2026/03/06/17/4QqtGEL6sTj95yTJ15gSlw.jpg,downloaded_images\cars\vinfast-limo-green-2025__1779543499-13\04.jpg,downloaded
1779543499-13,VINFAST LIMO GREEN 2025,car,https://n1-pstg.mioto.vn/cho_thue_xe_o_to_tu_lai_thue_xe_du_lich_danang/vinfast_limo_green_2025/p/g/2026/03/06/17/BbYy9OPYUZMN4iUv0S9Xzw.jpg,downloaded_images\cars\vinfast-limo-green-2025__1779543499-13\05.jpg,downloaded
1779543499-13,VINFAST LIMO GREEN 2025,owner_avatar,https://n1-astg.mioto.vn/g/2026/03/12/19/S01GvQ1kfQA7KW4fWwfuVg.jpg,downloaded_images\owner_avatars\1779543499-13.jpg,downloaded
1779543499-14,VINFAST VF3 2025,car,https://n1-pstg.mioto.vn/cho_thue_xe_o_to_tu_lai_thue_xe_du_lich_danang/vinfast_vf3_2025/p/g/2026/02/09/09/O17U4FmUMnLGXeJGtXBcHg.jpg,downloaded_images\cars\vinfast-vf3-2025__1779543499-14\01.jpg,downloaded
1779543499-14,VINFAST VF3 2025,car,https://n1-pstg.mioto.vn/cho_thue_xe_o_to_tu_lai_thue_xe_du_lich_danang/vinfast_vf3_2025/p/g/2026/02/09/09/dzutMD1xvsUoeIvy5-WW9g.jpg,downloaded_images\cars\vinfast-vf3-2025__1779543499-14\02.jpg,downloaded
1779543499-14,VINFAST VF3 2025,car,https://n1-pstg.mioto.vn/cho_thue_xe_o_to_tu_lai_thue_xe_du_lich_danang/vinfast_vf3_2025/p/g/2026/02/09/09/xDCL8RvED3GhklTgKThNMA.jpg,downloaded_images\cars\vinfast-vf3-2025__1779543499-14\03.jpg,downloaded
1779543499-14,VINFAST VF3 2025,car,https://n1-pstg.mioto.vn/cho_thue_xe_o_to_tu_lai_thue_xe_du_lich_danang/vinfast_vf3_2025/p/g/2026/02/09/09/CKjkyvMku7D8D2G_mHE1tA.jpg,downloaded_images\cars\vinfast-vf3-2025__1779543499-14\04.jpg,downloaded
1779543499-14,VINFAST VF3 2025,car,https://n1-pstg.mioto.vn/cho_thue_xe_o_to_tu_lai_thue_xe_du_lich_danang/vinfast_vf3_2025/p/g/2026/02/09/09/Aa0Ad4GJHnIMyu7s7fDdBg.jpg,downloaded_images\cars\vinfast-vf3-2025__1779543499-14\05.jpg,downloaded
1779543499-14,VINFAST VF3 2025,owner_avatar,https://n1-cstg.mioto.vn/m/avatars/avatar-8.png,downloaded_images\owner_avatars\1779543499-14.png,downloaded
1779543499-15,VINFAST VF5 2024,car,https://n1-pstg.mioto.vn/cho_thue_xe_o_to_tu_lai_thue_xe_du_lich_danang/vinfast_vf5_2024/p/g/2025/06/17/11/LcfJv0GpHnmxMD4VoJetlg.jpg,downloaded_images\cars\vinfast-vf5-2024__1779543499-15\01.jpg,downloaded
1779543499-15,VINFAST VF5 2024,car,https://n1-pstg.mioto.vn/cho_thue_xe_o_to_tu_lai_thue_xe_du_lich_danang/vinfast_vf5_2024/p/g/2025/06/17/11/DY8_VGbPvQ3CXmPP7XV6sw.jpg,downloaded_images\cars\vinfast-vf5-2024__1779543499-15\02.jpg,downloaded
1779543499-15,VINFAST VF5 2024,car,https://n1-pstg.mioto.vn/cho_thue_xe_o_to_tu_lai_thue_xe_du_lich_danang/vinfast_vf5_2024/p/g/2025/06/17/11/uhDmZ6-r-ztOw98Xzp7K7w.jpg,downloaded_images\cars\vinfast-vf5-2024__1779543499-15\03.jpg,downloaded
1779543499-15,VINFAST VF5 2024,car,https://n1-pstg.mioto.vn/cho_thue_xe_o_to_tu_lai_thue_xe_du_lich_danang/vinfast_vf5_2024/p/g/2025/06/17/11/Uuo2jzf8cIzYVfe3G1louA.jpg,downloaded_images\cars\vinfast-vf5-2024__1779543499-15\04.jpg,downloaded
1779543499-15,VINFAST VF5 2024,car,https://n1-pstg.mioto.vn/cho_thue_xe_o_to_tu_lai_thue_xe_du_lich_danang/vinfast_vf5_2024/p/g/2025/06/17/11/iAZaKsPFinKUQdJI87xVtw.jpg,downloaded_images\cars\vinfast-vf5-2024__1779543499-15\05.jpg,downloaded
1779543499-15,VINFAST VF5 2024,owner_avatar,https://n1-cstg.mioto.vn/m/avatars/avatar-0.png,downloaded_images\owner_avatars\1779543499-15.png,downloaded
1779543499-16,MITSUBISHI XPANDER 2022,car,https://n1-pstg.mioto.vn/cho_thue_xe_o_to_tu_lai_thue_xe_du_lich_danang/mitsubishi_xpander_2022/p/g/2025/05/14/12/pLI3UIb5DrebOuQYcQdAZA.jpg,downloaded_images\cars\mitsubishi-xpander-2022__1779543499-16\01.jpg,downloaded
1779543499-16,MITSUBISHI XPANDER 2022,car,https://n1-pstg.mioto.vn/cho_thue_xe_o_to_tu_lai_thue_xe_du_lich_danang/mitsubishi_xpander_2022/p/g/2025/05/10/09/WMj-0Kd5xFhG8WPJv8NqdA.jpg,downloaded_images\cars\mitsubishi-xpander-2022__1779543499-16\02.jpg,downloaded
1779543499-16,MITSUBISHI XPANDER 2022,car,https://n1-pstg.mioto.vn/cho_thue_xe_o_to_tu_lai_thue_xe_du_lich_danang/mitsubishi_xpander_2022/p/g/2025/05/14/12/3B6KU1nhSaPaY1zuN1ADDA.jpg,downloaded_images\cars\mitsubishi-xpander-2022__1779543499-16\03.jpg,downloaded
1779543499-16,MITSUBISHI XPANDER 2022,car,https://n1-pstg.mioto.vn/cho_thue_xe_o_to_tu_lai_thue_xe_du_lich_danang/mitsubishi_xpander_2022/p/g/2025/03/19/08/ezGgzTiskCdF5kxIgG3i2Q.jpg,downloaded_images\cars\mitsubishi-xpander-2022__1779543499-16\04.jpg,downloaded
1779543499-16,MITSUBISHI XPANDER 2022,car,https://n1-pstg.mioto.vn/cho_thue_xe_o_to_tu_lai_thue_xe_du_lich_danang/mitsubishi_xpander_2022/p/g/2025/05/14/12/K6E1TYZZugQwaeUIbBLNsw.jpg,downloaded_images\cars\mitsubishi-xpander-2022__1779543499-16\05.jpg,downloaded
1779543499-16,MITSUBISHI XPANDER 2022,owner_avatar,https://n1-astg.mioto.vn/g/2025/05/10/10/ooC9MdZ5UBCBtRzfrE9aUA.jpg,downloaded_images\owner_avatars\1779543499-16.jpg,downloaded
1779543499-17,KIA SOLUTO 2020,car,https://n1-pstg.mioto.vn/cho_thue_xe_o_to_tu_lai_thue_xe_du_lich_danang/kia_soluto_2020/p/g/2025/08/18/10/oMU7agsW9A3D_X5u8XsLDw.jpg,downloaded_images\cars\kia-soluto-2020__1779543499-17\01.jpg,downloaded
1779543499-17,KIA SOLUTO 2020,car,https://n1-pstg.mioto.vn/cho_thue_xe_o_to_tu_lai_thue_xe_du_lich_danang/kia_soluto_2020/p/g/2025/08/18/10/V8rQEJrQ4RrqSl_3puMsfg.jpg,downloaded_images\cars\kia-soluto-2020__1779543499-17\02.jpg,downloaded
1779543499-17,KIA SOLUTO 2020,car,https://n1-pstg.mioto.vn/cho_thue_xe_o_to_tu_lai_thue_xe_du_lich_danang/kia_soluto_2020/p/g/2025/08/18/10/PwY2Z2XEhrP29ViQF3xO2g.jpg,downloaded_images\cars\kia-soluto-2020__1779543499-17\03.jpg,downloaded
1779543499-17,KIA SOLUTO 2020,car,https://n1-pstg.mioto.vn/cho_thue_xe_o_to_tu_lai_thue_xe_du_lich_danang/kia_soluto_2020/p/g/2025/08/18/10/_STQjstZm4IuqYK_GlZiSw.jpg,downloaded_images\cars\kia-soluto-2020__1779543499-17\04.jpg,downloaded
1779543499-17,KIA SOLUTO 2020,car,https://n1-pstg.mioto.vn/cho_thue_xe_o_to_tu_lai_thue_xe_du_lich_danang/kia_soluto_2020/p/g/2025/08/18/10/jFBO6GU_CdH6lT-mM_1rjQ.jpg,downloaded_images\cars\kia-soluto-2020__1779543499-17\05.jpg,downloaded
1779543499-17,KIA SOLUTO 2020,owner_avatar,https://n1-cstg.mioto.vn/m/avatars/avatar-8.png,downloaded_images\owner_avatars\1779543499-17.png,downloaded
1779543499-18,VINFAST LIMO GREEN 2026,car,https://n1-pstg.mioto.vn/cho_thue_xe_o_to_tu_lai_thue_xe_du_lich_danang/vinfast_limo_green_2026/p/g/2026/04/11/14/5TI6J9UN5DJpFJ2HNPDiFg.jpg,downloaded_images\cars\vinfast-limo-green-2026__1779543499-18\01.jpg,downloaded
1779543499-18,VINFAST LIMO GREEN 2026,car,https://n1-pstg.mioto.vn/cho_thue_xe_o_to_tu_lai_thue_xe_du_lich_danang/vinfast_limo_green_2026/p/g/2026/04/11/14/D1og29JYmtkDS_GigZ3rSQ.jpg,downloaded_images\cars\vinfast-limo-green-2026__1779543499-18\02.jpg,downloaded
1779543499-18,VINFAST LIMO GREEN 2026,car,https://n1-pstg.mioto.vn/cho_thue_xe_o_to_tu_lai_thue_xe_du_lich_danang/vinfast_limo_green_2026/p/g/2026/04/11/14/9seMSlhlig3c7G6QBoDKRA.jpg,downloaded_images\cars\vinfast-limo-green-2026__1779543499-18\03.jpg,downloaded
1779543499-18,VINFAST LIMO GREEN 2026,owner_avatar,https://n1-astg.mioto.vn/g/2022/07/27/10/BVuiqUUmT7JNcvXRsiEITQ.jpg,downloaded_images\owner_avatars\1779543499-18.jpg,downloaded
1779543499-19,TOYOTA INNOVA 2018,car,https://n1-pstg.mioto.vn/cho_thue_xe_o_to_tu_lai_thue_xe_du_lich_danang/toyota_innova_2018/p/g/2026/04/18/14/sJK7kaL0wQHJy5zfx067iA.jpg,downloaded_images\cars\toyota-innova-2018__1779543499-19\01.jpg,downloaded
1779543499-19,TOYOTA INNOVA 2018,car,https://n1-pstg.mioto.vn/cho_thue_xe_o_to_tu_lai_thue_xe_du_lich_danang/toyota_innova_2018/p/g/2026/04/18/14/Zd6UqvlbnOOFOA34YmQBqQ.jpg,downloaded_images\cars\toyota-innova-2018__1779543499-19\02.jpg,downloaded
1779543499-19,TOYOTA INNOVA 2018,car,https://n1-pstg.mioto.vn/cho_thue_xe_o_to_tu_lai_thue_xe_du_lich_danang/toyota_innova_2018/p/g/2026/04/18/14/fgbj3tnSkkUmd9tg0RaLdA.jpg,downloaded_images\cars\toyota-innova-2018__1779543499-19\03.jpg,downloaded
1779543499-19,TOYOTA INNOVA 2018,car,https://n1-pstg.mioto.vn/cho_thue_xe_o_to_tu_lai_thue_xe_du_lich_danang/toyota_innova_2018/p/g/2026/04/18/14/AJ2k43akNuOvQpEn5ZJPww.jpg,downloaded_images\cars\toyota-innova-2018__1779543499-19\04.jpg,downloaded
1779543499-19,TOYOTA INNOVA 2018,owner_avatar,https://n1-cstg.mioto.vn/m/avatars/avatar-3.png,downloaded_images\owner_avatars\1779543499-19.png,downloaded
1779543499-20,CHEVROLET CAPTIVA 2016,car,https://n1-pstg.mioto.vn/cho_thue_xe_o_to_tu_lai_thue_xe_du_lich_danang/chevrolet_captiva_2016/p/g/2022/07/03/11/29J1dDm1wLnTNhiao6g2ug.jpg,downloaded_images\cars\chevrolet-captiva-2016__1779543499-20\01.jpg,downloaded
1779543499-20,CHEVROLET CAPTIVA 2016,car,https://n1-pstg.mioto.vn/cho_thue_xe_o_to_tu_lai_thue_xe_du_lich_danang/chevrolet_captiva_2016/p/g/2022/07/03/11/8x3x6u6c3sPEFQxWBd__0Q.jpg,downloaded_images\cars\chevrolet-captiva-2016__1779543499-20\02.jpg,downloaded
1779543499-20,CHEVROLET CAPTIVA 2016,car,https://n1-pstg.mioto.vn/cho_thue_xe_o_to_tu_lai_thue_xe_du_lich_danang/chevrolet_captiva_2016/p/g/2022/07/03/11/w53SX_hQlJ_s2SUMmLJyCw.jpg,downloaded_images\cars\chevrolet-captiva-2016__1779543499-20\03.jpg,downloaded
1779543499-20,CHEVROLET CAPTIVA 2016,car,https://n1-pstg.mioto.vn/cho_thue_xe_o_to_tu_lai_thue_xe_du_lich_danang/chevrolet_captiva_2016/p/g/2022/07/03/11/7qqJ2ppkGlnWWSNnVgE2pQ.jpg,downloaded_images\cars\chevrolet-captiva-2016__1779543499-20\04.jpg,downloaded
1779543499-20,CHEVROLET CAPTIVA 2016,owner_avatar,https://n1-astg.mioto.vn/g/2022/07/17/18/DESJYp-A8DQGuqw41gJ1fA.jpg,downloaded_images\owner_avatars\1779543499-20.jpg,downloaded
1779543499-21,HYUNDAI STARGAZER 2024,car,https://n1-pstg.mioto.vn/cho_thue_xe_o_to_tu_lai_thue_xe_du_lich_danang/hyundai_stargazer_2024/p/g/2025/00/13/10/UAHdx90UKx_L6lCZblocHA.jpg,downloaded_images\cars\hyundai-stargazer-2024__1779543499-21\01.jpg,downloaded
1779543499-21,HYUNDAI STARGAZER 2024,car,https://n1-pstg.mioto.vn/cho_thue_xe_o_to_tu_lai_thue_xe_du_lich_danang/hyundai_stargazer_2024/p/g/2025/00/13/10/Nte9z15Tf_n75dziOEjQcQ.jpg,downloaded_images\cars\hyundai-stargazer-2024__1779543499-21\02.jpg,downloaded
1779543499-21,HYUNDAI STARGAZER 2024,car,https://n1-pstg.mioto.vn/cho_thue_xe_o_to_tu_lai_thue_xe_du_lich_danang/hyundai_stargazer_2024/p/g/2025/00/13/10/oKoUfesm3o6RkSFU6YoOJQ.jpg,downloaded_images\cars\hyundai-stargazer-2024__1779543499-21\03.jpg,downloaded
1779543499-21,HYUNDAI STARGAZER 2024,car,https://n1-pstg.mioto.vn/cho_thue_xe_o_to_tu_lai_thue_xe_du_lich_danang/hyundai_stargazer_2024/p/g/2025/00/13/10/f28UdzP4yjQKu70d8n-aeg.jpg,downloaded_images\cars\hyundai-stargazer-2024__1779543499-21\04.jpg,downloaded
1779543499-21,HYUNDAI STARGAZER 2024,car,https://n1-pstg.mioto.vn/cho_thue_xe_o_to_tu_lai_thue_xe_du_lich_danang/hyundai_stargazer_2024/p/g/2025/00/13/10/VbFFO_86nux-05ZHAOLH4A.jpg,downloaded_images\cars\hyundai-stargazer-2024__1779543499-21\05.jpg,downloaded
1779543499-21,HYUNDAI STARGAZER 2024,owner_avatar,https://n1-cstg.mioto.vn/m/avatars/avatar-2.png,downloaded_images\owner_avatars\1779543499-21.png,downloaded
1779543499-22,KIA CERATO 2019,car,https://n1-pstg.mioto.vn/cho_thue_xe_o_to_tu_lai_thue_xe_du_lich_danang/kia_cerato_2019/p/g/2025/07/21/12/BUq4AACA0K87PLKxEMabeg.jpg,downloaded_images\cars\kia-cerato-2019__1779543499-22\01.jpg,downloaded
1779543499-22,KIA CERATO 2019,car,https://n1-pstg.mioto.vn/cho_thue_xe_o_to_tu_lai_thue_xe_du_lich_danang/kia_cerato_2019/p/g/2025/07/21/12/L9gNjmvZRGOPtqmPtYT1AA.jpg,downloaded_images\cars\kia-cerato-2019__1779543499-22\02.jpg,downloaded
1779543499-22,KIA CERATO 2019,car,https://n1-pstg.mioto.vn/cho_thue_xe_o_to_tu_lai_thue_xe_du_lich_danang/kia_cerato_2019/p/g/2025/07/21/12/vjv9g7Wo6KxmsK2Gj8jRKw.jpg,downloaded_images\cars\kia-cerato-2019__1779543499-22\03.jpg,downloaded
1779543499-22,KIA CERATO 2019,car,https://n1-pstg.mioto.vn/cho_thue_xe_o_to_tu_lai_thue_xe_du_lich_danang/kia_cerato_2019/p/g/2025/07/21/12/uwDezgr19M0Q6Hjix1l3EA.jpg,downloaded_images\cars\kia-cerato-2019__1779543499-22\04.jpg,downloaded
1779543499-22,KIA CERATO 2019,owner_avatar,https://n1-astg.mioto.vn/g/2023/04/22/13/LbY8cJdkZ_QySJBXix1W1A.jpg,downloaded_images\owner_avatars\1779543499-22.jpg,downloaded
1779543499-23,MAZDA 3 LUXURY 2020,car,https://n1-pstg.mioto.vn/cho_thue_xe_o_to_tu_lai_thue_xe_du_lich_danang/mazda_3_luxury_2020/p/g/2024/09/10/16/cRp9Rqr_qWEDAirGi4KNgA.jpg,downloaded_images\cars\mazda-3-luxury-2020__1779543499-23\01.jpg,downloaded
1779543499-23,MAZDA 3 LUXURY 2020,car,https://n1-pstg.mioto.vn/cho_thue_xe_o_to_tu_lai_thue_xe_du_lich_danang/mazda_3_luxury_2020/p/g/2024/09/10/16/6gRimxRuq3wLezvFDTGgLw.jpg,downloaded_images\cars\mazda-3-luxury-2020__1779543499-23\02.jpg,downloaded
1779543499-23,MAZDA 3 LUXURY 2020,car,https://n1-pstg.mioto.vn/cho_thue_xe_o_to_tu_lai_thue_xe_du_lich_danang/mazda_3_luxury_2020/p/g/2024/09/10/16/nsohnRaQ1dpqLNsYhi4pbw.jpg,downloaded_images\cars\mazda-3-luxury-2020__1779543499-23\03.jpg,downloaded
1779543499-23,MAZDA 3 LUXURY 2020,car,https://n1-pstg.mioto.vn/cho_thue_xe_o_to_tu_lai_thue_xe_du_lich_danang/mazda_3_luxury_2020/p/g/2024/09/10/16/XEjy52kwhWtB9H56oiCLHQ.jpg,downloaded_images\cars\mazda-3-luxury-2020__1779543499-23\04.jpg,downloaded
1779543499-23,MAZDA 3 LUXURY 2020,car,https://n1-pstg.mioto.vn/cho_thue_xe_o_to_tu_lai_thue_xe_du_lich_danang/mazda_3_luxury_2020/p/g/2024/09/10/16/JFUp3kMnuCpWYb2WEYfanQ.jpg,downloaded_images\cars\mazda-3-luxury-2020__1779543499-23\05.jpg,downloaded
1779543499-23,MAZDA 3 LUXURY 2020,owner_avatar,https://n1-astg.mioto.vn/g/2024/09/16/19/dxFSbFSX5Kjd5nTLxCyWeQ.jpg,downloaded_images\owner_avatars\1779543499-23.jpg,downloaded
1779543499-24,CHEVROLET COLORADO 4x2 2018,car,https://n1-pstg.mioto.vn/cho_thue_xe_o_to_tu_lai_thue_xe_du_lich_danang/chevrolet_colorado_4x2_2018/p/g/2026/04/06/07/-M8grr4qO3wa0gt4lTqHrg.jpg,downloaded_images\cars\chevrolet-colorado-4x2-2018__1779543499-24\01.jpg,downloaded
1779543499-24,CHEVROLET COLORADO 4x2 2018,car,https://n1-pstg.mioto.vn/cho_thue_xe_o_to_tu_lai_thue_xe_du_lich_danang/chevrolet_colorado_4x2_2018/p/g/2026/04/06/07/OAPVaeGWAGG1djcFynwQog.jpg,downloaded_images\cars\chevrolet-colorado-4x2-2018__1779543499-24\02.jpg,downloaded
1779543499-24,CHEVROLET COLORADO 4x2 2018,car,https://n1-pstg.mioto.vn/cho_thue_xe_o_to_tu_lai_thue_xe_du_lich_danang/chevrolet_colorado_4x2_2018/p/g/2026/04/06/07/FXba6hfJd5hnPxTuR1vwRg.jpg,downloaded_images\cars\chevrolet-colorado-4x2-2018__1779543499-24\03.jpg,downloaded
1779543499-24,CHEVROLET COLORADO 4x2 2018,owner_avatar,https://n1-cstg.mioto.vn/m/avatars/avatar-4.png,downloaded_images\owner_avatars\1779543499-24.png,downloaded
1779543499-25,MG ZS STANDARD 2024,car,https://n1-pstg.mioto.vn/cho_thue_xe_o_to_tu_lai_thue_xe_du_lich_danang/mg_zs_standard_2024/p/g/2024/09/17/21/eTTHkLx_KjaeazqG8bNuhA.jpg,downloaded_images\cars\mg-zs-standard-2024__1779543499-25\01.jpg,downloaded
1779543499-25,MG ZS STANDARD 2024,car,https://n1-pstg.mioto.vn/cho_thue_xe_o_to_tu_lai_thue_xe_du_lich_danang/mg_zs_standard_2024/p/g/2024/09/17/21/Zi54PYNSzm8f6Ob2wctBHQ.jpg,downloaded_images\cars\mg-zs-standard-2024__1779543499-25\02.jpg,downloaded
1779543499-25,MG ZS STANDARD 2024,car,https://n1-pstg.mioto.vn/cho_thue_xe_o_to_tu_lai_thue_xe_du_lich_danang/mg_zs_standard_2024/p/g/2024/09/17/21/JdXVQtJdK3CCZe66TUeVyg.jpg,downloaded_images\cars\mg-zs-standard-2024__1779543499-25\03.jpg,downloaded
1779543499-25,MG ZS STANDARD 2024,car,https://n1-pstg.mioto.vn/cho_thue_xe_o_to_tu_lai_thue_xe_du_lich_danang/mg_zs_standard_2024/p/g/2024/09/17/21/q5UeOIFpshI4VLtBWeZ6jw.jpg,downloaded_images\cars\mg-zs-standard-2024__1779543499-25\04.jpg,downloaded
1779543499-25,MG ZS STANDARD 2024,owner_avatar,https://n1-astg.mioto.vn/g/2025/00/02/13/stbRczQISjBzZ5hXVBjSBQ.jpg,downloaded_images\owner_avatars\1779543499-25.jpg,downloaded
1779543499-26,OMODA C5 FLAGSHIP TURBO 2025,car,https://n1-pstg.mioto.vn/cho_thue_xe_o_to_tu_lai_thue_xe_du_lich_danang/omoda_c5_flagship_turbo_2025/p/g/2026/02/19/00/pdXGyAJ-x5tNaMFNO4lJvg.jpg,downloaded_images\cars\omoda-c5-flagship-turbo-2025__1779543499-26\01.jpg,downloaded
1779543499-26,OMODA C5 FLAGSHIP TURBO 2025,car,https://n1-pstg.mioto.vn/cho_thue_xe_o_to_tu_lai_thue_xe_du_lich_danang/omoda_c5_flagship_turbo_2025/p/g/2026/02/19/00/JCkv20gyS-EcOu4l3WGZYg.jpg,downloaded_images\cars\omoda-c5-flagship-turbo-2025__1779543499-26\02.jpg,downloaded
1779543499-26,OMODA C5 FLAGSHIP TURBO 2025,car,https://n1-pstg.mioto.vn/cho_thue_xe_o_to_tu_lai_thue_xe_du_lich_danang/omoda_c5_flagship_turbo_2025/p/g/2026/02/19/00/A545-4Mb3SxbxD9SIxYAvg.jpg,downloaded_images\cars\omoda-c5-flagship-turbo-2025__1779543499-26\03.jpg,downloaded
1779543499-26,OMODA C5 FLAGSHIP TURBO 2025,car,https://n1-pstg.mioto.vn/cho_thue_xe_o_to_tu_lai_thue_xe_du_lich_danang/omoda_c5_flagship_turbo_2025/p/g/2026/02/19/00/0F6l1Izr9KH3LAmo6t2ZFw.jpg,downloaded_images\cars\omoda-c5-flagship-turbo-2025__1779543499-26\04.jpg,downloaded
1779543499-26,OMODA C5 FLAGSHIP TURBO 2025,car,https://n1-pstg.mioto.vn/cho_thue_xe_o_to_tu_lai_thue_xe_du_lich_danang/omoda_c5_flagship_turbo_2025/p/g/2026/02/19/00/s9-36XF9vLMf4xI-loD1rg.jpg,downloaded_images\cars\omoda-c5-flagship-turbo-2025__1779543499-26\05.jpg,downloaded
1779543499-26,OMODA C5 FLAGSHIP TURBO 2025,owner_avatar,https://n1-astg.mioto.vn/g/2026/04/18/09/WaW5D0q8wbSNYTTZB0fO7Q.jpg,downloaded_images\owner_avatars\1779543499-26.jpg,downloaded
1779543499-27,MAZDA CX5 LUXURY 2024,car,https://n1-pstg.mioto.vn/cho_thue_xe_o_to_tu_lai_thue_xe_du_lich_danang/mazda_cx5_luxury_2024/p/g/2025/02/11/12/pzA5qk0sDG3HCb2mobEbaw.jpg,downloaded_images\cars\mazda-cx5-luxury-2024__1779543499-27\01.jpg,downloaded
1779543499-27,MAZDA CX5 LUXURY 2024,car,https://n1-pstg.mioto.vn/cho_thue_xe_o_to_tu_lai_thue_xe_du_lich_danang/mazda_cx5_luxury_2024/p/g/2025/02/11/12/-PvaCiBH67NfnUd1ZvMpaA.jpg,downloaded_images\cars\mazda-cx5-luxury-2024__1779543499-27\02.jpg,downloaded
1779543499-27,MAZDA CX5 LUXURY 2024,car,https://n1-pstg.mioto.vn/cho_thue_xe_o_to_tu_lai_thue_xe_du_lich_danang/mazda_cx5_luxury_2024/p/g/2025/02/11/12/W5e6DeIhlAF5JvvqnWTUUg.jpg,downloaded_images\cars\mazda-cx5-luxury-2024__1779543499-27\03.jpg,downloaded
1779543499-27,MAZDA CX5 LUXURY 2024,car,https://n1-pstg.mioto.vn/cho_thue_xe_o_to_tu_lai_thue_xe_du_lich_danang/mazda_cx5_luxury_2024/p/g/2025/02/11/12/-2-ljqIQi2WGkybKrA6HDA.jpg,downloaded_images\cars\mazda-cx5-luxury-2024__1779543499-27\04.jpg,downloaded
1779543499-27,MAZDA CX5 LUXURY 2024,car,https://n1-pstg.mioto.vn/cho_thue_xe_o_to_tu_lai_thue_xe_du_lich_danang/mazda_cx5_luxury_2024/p/g/2025/02/11/12/Qd9bH-S628PMCu2PU7nD0A.jpg,downloaded_images\cars\mazda-cx5-luxury-2024__1779543499-27\05.jpg,downloaded
1779543499-27,MAZDA CX5 LUXURY 2024,owner_avatar,https://n1-astg.mioto.vn/g/2025/02/13/12/j3Q0NCe5cm8ChUlgdmwVjw.jpg,downloaded_images\owner_avatars\1779543499-27.jpg,downloaded
1779543499-28,MG ZS STANDARD 2021,car,https://n1-pstg.mioto.vn/cho_thue_xe_o_to_tu_lai_thue_xe_du_lich_danang/mg_zs_standard_2021/p/g/2024/05/03/09/U7qgAU_uPMaR26NT3JLo8w.jpg,downloaded_images\cars\mg-zs-standard-2021__1779543499-28\01.jpg,downloaded
1779543499-28,MG ZS STANDARD 2021,car,https://n1-pstg.mioto.vn/cho_thue_xe_o_to_tu_lai_thue_xe_du_lich_danang/mg_zs_standard_2021/p/g/2024/05/03/09/xYW5mcPmhBeT-VNgsd1bZQ.jpg,downloaded_images\cars\mg-zs-standard-2021__1779543499-28\02.jpg,downloaded
1779543499-28,MG ZS STANDARD 2021,car,https://n1-pstg.mioto.vn/cho_thue_xe_o_to_tu_lai_thue_xe_du_lich_danang/mg_zs_standard_2021/p/g/2024/05/03/09/yyOD7_8t3y59pyNL3Fy6UA.jpg,downloaded_images\cars\mg-zs-standard-2021__1779543499-28\03.jpg,downloaded
1779543499-28,MG ZS STANDARD 2021,car,https://n1-pstg.mioto.vn/cho_thue_xe_o_to_tu_lai_thue_xe_du_lich_danang/mg_zs_standard_2021/p/g/2024/05/03/09/X0vrjHXUUFWNq8A7gXuuhg.jpg,downloaded_images\cars\mg-zs-standard-2021__1779543499-28\04.jpg,downloaded
1779543499-28,MG ZS STANDARD 2021,car,https://n1-pstg.mioto.vn/cho_thue_xe_o_to_tu_lai_thue_xe_du_lich_danang/mg_zs_standard_2021/p/g/2024/05/03/09/-4Szf3nlLTf7dRtUN1KwpQ.jpg,downloaded_images\cars\mg-zs-standard-2021__1779543499-28\05.jpg,downloaded
1779543499-28,MG ZS STANDARD 2021,owner_avatar,https://n1-astg.mioto.vn/g/2024/05/07/20/rc5cwO_3Csxy-GUcwI7RGQ.jpg,downloaded_images\owner_avatars\1779543499-28.jpg,downloaded
1779543499-29,MITSUBISHI ATTRAGE 2020,car,https://n1-pstg.mioto.vn/cho_thue_xe_o_to_tu_lai_thue_xe_du_lich_danang/mitsubishi_attrage_2020/p/g/2025/06/11/20/w8fd_r5f84b_r0OzdYrvzw.jpg,downloaded_images\cars\mitsubishi-attrage-2020__1779543499-29\01.jpg,downloaded
1779543499-29,MITSUBISHI ATTRAGE 2020,car,https://n1-pstg.mioto.vn/cho_thue_xe_o_to_tu_lai_thue_xe_du_lich_danang/mitsubishi_attrage_2020/p/g/2025/06/11/20/dPr_WI8HBXLm2oLHu0ujvA.jpg,downloaded_images\cars\mitsubishi-attrage-2020__1779543499-29\02.jpg,downloaded
1779543499-29,MITSUBISHI ATTRAGE 2020,car,https://n1-pstg.mioto.vn/cho_thue_xe_o_to_tu_lai_thue_xe_du_lich_danang/mitsubishi_attrage_2020/p/g/2025/06/11/20/TznfIIc3TtuXcXtX1lC2dQ.jpg,downloaded_images\cars\mitsubishi-attrage-2020__1779543499-29\03.jpg,downloaded
1779543499-29,MITSUBISHI ATTRAGE 2020,car,https://n1-pstg.mioto.vn/cho_thue_xe_o_to_tu_lai_thue_xe_du_lich_danang/mitsubishi_attrage_2020/p/g/2025/06/11/20/YvFuiuChPchTei6uj6QcLA.jpg,downloaded_images\cars\mitsubishi-attrage-2020__1779543499-29\04.jpg,downloaded
1779543499-29,MITSUBISHI ATTRAGE 2020,car,https://n1-pstg.mioto.vn/cho_thue_xe_o_to_tu_lai_thue_xe_du_lich_danang/mitsubishi_attrage_2020/p/g/2025/06/11/20/t4STnKZexWYIYsOL3uA0Ag.jpg,downloaded_images\cars\mitsubishi-attrage-2020__1779543499-29\05.jpg,downloaded
1779543499-29,MITSUBISHI ATTRAGE 2020,owner_avatar,https://n1-astg.mioto.vn/g/2025/06/12/11/qb64WoX6If3XxAcUfwctQA.jpg,downloaded_images\owner_avatars\1779543499-29.jpg,downloaded
1779543499-30,KIA CARNIVAL PREMIUM 2021,car,https://n1-pstg.mioto.vn/cho_thue_xe_o_to_tu_lai_thue_xe_du_lich_danang/kia_carnival_premium_2021/p/g/2026/01/13/15/O0iza3i025ad_E19h6Eg6w.jpg,downloaded_images\cars\kia-carnival-premium-2021__1779543499-30\01.jpg,downloaded
1779543499-30,KIA CARNIVAL PREMIUM 2021,car,https://n1-pstg.mioto.vn/cho_thue_xe_o_to_tu_lai_thue_xe_du_lich_danang/kia_carnival_premium_2021/p/g/2026/01/13/15/FXCEzWVhHphXj7RgOVKCWw.jpg,downloaded_images\cars\kia-carnival-premium-2021__1779543499-30\02.jpg,downloaded
1779543499-30,KIA CARNIVAL PREMIUM 2021,car,https://n1-pstg.mioto.vn/cho_thue_xe_o_to_tu_lai_thue_xe_du_lich_danang/kia_carnival_premium_2021/p/g/2026/01/13/15/H96w4IJrL164jn7PQrG2RA.jpg,downloaded_images\cars\kia-carnival-premium-2021__1779543499-30\03.jpg,downloaded
1779543499-30,KIA CARNIVAL PREMIUM 2021,car,https://n1-pstg.mioto.vn/cho_thue_xe_o_to_tu_lai_thue_xe_du_lich_danang/kia_carnival_premium_2021/p/g/2026/01/13/15/RwTkGLiTliQ1-O-76Hgmaw.jpg,downloaded_images\cars\kia-carnival-premium-2021__1779543499-30\04.jpg,downloaded
1779543499-30,KIA CARNIVAL PREMIUM 2021,owner_avatar,https://n1-astg.mioto.vn/g/2024/05/12/00/6ns6LMgIu_OmNdxpAetaIg.jpg,downloaded_images\owner_avatars\1779543499-30.jpg,downloaded
1779543499-31,TOYOTA FORTUNER 2009,car,https://n1-pstg.mioto.vn/cho_thue_xe_o_to_tu_lai_thue_xe_du_lich_danang/toyota_fortuner_2009/p/g/2025/03/19/10/Xp2auywwwxog9ywTnKXUSg.jpg,downloaded_images\cars\toyota-fortuner-2009__1779543499-31\01.jpg,downloaded
1779543499-31,TOYOTA FORTUNER 2009,car,https://n1-pstg.mioto.vn/cho_thue_xe_o_to_tu_lai_thue_xe_du_lich_danang/toyota_fortuner_2009/p/g/2025/06/06/19/DEtTXox4pnpx2sR2ERb7wg.jpg,downloaded_images\cars\toyota-fortuner-2009__1779543499-31\02.jpg,downloaded
1779543499-31,TOYOTA FORTUNER 2009,car,https://n1-pstg.mioto.vn/cho_thue_xe_o_to_tu_lai_thue_xe_du_lich_danang/toyota_fortuner_2009/p/g/2025/03/19/10/32UzyuD3Cgpjqi7xUGroGg.jpg,downloaded_images\cars\toyota-fortuner-2009__1779543499-31\03.jpg,downloaded
1779543499-31,TOYOTA FORTUNER 2009,car,https://n1-pstg.mioto.vn/cho_thue_xe_o_to_tu_lai_thue_xe_du_lich_danang/toyota_fortuner_2009/p/g/2025/03/17/13/zHuhdC9HALX5acla32EcCA.jpg,downloaded_images\cars\toyota-fortuner-2009__1779543499-31\04.jpg,downloaded
1779543499-31,TOYOTA FORTUNER 2009,car,https://n1-pstg.mioto.vn/cho_thue_xe_o_to_tu_lai_thue_xe_du_lich_danang/toyota_fortuner_2009/p/g/2025/03/19/08/lpd4gYNBGxIh9u5TrGDxtQ.jpg,downloaded_images\cars\toyota-fortuner-2009__1779543499-31\05.jpg,downloaded
1779543499-31,TOYOTA FORTUNER 2009,owner_avatar,https://n1-cstg.mioto.vn/m/avatars/avatar-0.png,downloaded_images\owner_avatars\1779543499-31.png,downloaded
1779543499-32,TOYOTA VELOZ CROSS 2024,car,https://n1-pstg.mioto.vn/cho_thue_xe_o_to_tu_lai_thue_xe_du_lich_danang/toyota_veloz_cross_2024/p/g/2025/11/27/10/popVU3FPvePinJfbg-QLeg.jpg,downloaded_images\cars\toyota-veloz-cross-2024__1779543499-32\01.jpg,downloaded
1779543499-32,TOYOTA VELOZ CROSS 2024,owner_avatar,https://n1-cstg.mioto.vn/m/avatars/avatar-5.png,downloaded_images\owner_avatars\1779543499-32.png,downloaded
1779543499-33,TOYOTA VIOS 2018,car,https://n1-pstg.mioto.vn/cho_thue_xe_o_to_tu_lai_thue_xe_du_lich_danang/toyota_vios_2018/p/g/2025/10/17/09/wTBcjcUkwtDKq0TcZ1RL9g.jpg,downloaded_images\cars\toyota-vios-2018__1779543499-33\01.jpg,downloaded
1779543499-33,TOYOTA VIOS 2018,car,https://n1-pstg.mioto.vn/cho_thue_xe_o_to_tu_lai_thue_xe_du_lich_danang/toyota_vios_2018/p/g/2025/10/17/09/rJ50zfBI7sxGo-FFTYSxiw.jpg,downloaded_images\cars\toyota-vios-2018__1779543499-33\02.jpg,downloaded
1779543499-33,TOYOTA VIOS 2018,owner_avatar,https://n1-astg.mioto.vn/g/2026/04/02/12/yIfoR8JpX6Qqn2EKiCtzng.jpg,downloaded_images\owner_avatars\1779543499-33.jpg,downloaded
1779543499-34,MAZDA 3 Deluxe 2017,car,https://n1-pstg.mioto.vn/cho_thue_xe_o_to_tu_lai_thue_xe_du_lich_danang/mazda_3_deluxe_2017/p/g/2021/00/17/21/5oDhv736WGBWvD4DlldnkQ.jpg,downloaded_images\cars\mazda-3-deluxe-2017__1779543499-34\01.jpg,downloaded
1779543499-34,MAZDA 3 Deluxe 2017,car,https://n1-pstg.mioto.vn/cho_thue_xe_o_to_tu_lai_thue_xe_du_lich_danang/mazda_3_deluxe_2017/p/g/2019/05/13/12/AI76R3MbdDisPBNzS--arQ.jpg,downloaded_images\cars\mazda-3-deluxe-2017__1779543499-34\02.jpg,downloaded
1779543499-34,MAZDA 3 Deluxe 2017,car,https://n1-pstg.mioto.vn/cho_thue_xe_o_to_tu_lai_thue_xe_du_lich_danang/mazda_3_deluxe_2017/p/g/2021/00/17/21/o6ic_rOkbo5_4A65Zy7_YA.jpg,downloaded_images\cars\mazda-3-deluxe-2017__1779543499-34\03.jpg,downloaded
1779543499-34,MAZDA 3 Deluxe 2017,car,https://n1-pstg.mioto.vn/cho_thue_xe_o_to_tu_lai_thue_xe_du_lich_danang/mazda_3_deluxe_2017/p/g/2021/00/16/18/Rwq_a_9z0OoleMQeXwYaTQ.jpg,downloaded_images\cars\mazda-3-deluxe-2017__1779543499-34\04.jpg,downloaded
1779543499-34,MAZDA 3 Deluxe 2017,car,https://n1-pstg.mioto.vn/cho_thue_xe_o_to_tu_lai_thue_xe_du_lich_danang/mazda_3_deluxe_2017/p/g/2021/00/17/21/CxX4Kks27xlNqUIw-ETmkg.jpg,downloaded_images\cars\mazda-3-deluxe-2017__1779543499-34\05.jpg,downloaded
1779543499-34,MAZDA 3 Deluxe 2017,car,https://n1-pstg.mioto.vn/cho_thue_xe_o_to_tu_lai_thue_xe_du_lich_danang/mazda_3_deluxe_2017/p/g/2019/05/13/12/0V-S8X-lbOUgNN8HtizsXw.jpg,downloaded_images\cars\mazda-3-deluxe-2017__1779543499-34\06.jpg,downloaded
1779543499-34,MAZDA 3 Deluxe 2017,car,https://n1-pstg.mioto.vn/cho_thue_xe_o_to_tu_lai_thue_xe_du_lich_danang/mazda_3_deluxe_2017/p/g/2019/05/13/13/5hCUTzWdBU7ac6Kq7o08nQ.jpg,downloaded_images\cars\mazda-3-deluxe-2017__1779543499-34\07.jpg,downloaded
1779543499-34,MAZDA 3 Deluxe 2017,car,https://n1-pstg.mioto.vn/cho_thue_xe_o_to_tu_lai_thue_xe_du_lich_danang/mazda_3_deluxe_2017/p/g/2019/05/13/13/8EKWkxgTNXCznJhVJTxO2g.jpg,downloaded_images\cars\mazda-3-deluxe-2017__1779543499-34\08.jpg,downloaded
1779543499-34,MAZDA 3 Deluxe 2017,owner_avatar,https://n1-cstg.mioto.vn/m/avatars/avatar-8.png,downloaded_images\owner_avatars\1779543499-34.png,downloaded
1779543499-35,MITSUBISHI XPANDER 2023,car,https://n1-pstg.mioto.vn/cho_thue_xe_o_to_tu_lai_thue_xe_du_lich_danang/mitsubishi_xpander_2023/p/g/2026/04/15/15/nn3G09HVP74pd37nVkhI3g.jpg,downloaded_images\cars\mitsubishi-xpander-2023__1779543499-35\01.jpg,downloaded
1779543499-35,MITSUBISHI XPANDER 2023,car,https://n1-pstg.mioto.vn/cho_thue_xe_o_to_tu_lai_thue_xe_du_lich_danang/mitsubishi_xpander_2023/p/g/2026/04/15/15/nZG0_yER82ZflfWx85sWTw.jpg,downloaded_images\cars\mitsubishi-xpander-2023__1779543499-35\02.jpg,downloaded
1779543499-35,MITSUBISHI XPANDER 2023,car,https://n1-pstg.mioto.vn/cho_thue_xe_o_to_tu_lai_thue_xe_du_lich_danang/mitsubishi_xpander_2023/p/g/2026/04/15/15/SnGgcKCXmvUBY2FmF0FQug.jpg,downloaded_images\cars\mitsubishi-xpander-2023__1779543499-35\03.jpg,downloaded
1779543499-35,MITSUBISHI XPANDER 2023,car,https://n1-pstg.mioto.vn/cho_thue_xe_o_to_tu_lai_thue_xe_du_lich_danang/mitsubishi_xpander_2023/p/g/2026/04/15/15/gRYQuIQyf2Eu8MAaw4puOA.jpg,downloaded_images\cars\mitsubishi-xpander-2023__1779543499-35\04.jpg,downloaded
1779543499-35,MITSUBISHI XPANDER 2023,car,https://n1-pstg.mioto.vn/cho_thue_xe_o_to_tu_lai_thue_xe_du_lich_danang/mitsubishi_xpander_2023/p/g/2026/04/15/15/TrAKl1h7JwprmoI_ykq4ag.jpg,downloaded_images\cars\mitsubishi-xpander-2023__1779543499-35\05.jpg,downloaded
1779543499-35,MITSUBISHI XPANDER 2023,owner_avatar,https://n1-cstg.mioto.vn/m/avatars/avatar-3.png,downloaded_images\owner_avatars\1779543499-35.png,downloaded
1779543499-36,MITSUBISHI OUTLANDER 2019,car,https://n1-pstg.mioto.vn/cho_thue_xe_o_to_tu_lai_thue_xe_du_lich_danang/mitsubishi_outlander_2019/p/g/2026/04/15/09/cIjypia_I6Wxn3K6_4DoPA.jpg,downloaded_images\cars\mitsubishi-outlander-2019__1779543499-36\01.jpg,downloaded
1779543499-36,MITSUBISHI OUTLANDER 2019,car,https://n1-pstg.mioto.vn/cho_thue_xe_o_to_tu_lai_thue_xe_du_lich_danang/mitsubishi_outlander_2019/p/g/2026/04/15/09/obSjk0WKcNJtRVRxMYKj1w.jpg,downloaded_images\cars\mitsubishi-outlander-2019__1779543499-36\02.jpg,downloaded
1779543499-36,MITSUBISHI OUTLANDER 2019,car,https://n1-pstg.mioto.vn/cho_thue_xe_o_to_tu_lai_thue_xe_du_lich_danang/mitsubishi_outlander_2019/p/g/2026/04/15/09/o-IoCNJia4jNiM87YoLKNw.jpg,downloaded_images\cars\mitsubishi-outlander-2019__1779543499-36\03.jpg,downloaded
1779543499-36,MITSUBISHI OUTLANDER 2019,car,https://n1-pstg.mioto.vn/cho_thue_xe_o_to_tu_lai_thue_xe_du_lich_danang/mitsubishi_outlander_2019/p/g/2026/04/15/09/GDypCFfyqPfWAcDp88-laA.jpg,downloaded_images\cars\mitsubishi-outlander-2019__1779543499-36\04.jpg,downloaded
1779543499-36,MITSUBISHI OUTLANDER 2019,car,https://n1-pstg.mioto.vn/cho_thue_xe_o_to_tu_lai_thue_xe_du_lich_danang/mitsubishi_outlander_2019/p/g/2026/04/15/09/LrTz2fPRbMZbBhU5-3K0IA.jpg,downloaded_images\cars\mitsubishi-outlander-2019__1779543499-36\05.jpg,downloaded
1779543499-36,MITSUBISHI OUTLANDER 2019,owner_avatar,https://n1-astg.mioto.vn/g/2026/04/15/12/OCKg-ZAaqmev5AJNFtddWg.jpg,downloaded_images\owner_avatars\1779543499-36.jpg,downloaded
1779543499-37,MG5 STANDARD 2025,car,https://n1-pstg.mioto.vn/cho_thue_xe_o_to_tu_lai_thue_xe_du_lich_danang/mg5_standard_2025/p/g/2026/02/23/00/ycIjXk9E2WYqQ_4oW5_CoQ.jpg,downloaded_images\cars\mg5-standard-2025__1779543499-37\01.jpg,downloaded
1779543499-37,MG5 STANDARD 2025,car,https://n1-pstg.mioto.vn/cho_thue_xe_o_to_tu_lai_thue_xe_du_lich_danang/mg5_standard_2025/p/g/2026/02/23/00/rhK-yXEDwpEyfJbocZshbw.jpg,downloaded_images\cars\mg5-standard-2025__1779543499-37\02.jpg,downloaded
1779543499-37,MG5 STANDARD 2025,car,https://n1-pstg.mioto.vn/cho_thue_xe_o_to_tu_lai_thue_xe_du_lich_danang/mg5_standard_2025/p/g/2026/02/23/00/bBmb6jjyDpD_KFfdSzUDyg.jpg,downloaded_images\cars\mg5-standard-2025__1779543499-37\03.jpg,downloaded
1779543499-37,MG5 STANDARD 2025,owner_avatar,https://n1-astg.mioto.vn/g/2025/01/20/00/dZq5dLKbKf-vECH82iIh8g.jpg,downloaded_images\owner_avatars\1779543499-37.jpg,downloaded
1779543499-38,TOYOTA AVANZA 2023,car,https://n1-pstg.mioto.vn/cho_thue_xe_o_to_tu_lai_thue_xe_du_lich_danang/toyota_avanza_2023/p/g/2024/01/28/10/nuXaYLqElMAB9UOYWBtgKA.jpg,downloaded_images\cars\toyota-avanza-2023__1779543499-38\01.jpg,downloaded
1779543499-38,TOYOTA AVANZA 2023,car,https://n1-pstg.mioto.vn/cho_thue_xe_o_to_tu_lai_thue_xe_du_lich_danang/toyota_avanza_2023/p/g/2024/01/28/10/nJAuuB3fdRGBIFERyCA9Kg.jpg,downloaded_images\cars\toyota-avanza-2023__1779543499-38\02.jpg,downloaded
1779543499-38,TOYOTA AVANZA 2023,car,https://n1-pstg.mioto.vn/cho_thue_xe_o_to_tu_lai_thue_xe_du_lich_danang/toyota_avanza_2023/p/g/2024/01/28/10/eDQoyGptfDJpAKU_cFSI5g.jpg,downloaded_images\cars\toyota-avanza-2023__1779543499-38\03.jpg,downloaded
1779543499-38,TOYOTA AVANZA 2023,car,https://n1-pstg.mioto.vn/cho_thue_xe_o_to_tu_lai_thue_xe_du_lich_danang/toyota_avanza_2023/p/g/2024/01/28/10/KPi4Yt_UYHtyUpn3X9KzWQ.jpg,downloaded_images\cars\toyota-avanza-2023__1779543499-38\04.jpg,downloaded
1779543499-38,TOYOTA AVANZA 2023,car,https://n1-pstg.mioto.vn/cho_thue_xe_o_to_tu_lai_thue_xe_du_lich_danang/toyota_avanza_2023/p/g/2024/01/28/10/fbxvfJzc-03i8b-Ng2fkiQ.jpg,downloaded_images\cars\toyota-avanza-2023__1779543499-38\05.jpg,downloaded
1779543499-38,TOYOTA AVANZA 2023,owner_avatar,https://n1-cstg.mioto.vn/m/avatars/avatar-2.png,downloaded_images\owner_avatars\1779543499-38.png,downloaded
1779543499-39,MITSUBISHI ATTRAGE 2018,car,https://n1-pstg.mioto.vn/cho_thue_xe_o_to_tu_lai_thue_xe_du_lich_danang/mitsubishi_attrage_2018/p/g/2023/08/20/10/DGVwJwX_Onz0jnOazcnzDA.jpg,downloaded_images\cars\mitsubishi-attrage-2018__1779543499-39\01.jpg,downloaded
1779543499-39,MITSUBISHI ATTRAGE 2018,car,https://n1-pstg.mioto.vn/cho_thue_xe_o_to_tu_lai_thue_xe_du_lich_danang/mitsubishi_attrage_2018/p/g/2023/08/20/10/woIR_gdwVKHh52sX88QSBQ.jpg,downloaded_images\cars\mitsubishi-attrage-2018__1779543499-39\02.jpg,downloaded
1779543499-39,MITSUBISHI ATTRAGE 2018,car,https://n1-pstg.mioto.vn/cho_thue_xe_o_to_tu_lai_thue_xe_du_lich_danang/mitsubishi_attrage_2018/p/g/2023/08/20/10/FbvpKSjPeE9Y0v6QG9PRCg.jpg,downloaded_images\cars\mitsubishi-attrage-2018__1779543499-39\03.jpg,downloaded
1779543499-39,MITSUBISHI ATTRAGE 2018,car,https://n1-pstg.mioto.vn/cho_thue_xe_o_to_tu_lai_thue_xe_du_lich_danang/mitsubishi_attrage_2018/p/g/2023/08/20/10/GP8qxxf1AZoyS2VIXAowew.jpg,downloaded_images\cars\mitsubishi-attrage-2018__1779543499-39\04.jpg,downloaded
1779543499-39,MITSUBISHI ATTRAGE 2018,owner_avatar,https://n1-astg.mioto.vn/g/2023/09/05/10/EtyNkoxnUlCAejIrfYrv3Q.jpg,downloaded_images\owner_avatars\1779543499-39.jpg,downloaded
1779543499-40,MAZDA 2 2024,car,https://n1-pstg.mioto.vn/cho_thue_xe_o_to_tu_lai_thue_xe_du_lich_danang/mazda_2_2024/p/g/2024/09/03/17/W0f5QcByIdPD9RO7wuQ9iw.jpg,downloaded_images\cars\mazda-2-2024__1779543499-40\01.jpg,downloaded
1779543499-40,MAZDA 2 2024,car,https://n1-pstg.mioto.vn/cho_thue_xe_o_to_tu_lai_thue_xe_du_lich_danang/mazda_2_2024/p/g/2024/09/02/17/i90mjTcE0mdec7XkB0G2CA.jpg,downloaded_images\cars\mazda-2-2024__1779543499-40\02.jpg,downloaded
1779543499-40,MAZDA 2 2024,car,https://n1-pstg.mioto.vn/cho_thue_xe_o_to_tu_lai_thue_xe_du_lich_danang/mazda_2_2024/p/g/2024/09/02/17/JKiD2-nFTeCL0YfeMABz4g.jpg,downloaded_images\cars\mazda-2-2024__1779543499-40\03.jpg,downloaded
1779543499-40,MAZDA 2 2024,car,https://n1-pstg.mioto.vn/cho_thue_xe_o_to_tu_lai_thue_xe_du_lich_danang/mazda_2_2024/p/g/2024/09/03/17/yjP-64v3KyHaf0VMzBfYDw.jpg,downloaded_images\cars\mazda-2-2024__1779543499-40\04.jpg,downloaded
1779543499-40,MAZDA 2 2024,car,https://n1-pstg.mioto.vn/cho_thue_xe_o_to_tu_lai_thue_xe_du_lich_danang/mazda_2_2024/p/g/2024/09/03/17/ESLp8JKWpifax48sO0YFCw.jpg,downloaded_images\cars\mazda-2-2024__1779543499-40\05.jpg,downloaded
1779543499-40,MAZDA 2 2024,owner_avatar,https://n1-astg.mioto.vn/g/2024/09/06/21/qC0YdrmzaobPnceE1XoWNg.jpg,downloaded_images\owner_avatars\1779543499-40.jpg,downloaded
1779543499-41,MITSUBISHI XPANDER 2019,car,https://n1-pstg.mioto.vn/cho_thue_xe_o_to_tu_lai_thue_xe_du_lich_danang/mitsubishi_xpander_2019/p/g/2025/09/01/22/-ifgpcuwMKeI1UAY8BCSKA.jpg,downloaded_images\cars\mitsubishi-xpander-2019__1779543499-41\01.jpg,downloaded
1779543499-41,MITSUBISHI XPANDER 2019,car,https://n1-pstg.mioto.vn/cho_thue_xe_o_to_tu_lai_thue_xe_du_lich_danang/mitsubishi_xpander_2019/p/g/2025/09/01/22/1kQCO8UMFGAKGxIPc2vHIA.jpg,downloaded_images\cars\mitsubishi-xpander-2019__1779543499-41\02.jpg,downloaded
1779543499-41,MITSUBISHI XPANDER 2019,car,https://n1-pstg.mioto.vn/cho_thue_xe_o_to_tu_lai_thue_xe_du_lich_danang/mitsubishi_xpander_2019/p/g/2025/09/01/22/Z9SmIEcHyO0SfNA_pZu2IQ.jpg,downloaded_images\cars\mitsubishi-xpander-2019__1779543499-41\03.jpg,downloaded
1779543499-41,MITSUBISHI XPANDER 2019,car,https://n1-pstg.mioto.vn/cho_thue_xe_o_to_tu_lai_thue_xe_du_lich_danang/mitsubishi_xpander_2019/p/g/2025/09/01/22/A34zVoixDbU81da4gud9Ag.jpg,downloaded_images\cars\mitsubishi-xpander-2019__1779543499-41\04.jpg,downloaded
1779543499-41,MITSUBISHI XPANDER 2019,car,https://n1-pstg.mioto.vn/cho_thue_xe_o_to_tu_lai_thue_xe_du_lich_danang/mitsubishi_xpander_2019/p/g/2025/09/02/12/LpT0Og0g2L-WqJ6GvEoalw.jpg,downloaded_images\cars\mitsubishi-xpander-2019__1779543499-41\05.jpg,downloaded
1779543499-41,MITSUBISHI XPANDER 2019,owner_avatar,https://n1-astg.mioto.vn/g/2022/09/29/13/oRU2hV33SkjimnH4CtTgDA.jpg,downloaded_images\owner_avatars\1779543499-41.jpg,downloaded
1779543499-42,HYUNDAI VELOSER HATCHBACK 2011,car,https://n1-pstg.mioto.vn/cho_thue_xe_o_to_tu_lai_thue_xe_du_lich_danang/hyundai_veloser_hatchback_2011/p/g/2025/07/26/09/_5KyRe0iYODsxkDOm_q2RQ.jpg,downloaded_images\cars\hyundai-veloser-hatchback-2011__1779543499-42\01.jpg,downloaded
1779543499-42,HYUNDAI VELOSER HATCHBACK 2011,car,https://n1-pstg.mioto.vn/cho_thue_xe_o_to_tu_lai_thue_xe_du_lich_danang/hyundai_veloser_hatchback_2011/p/g/2025/07/26/09/8rqpw4c_7IWd49aYXANDvw.jpg,downloaded_images\cars\hyundai-veloser-hatchback-2011__1779543499-42\02.jpg,downloaded
1779543499-42,HYUNDAI VELOSER HATCHBACK 2011,car,https://n1-pstg.mioto.vn/cho_thue_xe_o_to_tu_lai_thue_xe_du_lich_danang/hyundai_veloser_hatchback_2011/p/g/2025/07/26/09/isuVj-8gsO78JrgUsJiuVw.jpg,downloaded_images\cars\hyundai-veloser-hatchback-2011__1779543499-42\03.jpg,downloaded
1779543499-42,HYUNDAI VELOSER HATCHBACK 2011,car,https://n1-pstg.mioto.vn/cho_thue_xe_o_to_tu_lai_thue_xe_du_lich_danang/hyundai_veloser_hatchback_2011/p/g/2025/07/26/09/kaJPMiZFLbCM3H07g4xp1Q.jpg,downloaded_images\cars\hyundai-veloser-hatchback-2011__1779543499-42\04.jpg,downloaded
1779543499-42,HYUNDAI VELOSER HATCHBACK 2011,car,https://n1-pstg.mioto.vn/cho_thue_xe_o_to_tu_lai_thue_xe_du_lich_danang/hyundai_veloser_hatchback_2011/p/g/2025/07/26/09/cZLVEB0qSCoZSU_W9OpJYw.jpg,downloaded_images\cars\hyundai-veloser-hatchback-2011__1779543499-42\05.jpg,downloaded
1779543499-42,HYUNDAI VELOSER HATCHBACK 2011,owner_avatar,https://n1-cstg.mioto.vn/m/avatars/avatar-3.png,downloaded_images\owner_avatars\1779543499-42.png,downloaded
1779543499-43,SUZUKI SWIFT HATCHBACK 2016,car,https://n1-pstg.mioto.vn/cho_thue_xe_o_to_tu_lai_thue_xe_du_lich_danang/suzuki_swift_hatchback_2016/p/g/2023/07/14/19/G5lI17BZbPi18h4hZJ_lnw.jpg,downloaded_images\cars\suzuki-swift-hatchback-2016__1779543499-43\01.jpg,downloaded
1779543499-43,SUZUKI SWIFT HATCHBACK 2016,car,https://n1-pstg.mioto.vn/cho_thue_xe_o_to_tu_lai_thue_xe_du_lich_danang/suzuki_swift_hatchback_2016/p/g/2023/07/14/19/dScNizL6DMe9jBu8gXa3NQ.jpg,downloaded_images\cars\suzuki-swift-hatchback-2016__1779543499-43\02.jpg,downloaded
1779543499-43,SUZUKI SWIFT HATCHBACK 2016,car,https://n1-pstg.mioto.vn/cho_thue_xe_o_to_tu_lai_thue_xe_du_lich_danang/suzuki_swift_hatchback_2016/p/g/2023/07/14/19/SBdarIvSwVhxn4Piu_WZrA.jpg,downloaded_images\cars\suzuki-swift-hatchback-2016__1779543499-43\03.jpg,downloaded
1779543499-43,SUZUKI SWIFT HATCHBACK 2016,car,https://n1-pstg.mioto.vn/cho_thue_xe_o_to_tu_lai_thue_xe_du_lich_danang/suzuki_swift_hatchback_2016/p/g/2023/07/14/19/KqBO43svqUpa3KUpCuB67g.jpg,downloaded_images\cars\suzuki-swift-hatchback-2016__1779543499-43\04.jpg,downloaded
1779543499-43,SUZUKI SWIFT HATCHBACK 2016,car,https://n1-pstg.mioto.vn/cho_thue_xe_o_to_tu_lai_thue_xe_du_lich_danang/suzuki_swift_hatchback_2016/p/g/2023/10/19/11/kDixFvOTw3qkwQGXxWQgfA.jpg,downloaded_images\cars\suzuki-swift-hatchback-2016__1779543499-43\05.jpg,downloaded
1779543499-43,SUZUKI SWIFT HATCHBACK 2016,owner_avatar,https://n1-astg.mioto.vn/g/2023/06/17/13/050XmQBcrlmulVlxOvUC2Q.jpg,downloaded_images\owner_avatars\1779543499-43.jpg,downloaded
1779543499-44,VINFAST VF5 2024,car,https://n1-pstg.mioto.vn/cho_thue_xe_o_to_tu_lai_thue_xe_du_lich_danang/vinfast_vf5_2024/p/g/2026/01/25/17/k-Z6a1gF_hSH-NqpPHsDjA.jpg,downloaded_images\cars\vinfast-vf5-2024__1779543499-44\01.jpg,downloaded
1779543499-44,VINFAST VF5 2024,car,https://n1-pstg.mioto.vn/cho_thue_xe_o_to_tu_lai_thue_xe_du_lich_danang/vinfast_vf5_2024/p/g/2026/01/25/17/oXAZv4SxCO_MJVHJJGLkNA.jpg,downloaded_images\cars\vinfast-vf5-2024__1779543499-44\02.jpg,downloaded
1779543499-44,VINFAST VF5 2024,car,https://n1-pstg.mioto.vn/cho_thue_xe_o_to_tu_lai_thue_xe_du_lich_danang/vinfast_vf5_2024/p/g/2026/01/25/17/uy-zbX85tsWlA81QPjlU0g.jpg,downloaded_images\cars\vinfast-vf5-2024__1779543499-44\03.jpg,downloaded
1779543499-44,VINFAST VF5 2024,car,https://n1-pstg.mioto.vn/cho_thue_xe_o_to_tu_lai_thue_xe_du_lich_danang/vinfast_vf5_2024/p/g/2026/01/25/17/LQscOrgEtmIb1RfvX7ZOAg.jpg,downloaded_images\cars\vinfast-vf5-2024__1779543499-44\04.jpg,downloaded
1779543499-44,VINFAST VF5 2024,car,https://n1-pstg.mioto.vn/cho_thue_xe_o_to_tu_lai_thue_xe_du_lich_danang/vinfast_vf5_2024/p/g/2026/01/25/17/BGAsm2aCNbrrEnMfTuFcsw.jpg,downloaded_images\cars\vinfast-vf5-2024__1779543499-44\05.jpg,downloaded
1779543499-44,VINFAST VF5 2024,owner_avatar,https://n1-astg.mioto.vn/g/2026/02/08/19/3ZfI2cYvXmBunmQCLiDxJw.jpg,downloaded_images\owner_avatars\1779543499-44.jpg,downloaded
1779543499-45,HONDA CITY RS 2025,car,https://n1-pstg.mioto.vn/cho_thue_xe_o_to_tu_lai_thue_xe_du_lich_danang/honda_city_rs_2025/p/g/2026/02/08/16/5xu4tkTw8SfcxjP4LDi9SQ.jpg,downloaded_images\cars\honda-city-rs-2025__1779543499-45\01.jpg,downloaded
1779543499-45,HONDA CITY RS 2025,car,https://n1-pstg.mioto.vn/cho_thue_xe_o_to_tu_lai_thue_xe_du_lich_danang/honda_city_rs_2025/p/g/2026/02/08/16/kp74cZ7dI1rZJy0b9Lm_-g.jpg,downloaded_images\cars\honda-city-rs-2025__1779543499-45\02.jpg,downloaded
1779543499-45,HONDA CITY RS 2025,car,https://n1-pstg.mioto.vn/cho_thue_xe_o_to_tu_lai_thue_xe_du_lich_danang/honda_city_rs_2025/p/g/2026/02/08/16/GSg_izx2h3nIzZvWUIbS5w.jpg,downloaded_images\cars\honda-city-rs-2025__1779543499-45\03.jpg,downloaded
1779543499-45,HONDA CITY RS 2025,car,https://n1-pstg.mioto.vn/cho_thue_xe_o_to_tu_lai_thue_xe_du_lich_danang/honda_city_rs_2025/p/g/2026/02/08/16/IciUrqOSN99Wskck0rX8FA.jpg,downloaded_images\cars\honda-city-rs-2025__1779543499-45\04.jpg,downloaded
1779543499-45,HONDA CITY RS 2025,owner_avatar,https://n1-astg.mioto.vn/g/2026/02/25/11/PAAaQ1erdeM1hjBEcDWhEA.jpg,downloaded_images\owner_avatars\1779543499-45.jpg,downloaded
1779543499-46,VINFAST LUX A 2021,car,https://n1-pstg.mioto.vn/cho_thue_xe_o_to_tu_lai_thue_xe_du_lich_danang/vinfast_lux_a_2021/p/g/2026/03/27/19/5b_vjxUlcH6F_XRfukB4jQ.jpg,downloaded_images\cars\vinfast-lux-a-2021__1779543499-46\01.jpg,downloaded
1779543499-46,VINFAST LUX A 2021,car,https://n1-pstg.mioto.vn/cho_thue_xe_o_to_tu_lai_thue_xe_du_lich_danang/vinfast_lux_a_2021/p/g/2026/03/27/19/7u8M5dZ4jWiwT46r2c28Aw.jpg,downloaded_images\cars\vinfast-lux-a-2021__1779543499-46\02.jpg,downloaded
1779543499-46,VINFAST LUX A 2021,car,https://n1-pstg.mioto.vn/cho_thue_xe_o_to_tu_lai_thue_xe_du_lich_danang/vinfast_lux_a_2021/p/g/2026/03/27/19/Z4EfghinkBD_Sqi87KD8Lg.jpg,downloaded_images\cars\vinfast-lux-a-2021__1779543499-46\03.jpg,downloaded
1779543499-46,VINFAST LUX A 2021,car,https://n1-pstg.mioto.vn/cho_thue_xe_o_to_tu_lai_thue_xe_du_lich_danang/vinfast_lux_a_2021/p/g/2026/03/30/12/Id07NL0ilDQz4I5Tjpz-Mw.jpg,downloaded_images\cars\vinfast-lux-a-2021__1779543499-46\04.jpg,downloaded
1779543499-46,VINFAST LUX A 2021,car,https://n1-pstg.mioto.vn/cho_thue_xe_o_to_tu_lai_thue_xe_du_lich_danang/vinfast_lux_a_2021/p/g/2026/04/10/15/Z105oLE_bZ7jGedCWW67Qg.jpg,downloaded_images\cars\vinfast-lux-a-2021__1779543499-46\05.jpg,downloaded
1779543499-46,VINFAST LUX A 2021,car,https://n1-pstg.mioto.vn/cho_thue_xe_o_to_tu_lai_thue_xe_du_lich_danang/vinfast_lux_a_2021/p/g/2026/03/30/12/we7bMXsyrvmteUM9l8TZpw.jpg,downloaded_images\cars\vinfast-lux-a-2021__1779543499-46\06.jpg,downloaded
1779543499-46,VINFAST LUX A 2021,owner_avatar,https://n1-astg.mioto.vn/g/2024/04/10/12/cEPo_fgygdWXOekSVESyqg.jpg,downloaded_images\owner_avatars\1779543499-46.jpg,downloaded
1779543499-47,MITSUBISHI ATTRAGE 2024,car,https://n1-pstg.mioto.vn/cho_thue_xe_o_to_tu_lai_thue_xe_du_lich_danang/mitsubishi_attrage_2024/p/g/2025/08/08/14/d76rJjHn6uWOmmvGtEcNAA.jpg,downloaded_images\cars\mitsubishi-attrage-2024__1779543499-47\01.jpg,downloaded
1779543499-47,MITSUBISHI ATTRAGE 2024,car,https://n1-pstg.mioto.vn/cho_thue_xe_o_to_tu_lai_thue_xe_du_lich_danang/mitsubishi_attrage_2024/p/g/2025/08/05/17/YagfXkgM909Y9JZh9oioAQ.jpg,downloaded_images\cars\mitsubishi-attrage-2024__1779543499-47\02.jpg,downloaded
1779543499-47,MITSUBISHI ATTRAGE 2024,car,https://n1-pstg.mioto.vn/cho_thue_xe_o_to_tu_lai_thue_xe_du_lich_danang/mitsubishi_attrage_2024/p/g/2025/08/05/17/0vls7SsJw0FghKbrsnMgQA.jpg,downloaded_images\cars\mitsubishi-attrage-2024__1779543499-47\03.jpg,downloaded
1779543499-47,MITSUBISHI ATTRAGE 2024,car,https://n1-pstg.mioto.vn/cho_thue_xe_o_to_tu_lai_thue_xe_du_lich_danang/mitsubishi_attrage_2024/p/g/2025/08/05/17/vhmgAV_QrGf303S9-O-ftw.jpg,downloaded_images\cars\mitsubishi-attrage-2024__1779543499-47\04.jpg,downloaded
1779543499-47,MITSUBISHI ATTRAGE 2024,car,https://n1-pstg.mioto.vn/cho_thue_xe_o_to_tu_lai_thue_xe_du_lich_danang/mitsubishi_attrage_2024/p/g/2025/08/05/17/xwezbUJhSq6e01y-9vrMnw.jpg,downloaded_images\cars\mitsubishi-attrage-2024__1779543499-47\05.jpg,downloaded
1779543499-47,MITSUBISHI ATTRAGE 2024,car,https://n1-pstg.mioto.vn/cho_thue_xe_o_to_tu_lai_thue_xe_du_lich_danang/mitsubishi_attrage_2024/p/g/2025/08/05/17/S36UMOrCUpeFddZXyYmFBg.jpg,downloaded_images\cars\mitsubishi-attrage-2024__1779543499-47\06.jpg,downloaded
1779543499-47,MITSUBISHI ATTRAGE 2024,owner_avatar,https://n1-astg.mioto.vn/g/2023/05/17/10/g6JfAUyIIHXhsNMsy2SU4A.jpg,downloaded_images\owner_avatars\1779543499-47.jpg,downloaded
1779543499-48,VINFAST VF3 2025,car,https://n1-pstg.mioto.vn/cho_thue_xe_o_to_tu_lai_thue_xe_du_lich_danang/vinfast_vf3_2025/p/g/2025/08/10/09/4QH25KDUP3jVRoGtVUUgvQ.jpg,downloaded_images\cars\vinfast-vf3-2025__1779543499-48\01.jpg,downloaded
1779543499-48,VINFAST VF3 2025,car,https://n1-pstg.mioto.vn/cho_thue_xe_o_to_tu_lai_thue_xe_du_lich_danang/vinfast_vf3_2025/p/g/2025/08/10/09/g31kuCjsFZ0GnEISG-hmIg.jpg,downloaded_images\cars\vinfast-vf3-2025__1779543499-48\02.jpg,downloaded
1779543499-48,VINFAST VF3 2025,car,https://n1-pstg.mioto.vn/cho_thue_xe_o_to_tu_lai_thue_xe_du_lich_danang/vinfast_vf3_2025/p/g/2025/08/10/09/A8SLGxyvpSJQKoUv86QETg.jpg,downloaded_images\cars\vinfast-vf3-2025__1779543499-48\03.jpg,downloaded
1779543499-48,VINFAST VF3 2025,car,https://n1-pstg.mioto.vn/cho_thue_xe_o_to_tu_lai_thue_xe_du_lich_danang/vinfast_vf3_2025/p/g/2025/08/10/09/-IOsqErz1WzVng7MQ5v30g.jpg,downloaded_images\cars\vinfast-vf3-2025__1779543499-48\04.jpg,downloaded
1779543499-48,VINFAST VF3 2025,owner_avatar,https://n1-astg.mioto.vn/g/2026/02/30/09/hcZnvuWgZB4ZNefq8TM3oQ.jpg,downloaded_images\owner_avatars\1779543499-48.jpg,downloaded
1779543499-49,HYUNDAI SANTAFE 2024,car,https://n1-pstg.mioto.vn/cho_thue_xe_o_to_tu_lai_thue_xe_du_lich_danang/hyundai_santafe_2024/p/g/2026/03/04/16/ZCmZrUesK9q4xMsASbyCKw.jpg,downloaded_images\cars\hyundai-santafe-2024__1779543499-49\01.jpg,downloaded
1779543499-49,HYUNDAI SANTAFE 2024,owner_avatar,https://n1-cstg.mioto.vn/m/avatars/avatar-1.png,downloaded_images\owner_avatars\1779543499-49.png,downloaded
1779543499-50,MAZDA 3 LUXURY 2024,car,https://n1-pstg.mioto.vn/cho_thue_xe_o_to_tu_lai_thue_xe_du_lich_danang/mazda_3_luxury_2024/p/g/2025/07/17/12/fuMBv8Z9pyXaYSmGbnitgQ.jpg,downloaded_images\cars\mazda-3-luxury-2024__1779543499-50\01.jpg,downloaded
1779543499-50,MAZDA 3 LUXURY 2024,car,https://n1-pstg.mioto.vn/cho_thue_xe_o_to_tu_lai_thue_xe_du_lich_danang/mazda_3_luxury_2024/p/g/2025/07/17/12/eJHr97mB63bhBB3q3J5V7w.jpg,downloaded_images\cars\mazda-3-luxury-2024__1779543499-50\02.jpg,downloaded
1779543499-50,MAZDA 3 LUXURY 2024,car,https://n1-pstg.mioto.vn/cho_thue_xe_o_to_tu_lai_thue_xe_du_lich_danang/mazda_3_luxury_2024/p/g/2025/07/17/12/lsFv8211qG_m3_k7eVgdlw.jpg,downloaded_images\cars\mazda-3-luxury-2024__1779543499-50\03.jpg,downloaded
1779543499-50,MAZDA 3 LUXURY 2024,car,https://n1-pstg.mioto.vn/cho_thue_xe_o_to_tu_lai_thue_xe_du_lich_danang/mazda_3_luxury_2024/p/g/2025/07/17/12/e6HjBSXgFUo59L2CbOKUUQ.jpg,downloaded_images\cars\mazda-3-luxury-2024__1779543499-50\04.jpg,downloaded
1779543499-50,MAZDA 3 LUXURY 2024,car,https://n1-pstg.mioto.vn/cho_thue_xe_o_to_tu_lai_thue_xe_du_lich_danang/mazda_3_luxury_2024/p/g/2025/07/17/12/sgvB3xUH-Len-63p6qKWyw.jpg,downloaded_images\cars\mazda-3-luxury-2024__1779543499-50\05.jpg,downloaded
1779543499-50,MAZDA 3 LUXURY 2024,owner_avatar,https://n1-astg.mioto.vn/g/2025/07/23/00/x26tRZ7zufl5QBznXeztqQ.jpg,downloaded_images\owner_avatars\1779543499-50.jpg,downloaded
1779543499-51,KIA SORENTO PREMIUM  2018,car,https://n1-pstg.mioto.vn/cho_thue_xe_o_to_tu_lai_thue_xe_du_lich_danang/kia_sorento_premium__2018/p/g/2026/02/18/21/1rtJrnsoclr3LGauIZ2qSg.jpg,downloaded_images\cars\kia-sorento-premium-2018__1779543499-51\01.jpg,downloaded
1779543499-51,KIA SORENTO PREMIUM  2018,car,https://n1-pstg.mioto.vn/cho_thue_xe_o_to_tu_lai_thue_xe_du_lich_danang/kia_sorento_premium__2018/p/g/2026/02/18/21/PR8gU1lUOn86HQHsRiMzeg.jpg,downloaded_images\cars\kia-sorento-premium-2018__1779543499-51\02.jpg,downloaded
1779543499-51,KIA SORENTO PREMIUM  2018,car,https://n1-pstg.mioto.vn/cho_thue_xe_o_to_tu_lai_thue_xe_du_lich_danang/kia_sorento_premium__2018/p/g/2026/02/18/21/oJRD5izsrqIoTsshrr-3tw.jpg,downloaded_images\cars\kia-sorento-premium-2018__1779543499-51\03.jpg,downloaded
1779543499-51,KIA SORENTO PREMIUM  2018,car,https://n1-pstg.mioto.vn/cho_thue_xe_o_to_tu_lai_thue_xe_du_lich_danang/kia_sorento_premium__2018/p/g/2026/02/18/21/x9haDZ2Wgn0nVSG5f984fA.jpg,downloaded_images\cars\kia-sorento-premium-2018__1779543499-51\04.jpg,downloaded
1779543499-51,KIA SORENTO PREMIUM  2018,owner_avatar,https://n1-cstg.mioto.vn/m/avatars/avatar-3.png,downloaded_images\owner_avatars\1779543499-51.png,downloaded
1779543499-52,VINFAST VF3 2025,car,https://n1-pstg.mioto.vn/cho_thue_xe_o_to_tu_lai_thue_xe_du_lich_danang/vinfast_vf3_2025/p/g/2025/09/15/16/xibHBwmlOv0Ae-_3_QjMuQ.jpg,downloaded_images\cars\vinfast-vf3-2025__1779543499-52\01.jpg,downloaded
1779543499-52,VINFAST VF3 2025,car,https://n1-pstg.mioto.vn/cho_thue_xe_o_to_tu_lai_thue_xe_du_lich_danang/vinfast_vf3_2025/p/g/2025/09/15/16/LvvVARRuEpxgwTsmL0vSqQ.jpg,downloaded_images\cars\vinfast-vf3-2025__1779543499-52\02.jpg,downloaded
1779543499-52,VINFAST VF3 2025,car,https://n1-pstg.mioto.vn/cho_thue_xe_o_to_tu_lai_thue_xe_du_lich_danang/vinfast_vf3_2025/p/g/2025/09/15/16/k-nvsep7sbt_o8PJ5uIhXQ.jpg,downloaded_images\cars\vinfast-vf3-2025__1779543499-52\03.jpg,downloaded
1779543499-52,VINFAST VF3 2025,car,https://n1-pstg.mioto.vn/cho_thue_xe_o_to_tu_lai_thue_xe_du_lich_danang/vinfast_vf3_2025/p/g/2025/09/15/16/DDOxSmRx6N7Aisz4_6jKbw.jpg,downloaded_images\cars\vinfast-vf3-2025__1779543499-52\04.jpg,downloaded
1779543499-52,VINFAST VF3 2025,car,https://n1-pstg.mioto.vn/cho_thue_xe_o_to_tu_lai_thue_xe_du_lich_danang/vinfast_vf3_2025/p/g/2025/09/15/16/u05uR55f-L61gz6W3-c5tw.jpg,downloaded_images\cars\vinfast-vf3-2025__1779543499-52\05.jpg,downloaded
1779543499-52,VINFAST VF3 2025,owner_avatar,https://n1-cstg.mioto.vn/m/avatars/avatar-5.png,downloaded_images\owner_avatars\1779543499-52.png,downloaded
1779543499-53,VINFAST VF3 2026,car,https://n1-pstg.mioto.vn/cho_thue_xe_o_to_tu_lai_thue_xe_du_lich_danang/vinfast_vf3_2026/p/g/2026/03/20/14/xE1Ilzm9rb7ty8FhaP4_MQ.jpg,downloaded_images\cars\vinfast-vf3-2026__1779543499-53\01.jpg,downloaded
1779543499-53,VINFAST VF3 2026,car,https://n1-pstg.mioto.vn/cho_thue_xe_o_to_tu_lai_thue_xe_du_lich_danang/vinfast_vf3_2026/p/g/2026/03/20/14/S0xEI1veY_CBpmapN--sJA.jpg,downloaded_images\cars\vinfast-vf3-2026__1779543499-53\02.jpg,downloaded
1779543499-53,VINFAST VF3 2026,car,https://n1-pstg.mioto.vn/cho_thue_xe_o_to_tu_lai_thue_xe_du_lich_danang/vinfast_vf3_2026/p/g/2026/03/20/14/RjTMmKUtUnlBSHk27xXQ0A.jpg,downloaded_images\cars\vinfast-vf3-2026__1779543499-53\03.jpg,downloaded
1779543499-53,VINFAST VF3 2026,car,https://n1-pstg.mioto.vn/cho_thue_xe_o_to_tu_lai_thue_xe_du_lich_danang/vinfast_vf3_2026/p/g/2026/03/20/14/aAi0chDCn2P11-tzTK-uPw.jpg,downloaded_images\cars\vinfast-vf3-2026__1779543499-53\04.jpg,downloaded
1779543499-53,VINFAST VF3 2026,car,https://n1-pstg.mioto.vn/cho_thue_xe_o_to_tu_lai_thue_xe_du_lich_danang/vinfast_vf3_2026/p/g/2026/03/20/14/oI24G3Uo0mTuvVDiXE6Iag.jpg,downloaded_images\cars\vinfast-vf3-2026__1779543499-53\05.jpg,downloaded
1779543499-53,VINFAST VF3 2026,owner_avatar,https://n1-astg.mioto.vn/g/2026/01/23/17/GvpANQkWKLVOcpnOnrXzlg.jpg,downloaded_images\owner_avatars\1779543499-53.jpg,downloaded
1779543499-54,HONDA CITY 2016,car,https://n1-pstg.mioto.vn/cho_thue_xe_o_to_tu_lai_thue_xe_du_lich_danang/honda_city_2016/p/g/2026/00/08/15/jmosQr4wmM78ks_U2xox0A.jpg,downloaded_images\cars\honda-city-2016__1779543499-54\01.jpg,downloaded
1779543499-54,HONDA CITY 2016,car,https://n1-pstg.mioto.vn/cho_thue_xe_o_to_tu_lai_thue_xe_du_lich_danang/honda_city_2016/p/g/2026/00/08/15/0gHCiQAe5C0n-5EE1YsGLw.jpg,downloaded_images\cars\honda-city-2016__1779543499-54\02.jpg,downloaded
1779543499-54,HONDA CITY 2016,car,https://n1-pstg.mioto.vn/cho_thue_xe_o_to_tu_lai_thue_xe_du_lich_danang/honda_city_2016/p/g/2026/00/08/15/on5Dmci7gnTV2Pk4CZUE1A.jpg,downloaded_images\cars\honda-city-2016__1779543499-54\03.jpg,downloaded
1779543499-54,HONDA CITY 2016,car,https://n1-pstg.mioto.vn/cho_thue_xe_o_to_tu_lai_thue_xe_du_lich_danang/honda_city_2016/p/g/2026/00/08/15/fpUBDmEUkT-FaqRWw4bL_A.jpg,downloaded_images\cars\honda-city-2016__1779543499-54\04.jpg,downloaded
1779543499-54,HONDA CITY 2016,car,https://n1-pstg.mioto.vn/cho_thue_xe_o_to_tu_lai_thue_xe_du_lich_danang/honda_city_2016/p/g/2026/00/08/15/ITHK52k8d9XaKDqyT2z-lA.jpg,downloaded_images\cars\honda-city-2016__1779543499-54\05.jpg,downloaded
1779543499-54,HONDA CITY 2016,owner_avatar,https://n1-astg.mioto.vn/g/2026/02/19/21/tMFF7txnb1XTwQuncIU3Jg.jpg,downloaded_images\owner_avatars\1779543499-54.jpg,downloaded
1779543499-55,MITSUBISHI XPANDER 2024,car,https://n1-pstg.mioto.vn/cho_thue_xe_o_to_tu_lai_thue_xe_du_lich_danang/mitsubishi_xpander_2024/p/g/2025/09/16/07/dVXESlRjv14aUmmrHIlCcg.jpg,downloaded_images\cars\mitsubishi-xpander-2024__1779543499-55\01.jpg,downloaded
1779543499-55,MITSUBISHI XPANDER 2024,car,https://n1-pstg.mioto.vn/cho_thue_xe_o_to_tu_lai_thue_xe_du_lich_danang/mitsubishi_xpander_2024/p/g/2025/06/12/14/6A6a8O9SENYAphhrLNeWtQ.jpg,downloaded_images\cars\mitsubishi-xpander-2024__1779543499-55\02.jpg,downloaded
1779543499-55,MITSUBISHI XPANDER 2024,car,https://n1-pstg.mioto.vn/cho_thue_xe_o_to_tu_lai_thue_xe_du_lich_danang/mitsubishi_xpander_2024/p/g/2025/09/16/07/XhvtWaH5MEu-TX9w-GtLhw.jpg,downloaded_images\cars\mitsubishi-xpander-2024__1779543499-55\03.jpg,downloaded
1779543499-55,MITSUBISHI XPANDER 2024,car,https://n1-pstg.mioto.vn/cho_thue_xe_o_to_tu_lai_thue_xe_du_lich_danang/mitsubishi_xpander_2024/p/g/2025/06/12/13/hwTiAkRaQIszYwCdQWAuvQ.jpg,downloaded_images\cars\mitsubishi-xpander-2024__1779543499-55\04.jpg,downloaded
1779543499-55,MITSUBISHI XPANDER 2024,car,https://n1-pstg.mioto.vn/cho_thue_xe_o_to_tu_lai_thue_xe_du_lich_danang/mitsubishi_xpander_2024/p/g/2025/06/12/13/4OR0tQC1Ia6Ar45aYvnPBw.jpg,downloaded_images\cars\mitsubishi-xpander-2024__1779543499-55\05.jpg,downloaded
1779543499-55,MITSUBISHI XPANDER 2024,car,https://n1-pstg.mioto.vn/cho_thue_xe_o_to_tu_lai_thue_xe_du_lich_danang/mitsubishi_xpander_2024/p/g/2025/09/16/07/2ro7jPbIcQeNHWUxTBeg9g.jpg,downloaded_images\cars\mitsubishi-xpander-2024__1779543499-55\06.jpg,downloaded
1779543499-55,MITSUBISHI XPANDER 2024,car,https://n1-pstg.mioto.vn/cho_thue_xe_o_to_tu_lai_thue_xe_du_lich_danang/mitsubishi_xpander_2024/p/g/2025/06/12/14/5g_4aBw82-aH0zeh-eW_Lw.jpg,downloaded_images\cars\mitsubishi-xpander-2024__1779543499-55\07.jpg,downloaded
1779543499-55,MITSUBISHI XPANDER 2024,owner_avatar,https://n1-astg.mioto.vn/g/2024/06/07/15/sbyqYX3AQKxXEZaV3jReLA.jpg,downloaded_images\owner_avatars\1779543499-55.jpg,downloaded
1779543499-56,MITSUBISHI OUTLANDER 2018,car,https://n1-pstg.mioto.vn/cho_thue_xe_o_to_tu_lai_thue_xe_du_lich_danang/mitsubishi_outlander_2018/p/g/2026/01/23/09/EGzQN5CEZ8dX7nZznC7e6g.jpg,downloaded_images\cars\mitsubishi-outlander-2018__1779543499-56\01.jpg,downloaded
1779543499-56,MITSUBISHI OUTLANDER 2018,car,https://n1-pstg.mioto.vn/cho_thue_xe_o_to_tu_lai_thue_xe_du_lich_danang/mitsubishi_outlander_2018/p/g/2026/01/23/09/lbSPVroqDzoGFTyQjhMmEQ.jpg,downloaded_images\cars\mitsubishi-outlander-2018__1779543499-56\02.jpg,downloaded
1779543499-56,MITSUBISHI OUTLANDER 2018,car,https://n1-pstg.mioto.vn/cho_thue_xe_o_to_tu_lai_thue_xe_du_lich_danang/mitsubishi_outlander_2018/p/g/2026/01/23/09/8cVqx52H6iMPJUmDJxsMYQ.jpg,downloaded_images\cars\mitsubishi-outlander-2018__1779543499-56\03.jpg,downloaded
1779543499-56,MITSUBISHI OUTLANDER 2018,car,https://n1-pstg.mioto.vn/cho_thue_xe_o_to_tu_lai_thue_xe_du_lich_danang/mitsubishi_outlander_2018/p/g/2026/01/23/09/eVA2vGyixROoRJqSN8nWJg.jpg,downloaded_images\cars\mitsubishi-outlander-2018__1779543499-56\04.jpg,downloaded
1779543499-56,MITSUBISHI OUTLANDER 2018,car,https://n1-pstg.mioto.vn/cho_thue_xe_o_to_tu_lai_thue_xe_du_lich_danang/mitsubishi_outlander_2018/p/g/2026/01/23/09/IiS0qzzakqk9Yp4IdctURQ.jpg,downloaded_images\cars\mitsubishi-outlander-2018__1779543499-56\05.jpg,downloaded
1779543499-56,MITSUBISHI OUTLANDER 2018,owner_avatar,https://n1-astg.mioto.vn/g/2026/01/23/17/GvpANQkWKLVOcpnOnrXzlg.jpg,downloaded_images\owner_avatars\1779543499-56.jpg,downloaded
1779543499-57,MITSUBISHI XPANDER 2025,car,https://n1-pstg.mioto.vn/cho_thue_xe_o_to_tu_lai_thue_xe_du_lich_danang/mitsubishi_xpander_2025/p/g/2025/08/15/18/lR-ihNfTP6GRhCb1XfVCAg.jpg,downloaded_images\cars\mitsubishi-xpander-2025__1779543499-57\01.jpg,downloaded
1779543499-57,MITSUBISHI XPANDER 2025,car,https://n1-pstg.mioto.vn/cho_thue_xe_o_to_tu_lai_thue_xe_du_lich_danang/mitsubishi_xpander_2025/p/g/2025/08/15/18/Vf-Bwoi9BmRdVtILKKE9UA.jpg,downloaded_images\cars\mitsubishi-xpander-2025__1779543499-57\02.jpg,downloaded
1779543499-57,MITSUBISHI XPANDER 2025,car,https://n1-pstg.mioto.vn/cho_thue_xe_o_to_tu_lai_thue_xe_du_lich_danang/mitsubishi_xpander_2025/p/g/2025/08/15/18/7RzcwcGonS4_NuA7Hu3Gfw.jpg,downloaded_images\cars\mitsubishi-xpander-2025__1779543499-57\03.jpg,downloaded
1779543499-57,MITSUBISHI XPANDER 2025,car,https://n1-pstg.mioto.vn/cho_thue_xe_o_to_tu_lai_thue_xe_du_lich_danang/mitsubishi_xpander_2025/p/g/2025/08/15/18/UPC7j4TYbz_YoxKqQ_SRDg.jpg,downloaded_images\cars\mitsubishi-xpander-2025__1779543499-57\04.jpg,downloaded
1779543499-57,MITSUBISHI XPANDER 2025,car,https://n1-pstg.mioto.vn/cho_thue_xe_o_to_tu_lai_thue_xe_du_lich_danang/mitsubishi_xpander_2025/p/g/2025/08/15/18/KqAuauR6uDDSI9kVs3ONNg.jpg,downloaded_images\cars\mitsubishi-xpander-2025__1779543499-57\05.jpg,downloaded
1779543499-57,MITSUBISHI XPANDER 2025,owner_avatar,https://n1-cstg.mioto.vn/m/avatars/avatar-2.png,downloaded_images\owner_avatars\1779543499-57.png,downloaded
1779543499-58,HYUNDAI ACCENT 2020,car,https://n1-pstg.mioto.vn/cho_thue_xe_o_to_tu_lai_thue_xe_du_lich_danang/hyundai_accent_2020/p/g/2020/08/19/11/LFgd6LoO91giDQS5sEsMhg.jpg,downloaded_images\cars\hyundai-accent-2020__1779543499-58\01.jpg,downloaded
1779543499-58,HYUNDAI ACCENT 2020,car,https://n1-pstg.mioto.vn/cho_thue_xe_o_to_tu_lai_thue_xe_du_lich_danang/hyundai_accent_2020/p/g/2020/08/19/11/mf5xil22i2VNruCxiwZCbg.jpg,downloaded_images\cars\hyundai-accent-2020__1779543499-58\02.jpg,downloaded
1779543499-58,HYUNDAI ACCENT 2020,car,https://n1-pstg.mioto.vn/cho_thue_xe_o_to_tu_lai_thue_xe_du_lich_danang/hyundai_accent_2020/p/g/2020/08/19/11/HfE9dYPUtjmfewW_nBdFmQ.jpg,downloaded_images\cars\hyundai-accent-2020__1779543499-58\03.jpg,downloaded
1779543499-58,HYUNDAI ACCENT 2020,owner_avatar,https://n1-astg.mioto.vn/g/2020/10/27/21/AObHWjfJhUr25mUGh5Db4w.jpg,downloaded_images\owner_avatars\1779543499-58.jpg,downloaded
1779543499-59,TOYOTA INNOVA 2019,car,https://n1-pstg.mioto.vn/cho_thue_xe_o_to_tu_lai_thue_xe_du_lich_danang/toyota_innova_2019/p/g/2026/01/09/15/xLqA-6tRQ7rO9KF-jOjmsQ.jpg,downloaded_images\cars\toyota-innova-2019__1779543499-59\01.jpg,downloaded
1779543499-59,TOYOTA INNOVA 2019,car,https://n1-pstg.mioto.vn/cho_thue_xe_o_to_tu_lai_thue_xe_du_lich_danang/toyota_innova_2019/p/g/2026/01/09/15/OcvZ4dZAHQxy6tBhhVA7MA.jpg,downloaded_images\cars\toyota-innova-2019__1779543499-59\02.jpg,downloaded
1779543499-59,TOYOTA INNOVA 2019,car,https://n1-pstg.mioto.vn/cho_thue_xe_o_to_tu_lai_thue_xe_du_lich_danang/toyota_innova_2019/p/g/2026/01/09/15/RACUdgr56_6LO0vpspOCCw.jpg,downloaded_images\cars\toyota-innova-2019__1779543499-59\03.jpg,downloaded
1779543499-59,TOYOTA INNOVA 2019,car,https://n1-pstg.mioto.vn/cho_thue_xe_o_to_tu_lai_thue_xe_du_lich_danang/toyota_innova_2019/p/g/2026/01/09/15/yJ8sOdRHmQicacHC636yoQ.jpg,downloaded_images\cars\toyota-innova-2019__1779543499-59\04.jpg,downloaded
1779543499-59,TOYOTA INNOVA 2019,car,https://n1-pstg.mioto.vn/cho_thue_xe_o_to_tu_lai_thue_xe_du_lich_danang/toyota_innova_2019/p/g/2026/01/09/15/kzfilcxSOur66-VVC4Sc8A.jpg,downloaded_images\cars\toyota-innova-2019__1779543499-59\05.jpg,downloaded
1779543499-59,TOYOTA INNOVA 2019,owner_avatar,https://n1-astg.mioto.vn/g/2026/01/19/12/I5Ay_H0DuBo1pUqsvmterQ.jpg,downloaded_images\owner_avatars\1779543499-59.jpg,downloaded
1779543499-60,KIA SOLUTO 2021,car,https://n1-pstg.mioto.vn/cho_thue_xe_o_to_tu_lai_thue_xe_du_lich_danang/kia_soluto_2021/p/g/2026/00/19/13/iX_cIqFaMaX0qDXE5cnKEg.jpg,downloaded_images\cars\kia-soluto-2021__1779543499-60\01.jpg,downloaded
1779543499-60,KIA SOLUTO 2021,car,https://n1-pstg.mioto.vn/cho_thue_xe_o_to_tu_lai_thue_xe_du_lich_danang/kia_soluto_2021/p/g/2026/00/19/13/7xSOLcec-jjzIFPCJoE-uw.jpg,downloaded_images\cars\kia-soluto-2021__1779543499-60\02.jpg,downloaded
1779543499-60,KIA SOLUTO 2021,car,https://n1-pstg.mioto.vn/cho_thue_xe_o_to_tu_lai_thue_xe_du_lich_danang/kia_soluto_2021/p/g/2026/00/19/13/TyaT6kn8JHcxtXn4b5YhZw.jpg,downloaded_images\cars\kia-soluto-2021__1779543499-60\03.jpg,downloaded
1779543499-60,KIA SOLUTO 2021,owner_avatar,https://n1-astg.mioto.vn/g/2024/01/16/16/ybLjdUIabQNphzXBQOhSBg.jpg,downloaded_images\owner_avatars\1779543499-60.jpg,downloaded
1779543499-61,TOYOTA INNOVA 2017,car,https://n1-pstg.mioto.vn/cho_thue_xe_o_to_tu_lai_thue_xe_du_lich_danang/toyota_innova_2017/p/g/2025/11/11/00/2YHTFeoPYtLeGMmkHcNItQ.jpg,downloaded_images\cars\toyota-innova-2017__1779543499-61\01.jpg,downloaded
1779543499-61,TOYOTA INNOVA 2017,car,https://n1-pstg.mioto.vn/cho_thue_xe_o_to_tu_lai_thue_xe_du_lich_danang/toyota_innova_2017/p/g/2025/11/11/00/uLNh_4XBa0wrwPs1wH8S3Q.jpg,downloaded_images\cars\toyota-innova-2017__1779543499-61\02.jpg,downloaded
1779543499-61,TOYOTA INNOVA 2017,car,https://n1-pstg.mioto.vn/cho_thue_xe_o_to_tu_lai_thue_xe_du_lich_danang/toyota_innova_2017/p/g/2025/11/11/00/Q_ZYTG0vqPa-xD4DbfpGQg.jpg,downloaded_images\cars\toyota-innova-2017__1779543499-61\03.jpg,downloaded
1779543499-61,TOYOTA INNOVA 2017,car,https://n1-pstg.mioto.vn/cho_thue_xe_o_to_tu_lai_thue_xe_du_lich_danang/toyota_innova_2017/p/g/2025/11/11/00/4wYFdr6Ni2MG_Ryk2XpBrg.jpg,downloaded_images\cars\toyota-innova-2017__1779543499-61\04.jpg,downloaded
1779543499-61,TOYOTA INNOVA 2017,car,https://n1-pstg.mioto.vn/cho_thue_xe_o_to_tu_lai_thue_xe_du_lich_danang/toyota_innova_2017/p/g/2025/11/11/00/aF1NyB1yQzESzjF8kIBUag.jpg,downloaded_images\cars\toyota-innova-2017__1779543499-61\05.jpg,downloaded
1779543499-61,TOYOTA INNOVA 2017,owner_avatar,https://n1-astg.mioto.vn/g/2026/00/20/00/asXVdb8VI1oK-HlBFd1YAA.jpg,downloaded_images\owner_avatars\1779543499-61.jpg,downloaded
1779543499-62,VINFAST VF3 2025,car,https://n1-pstg.mioto.vn/cho_thue_xe_o_to_tu_lai_thue_xe_du_lich_danang/vinfast_vf3_2025/p/g/2025/07/03/15/68VMdhSjFRmBb_GlUn6Xkw.jpg,downloaded_images\cars\vinfast-vf3-2025__1779543499-62\01.jpg,downloaded
1779543499-62,VINFAST VF3 2025,car,https://n1-pstg.mioto.vn/cho_thue_xe_o_to_tu_lai_thue_xe_du_lich_danang/vinfast_vf3_2025/p/g/2025/07/16/22/8bUKzq3iQtH5HWpqFhIepA.jpg,downloaded_images\cars\vinfast-vf3-2025__1779543499-62\02.jpg,downloaded
1779543499-62,VINFAST VF3 2025,car,https://n1-pstg.mioto.vn/cho_thue_xe_o_to_tu_lai_thue_xe_du_lich_danang/vinfast_vf3_2025/p/g/2025/07/16/22/Z1UJC-1tMUXTeK4paLl_dA.jpg,downloaded_images\cars\vinfast-vf3-2025__1779543499-62\03.jpg,downloaded
1779543499-62,VINFAST VF3 2025,car,https://n1-pstg.mioto.vn/cho_thue_xe_o_to_tu_lai_thue_xe_du_lich_danang/vinfast_vf3_2025/p/g/2025/07/03/15/mshxNP4bLp1-gTuFoJPEhg.jpg,downloaded_images\cars\vinfast-vf3-2025__1779543499-62\04.jpg,downloaded
1779543499-62,VINFAST VF3 2025,car,https://n1-pstg.mioto.vn/cho_thue_xe_o_to_tu_lai_thue_xe_du_lich_danang/vinfast_vf3_2025/p/g/2025/07/03/15/qPdqthlobWmgj7RECn_m_w.jpg,downloaded_images\cars\vinfast-vf3-2025__1779543499-62\05.jpg,downloaded
1779543499-62,VINFAST VF3 2025,car,https://n1-pstg.mioto.vn/cho_thue_xe_o_to_tu_lai_thue_xe_du_lich_danang/vinfast_vf3_2025/p/g/2025/07/16/22/uOHcuzTlByWbqCHbddZKdQ.jpg,downloaded_images\cars\vinfast-vf3-2025__1779543499-62\06.jpg,downloaded
1779543499-62,VINFAST VF3 2025,car,https://n1-pstg.mioto.vn/cho_thue_xe_o_to_tu_lai_thue_xe_du_lich_danang/vinfast_vf3_2025/p/g/2025/07/16/22/Odf5W4b6Jp941nufEjlwWQ.jpg,downloaded_images\cars\vinfast-vf3-2025__1779543499-62\07.jpg,downloaded
1779543499-62,VINFAST VF3 2025,car,https://n1-pstg.mioto.vn/cho_thue_xe_o_to_tu_lai_thue_xe_du_lich_danang/vinfast_vf3_2025/p/g/2025/07/03/15/yGZ2WRtPU3GXo5k00BIFKA.jpg,downloaded_images\cars\vinfast-vf3-2025__1779543499-62\08.jpg,downloaded
1779543499-62,VINFAST VF3 2025,owner_avatar,https://n1-astg.mioto.vn/g/2025/05/26/14/V5AIsKsRkTCTIR7ZGthJIw.jpg,downloaded_images\owner_avatars\1779543499-62.jpg,downloaded
1779543499-63,MITSUBISHI XPANDER 2020,car,https://n1-pstg.mioto.vn/cho_thue_xe_o_to_tu_lai_thue_xe_du_lich_danang/mitsubishi_xpander_2020/p/g/2024/06/31/12/YvwXVHvldczHMGEIKqFteg.jpg,downloaded_images\cars\mitsubishi-xpander-2020__1779543499-63\01.jpg,downloaded
1779543499-63,MITSUBISHI XPANDER 2020,car,https://n1-pstg.mioto.vn/cho_thue_xe_o_to_tu_lai_thue_xe_du_lich_danang/mitsubishi_xpander_2020/p/g/2024/06/31/12/1QfvNoBG7S9wM0hpviiI5w.jpg,downloaded_images\cars\mitsubishi-xpander-2020__1779543499-63\02.jpg,downloaded
1779543499-63,MITSUBISHI XPANDER 2020,car,https://n1-pstg.mioto.vn/cho_thue_xe_o_to_tu_lai_thue_xe_du_lich_danang/mitsubishi_xpander_2020/p/g/2024/06/31/12/83536HrB6pjXj1QqKgQ3Aw.jpg,downloaded_images\cars\mitsubishi-xpander-2020__1779543499-63\03.jpg,downloaded
1779543499-63,MITSUBISHI XPANDER 2020,car,https://n1-pstg.mioto.vn/cho_thue_xe_o_to_tu_lai_thue_xe_du_lich_danang/mitsubishi_xpander_2020/p/g/2024/06/31/12/MtmgWqrG3NNUVPKmCtsJQQ.jpg,downloaded_images\cars\mitsubishi-xpander-2020__1779543499-63\04.jpg,downloaded
1779543499-63,MITSUBISHI XPANDER 2020,car,https://n1-pstg.mioto.vn/cho_thue_xe_o_to_tu_lai_thue_xe_du_lich_danang/mitsubishi_xpander_2020/p/g/2024/06/31/12/jKXsJKGSgaOp7x5Tvh0VyA.jpg,downloaded_images\cars\mitsubishi-xpander-2020__1779543499-63\05.jpg,downloaded
1779543499-63,MITSUBISHI XPANDER 2020,owner_avatar,https://n1-astg.mioto.vn/g/2024/06/31/12/_5Kl3vzuFd8gfhu9HevV_w.jpg,downloaded_images\owner_avatars\1779543499-63.jpg,downloaded
1779543499-64,MITSUBISHI XPANDER 2019,car,https://n1-pstg.mioto.vn/cho_thue_xe_o_to_tu_lai_thue_xe_du_lich_danang/mitsubishi_xpander_2019/p/g/2025/07/02/18/cs5L0ifbOeApKVUPxyUNfA.jpg,downloaded_images\cars\mitsubishi-xpander-2019__1779543499-64\01.jpg,downloaded
1779543499-64,MITSUBISHI XPANDER 2019,car,https://n1-pstg.mioto.vn/cho_thue_xe_o_to_tu_lai_thue_xe_du_lich_danang/mitsubishi_xpander_2019/p/g/2025/07/01/21/AubSGCmbrtStZJzfG_3xWg.jpg,downloaded_images\cars\mitsubishi-xpander-2019__1779543499-64\02.jpg,downloaded
1779543499-64,MITSUBISHI XPANDER 2019,car,https://n1-pstg.mioto.vn/cho_thue_xe_o_to_tu_lai_thue_xe_du_lich_danang/mitsubishi_xpander_2019/p/g/2025/07/01/21/pa6-EjbSt98emC8uhs18Qw.jpg,downloaded_images\cars\mitsubishi-xpander-2019__1779543499-64\03.jpg,downloaded
1779543499-64,MITSUBISHI XPANDER 2019,car,https://n1-pstg.mioto.vn/cho_thue_xe_o_to_tu_lai_thue_xe_du_lich_danang/mitsubishi_xpander_2019/p/g/2025/07/01/21/3FSF2WUZBfs-PL-GQzKuRg.jpg,downloaded_images\cars\mitsubishi-xpander-2019__1779543499-64\04.jpg,downloaded
1779543499-64,MITSUBISHI XPANDER 2019,owner_avatar,https://n1-cstg.mioto.vn/m/avatars/avatar-0.png,downloaded_images\owner_avatars\1779543499-64.png,downloaded
1779543499-65,VINFAST VF3 2024,car,https://n1-pstg.mioto.vn/cho_thue_xe_o_to_tu_lai_thue_xe_du_lich_danang/vinfast_vf3_2024/p/g/2026/02/30/09/6ECafdCQR11StyseVMe_dQ.jpg,downloaded_images\cars\vinfast-vf3-2024__1779543499-65\01.jpg,downloaded
1779543499-65,VINFAST VF3 2024,car,https://n1-pstg.mioto.vn/cho_thue_xe_o_to_tu_lai_thue_xe_du_lich_danang/vinfast_vf3_2024/p/g/2026/02/29/18/O0yEOiH6jm_iUAOkv57MoA.jpg,downloaded_images\cars\vinfast-vf3-2024__1779543499-65\02.jpg,downloaded
1779543499-65,VINFAST VF3 2024,car,https://n1-pstg.mioto.vn/cho_thue_xe_o_to_tu_lai_thue_xe_du_lich_danang/vinfast_vf3_2024/p/g/2026/02/29/18/ysgwOkkTZBRYwVnAREJlzg.jpg,downloaded_images\cars\vinfast-vf3-2024__1779543499-65\03.jpg,downloaded
1779543499-65,VINFAST VF3 2024,car,https://n1-pstg.mioto.vn/cho_thue_xe_o_to_tu_lai_thue_xe_du_lich_danang/vinfast_vf3_2024/p/g/2026/02/29/18/o4-0phCxpVolWHt7GXJ82g.jpg,downloaded_images\cars\vinfast-vf3-2024__1779543499-65\04.jpg,downloaded
1779543499-65,VINFAST VF3 2024,owner_avatar,https://n1-astg.mioto.vn/g/2026/02/30/09/hcZnvuWgZB4ZNefq8TM3oQ.jpg,downloaded_images\owner_avatars\1779543499-65.jpg,downloaded
1779543499-66,MITSUBISHI XPANDER 2023,car,https://n1-pstg.mioto.vn/cho_thue_xe_o_to_tu_lai_thue_xe_du_lich_danang/mitsubishi_xpander_2023/p/g/2026/00/02/20/Ah3jG-Gj15cuIglWYRJbcw.jpg,downloaded_images\cars\mitsubishi-xpander-2023__1779543499-66\01.jpg,downloaded
1779543499-66,MITSUBISHI XPANDER 2023,car,https://n1-pstg.mioto.vn/cho_thue_xe_o_to_tu_lai_thue_xe_du_lich_danang/mitsubishi_xpander_2023/p/g/2026/00/02/20/3zCAT2KyumO_emX7Cc6p7g.jpg,downloaded_images\cars\mitsubishi-xpander-2023__1779543499-66\02.jpg,downloaded
1779543499-66,MITSUBISHI XPANDER 2023,car,https://n1-pstg.mioto.vn/cho_thue_xe_o_to_tu_lai_thue_xe_du_lich_danang/mitsubishi_xpander_2023/p/g/2026/00/02/20/zKMLlFyyPXm3WdiPPA9yGw.jpg,downloaded_images\cars\mitsubishi-xpander-2023__1779543499-66\03.jpg,downloaded
1779543499-66,MITSUBISHI XPANDER 2023,car,https://n1-pstg.mioto.vn/cho_thue_xe_o_to_tu_lai_thue_xe_du_lich_danang/mitsubishi_xpander_2023/p/g/2026/00/03/09/9L6s_iRqfMt1C9Glp5JLWw.jpg,downloaded_images\cars\mitsubishi-xpander-2023__1779543499-66\04.jpg,downloaded
1779543499-66,MITSUBISHI XPANDER 2023,owner_avatar,https://n1-cstg.mioto.vn/m/avatars/avatar-0.png,downloaded_images\owner_avatars\1779543499-66.png,downloaded
1779543499-67,VINFAST VF3 2024,car,https://n1-pstg.mioto.vn/cho_thue_xe_o_to_tu_lai_thue_xe_du_lich_danang/vinfast_vf3_2024/p/g/2026/04/21/14/6caqZImkuXSitjGAyRTiIQ.jpg,downloaded_images\cars\vinfast-vf3-2024__1779543499-67\01.jpg,downloaded
1779543499-67,VINFAST VF3 2024,car,https://n1-pstg.mioto.vn/cho_thue_xe_o_to_tu_lai_thue_xe_du_lich_danang/vinfast_vf3_2024/p/g/2026/04/18/14/wyg-mZxHbJn30adX_iW3Sg.jpg,downloaded_images\cars\vinfast-vf3-2024__1779543499-67\02.jpg,downloaded
1779543499-67,VINFAST VF3 2024,car,https://n1-pstg.mioto.vn/cho_thue_xe_o_to_tu_lai_thue_xe_du_lich_danang/vinfast_vf3_2024/p/g/2026/04/18/14/LiDozMz23Juxj7W00aKE_A.jpg,downloaded_images\cars\vinfast-vf3-2024__1779543499-67\03.jpg,downloaded
1779543499-67,VINFAST VF3 2024,car,https://n1-pstg.mioto.vn/cho_thue_xe_o_to_tu_lai_thue_xe_du_lich_danang/vinfast_vf3_2024/p/g/2026/04/18/14/WXAO6iazR4MkNbhqClM0kQ.jpg,downloaded_images\cars\vinfast-vf3-2024__1779543499-67\04.jpg,downloaded
1779543499-67,VINFAST VF3 2024,car,https://n1-pstg.mioto.vn/cho_thue_xe_o_to_tu_lai_thue_xe_du_lich_danang/vinfast_vf3_2024/p/g/2026/04/18/14/VtMakLBYVJbs-sAuALNA-A.jpg,downloaded_images\cars\vinfast-vf3-2024__1779543499-67\05.jpg,downloaded
1779543499-67,VINFAST VF3 2024,car,https://n1-pstg.mioto.vn/cho_thue_xe_o_to_tu_lai_thue_xe_du_lich_danang/vinfast_vf3_2024/p/g/2026/04/18/14/8GW_o6MOjvhszG2tXX-8xg.jpg,downloaded_images\cars\vinfast-vf3-2024__1779543499-67\06.jpg,downloaded
1779543499-67,VINFAST VF3 2024,owner_avatar,https://n1-astg.mioto.vn/g/2026/04/21/14/3-iZM5A845qAY9W38YMdWw.jpg,downloaded_images\owner_avatars\1779543499-67.jpg,downloaded
1779543499-68,MITSUBISHI XPANDER 2022,car,https://n1-pstg.mioto.vn/cho_thue_xe_o_to_tu_lai_thue_xe_du_lich_danang/mitsubishi_xpander_2022/p/g/2026/04/11/23/ktpIIBlqolIlt_tA20Dm7Q.jpg,downloaded_images\cars\mitsubishi-xpander-2022__1779543499-68\01.jpg,downloaded
1779543499-68,MITSUBISHI XPANDER 2022,car,https://n1-pstg.mioto.vn/cho_thue_xe_o_to_tu_lai_thue_xe_du_lich_danang/mitsubishi_xpander_2022/p/g/2026/04/11/23/9YNk4vV9RWW5GQFbWrt_lQ.jpg,downloaded_images\cars\mitsubishi-xpander-2022__1779543499-68\02.jpg,downloaded
1779543499-68,MITSUBISHI XPANDER 2022,car,https://n1-pstg.mioto.vn/cho_thue_xe_o_to_tu_lai_thue_xe_du_lich_danang/mitsubishi_xpander_2022/p/g/2026/04/11/23/_60xZ5G7DWguVZ_VAkGBzQ.jpg,downloaded_images\cars\mitsubishi-xpander-2022__1779543499-68\03.jpg,downloaded
1779543499-68,MITSUBISHI XPANDER 2022,owner_avatar,https://n1-astg.mioto.vn/g/2025/06/19/23/jgdfRdztE8PnsAzLFjN3qQ.jpg,downloaded_images\owner_avatars\1779543499-68.jpg,downloaded
1779543499-69,VINFAST VF6 ECO 2024,car,https://n1-pstg.mioto.vn/cho_thue_xe_o_to_tu_lai_thue_xe_du_lich_danang/vinfast_vf6_eco_2024/p/g/2026/04/20/14/lX-_4ppfFhjFdAZRn78USA.jpg,downloaded_images\cars\vinfast-vf6-eco-2024__1779543499-69\01.jpg,downloaded
1779543499-69,VINFAST VF6 ECO 2024,car,https://n1-pstg.mioto.vn/cho_thue_xe_o_to_tu_lai_thue_xe_du_lich_danang/vinfast_vf6_eco_2024/p/g/2026/04/20/12/80x0VIlsI0lqhTnwgr5JOQ.jpg,downloaded_images\cars\vinfast-vf6-eco-2024__1779543499-69\02.jpg,downloaded
1779543499-69,VINFAST VF6 ECO 2024,car,https://n1-pstg.mioto.vn/cho_thue_xe_o_to_tu_lai_thue_xe_du_lich_danang/vinfast_vf6_eco_2024/p/g/2026/04/20/14/6xpr5opBK5rNm1PVMNsbBA.jpg,downloaded_images\cars\vinfast-vf6-eco-2024__1779543499-69\03.jpg,downloaded
1779543499-69,VINFAST VF6 ECO 2024,car,https://n1-pstg.mioto.vn/cho_thue_xe_o_to_tu_lai_thue_xe_du_lich_danang/vinfast_vf6_eco_2024/p/g/2026/04/20/12/HR1YBFJcFheizR7sl5u32g.jpg,downloaded_images\cars\vinfast-vf6-eco-2024__1779543499-69\04.jpg,downloaded
1779543499-69,VINFAST VF6 ECO 2024,owner_avatar,https://n1-cstg.mioto.vn/m/avatars/avatar-2.png,downloaded_images\owner_avatars\1779543499-69.png,downloaded
1779543499-70,MITSUBISHI XPANDER 2022,car,https://n1-pstg.mioto.vn/cho_thue_xe_o_to_tu_lai_thue_xe_du_lich_danang/mitsubishi_xpander_2022/p/g/2026/03/29/15/IXFSx5DB9yVsyqguKvH6lQ.jpg,downloaded_images\cars\mitsubishi-xpander-2022__1779543499-70\01.jpg,downloaded
1779543499-70,MITSUBISHI XPANDER 2022,car,https://n1-pstg.mioto.vn/cho_thue_xe_o_to_tu_lai_thue_xe_du_lich_danang/mitsubishi_xpander_2022/p/g/2026/03/29/15/QppbiwLdk-6d5FFOTwNYiQ.jpg,downloaded_images\cars\mitsubishi-xpander-2022__1779543499-70\02.jpg,downloaded
1779543499-70,MITSUBISHI XPANDER 2022,car,https://n1-pstg.mioto.vn/cho_thue_xe_o_to_tu_lai_thue_xe_du_lich_danang/mitsubishi_xpander_2022/p/g/2026/03/29/15/6oyBWXwG89-NuNL3RsCYDg.jpg,downloaded_images\cars\mitsubishi-xpander-2022__1779543499-70\03.jpg,downloaded
1779543499-70,MITSUBISHI XPANDER 2022,car,https://n1-pstg.mioto.vn/cho_thue_xe_o_to_tu_lai_thue_xe_du_lich_danang/mitsubishi_xpander_2022/p/g/2026/03/29/15/IBeM6AdRwJBWyXU9xdWxtA.jpg,downloaded_images\cars\mitsubishi-xpander-2022__1779543499-70\04.jpg,downloaded
1779543499-70,MITSUBISHI XPANDER 2022,owner_avatar,https://n1-cstg.mioto.vn/m/avatars/avatar-1.png,downloaded_images\owner_avatars\1779543499-70.png,downloaded
1779543499-71,MERCEDES C200 2008,car,https://n1-pstg.mioto.vn/cho_thue_xe_o_to_tu_lai_thue_xe_du_lich_danang/mercedes_c200_2008/p/g/2026/00/14/14/7WYdjRjI03ReTDxfSt62gg.jpg,downloaded_images\cars\mercedes-c200-2008__1779543499-71\01.jpg,downloaded
1779543499-71,MERCEDES C200 2008,car,https://n1-pstg.mioto.vn/cho_thue_xe_o_to_tu_lai_thue_xe_du_lich_danang/mercedes_c200_2008/p/g/2026/00/14/14/_uqwie7YYg5_NLLIy6i4qQ.jpg,downloaded_images\cars\mercedes-c200-2008__1779543499-71\02.jpg,downloaded
1779543499-71,MERCEDES C200 2008,car,https://n1-pstg.mioto.vn/cho_thue_xe_o_to_tu_lai_thue_xe_du_lich_danang/mercedes_c200_2008/p/g/2026/00/14/14/CRamRenTefCFaXpd9ONdwg.jpg,downloaded_images\cars\mercedes-c200-2008__1779543499-71\03.jpg,downloaded
1779543499-71,MERCEDES C200 2008,car,https://n1-pstg.mioto.vn/cho_thue_xe_o_to_tu_lai_thue_xe_du_lich_danang/mercedes_c200_2008/p/g/2026/00/14/14/992pnWnCQpQlDpk7vEEfLw.jpg,downloaded_images\cars\mercedes-c200-2008__1779543499-71\04.jpg,downloaded
1779543499-71,MERCEDES C200 2008,car,https://n1-pstg.mioto.vn/cho_thue_xe_o_to_tu_lai_thue_xe_du_lich_danang/mercedes_c200_2008/p/g/2026/00/14/14/D7W4p6Q-6pPY70hjpgCBMA.jpg,downloaded_images\cars\mercedes-c200-2008__1779543499-71\05.jpg,downloaded
1779543499-71,MERCEDES C200 2008,owner_avatar,https://n1-cstg.mioto.vn/m/avatars/avatar-4.png,downloaded_images\owner_avatars\1779543499-71.png,downloaded
1779543499-72,TOYOTA VIOS 2022,car,https://n1-pstg.mioto.vn/cho_thue_xe_o_to_tu_lai_thue_xe_du_lich_danang/toyota_vios_2022/p/g/2023/00/11/20/cYnqHJQPHgKySIfKxrVnPA.jpg,downloaded_images\cars\toyota-vios-2022__1779543499-72\01.jpg,downloaded
1779543499-72,TOYOTA VIOS 2022,car,https://n1-pstg.mioto.vn/cho_thue_xe_o_to_tu_lai_thue_xe_du_lich_danang/toyota_vios_2022/p/g/2023/00/11/20/2-Fh_vi4Djm6AErNc7K1Yg.jpg,downloaded_images\cars\toyota-vios-2022__1779543499-72\02.jpg,downloaded
1779543499-72,TOYOTA VIOS 2022,car,https://n1-pstg.mioto.vn/cho_thue_xe_o_to_tu_lai_thue_xe_du_lich_danang/toyota_vios_2022/p/g/2023/00/11/20/NfAG3mGIFq7720NRA-47iQ.jpg,downloaded_images\cars\toyota-vios-2022__1779543499-72\03.jpg,downloaded
1779543499-72,TOYOTA VIOS 2022,car,https://n1-pstg.mioto.vn/cho_thue_xe_o_to_tu_lai_thue_xe_du_lich_danang/toyota_vios_2022/p/g/2023/00/11/20/fB8LDS8dXTSmGu1l07CrGQ.jpg,downloaded_images\cars\toyota-vios-2022__1779543499-72\04.jpg,downloaded
1779543499-72,TOYOTA VIOS 2022,car,https://n1-pstg.mioto.vn/cho_thue_xe_o_to_tu_lai_thue_xe_du_lich_danang/toyota_vios_2022/p/g/2023/01/06/16/H0iFCkJM8Q5jPQP47OGEVQ.jpg,downloaded_images\cars\toyota-vios-2022__1779543499-72\05.jpg,downloaded
1779543499-72,TOYOTA VIOS 2022,car,https://n1-pstg.mioto.vn/cho_thue_xe_o_to_tu_lai_thue_xe_du_lich_danang/toyota_vios_2022/p/g/2023/01/06/16/wpZqHZZFlgz4hjeFMWMDKQ.jpg,downloaded_images\cars\toyota-vios-2022__1779543499-72\06.jpg,downloaded
1779543499-72,TOYOTA VIOS 2022,car,https://n1-pstg.mioto.vn/cho_thue_xe_o_to_tu_lai_thue_xe_du_lich_danang/toyota_vios_2022/p/g/2023/01/06/16/EfCcaYgbU_eWOgJ4oSAh3g.jpg,downloaded_images\cars\toyota-vios-2022__1779543499-72\07.jpg,downloaded
1779543499-72,TOYOTA VIOS 2022,car,https://n1-pstg.mioto.vn/cho_thue_xe_o_to_tu_lai_thue_xe_du_lich_danang/toyota_vios_2022/p/g/2023/01/06/16/iwN0G8yu41Ucai7arzMsHQ.jpg,downloaded_images\cars\toyota-vios-2022__1779543499-72\08.jpg,downloaded
1779543499-72,TOYOTA VIOS 2022,owner_avatar,https://n1-astg.mioto.vn/g/2023/00/08/19/nByOueUZ3o4AxpOdN-fSuQ.jpg,downloaded_images\owner_avatars\1779543499-72.jpg,downloaded
1779543499-73,KIA SELTOS LUXURY 2021,car,https://n1-pstg.mioto.vn/cho_thue_xe_o_to_tu_lai_thue_xe_du_lich_danang/kia_seltos_luxury_2021/p/g/2025/07/01/21/DvUsoM8FH6dWyeFZU6P0AA.jpg,downloaded_images\cars\kia-seltos-luxury-2021__1779543499-73\01.jpg,downloaded
1779543499-73,KIA SELTOS LUXURY 2021,car,https://n1-pstg.mioto.vn/cho_thue_xe_o_to_tu_lai_thue_xe_du_lich_danang/kia_seltos_luxury_2021/p/g/2025/08/02/22/vpDfjLK6erIeALgG1MdLWQ.jpg,downloaded_images\cars\kia-seltos-luxury-2021__1779543499-73\02.jpg,downloaded
1779543499-73,KIA SELTOS LUXURY 2021,car,https://n1-pstg.mioto.vn/cho_thue_xe_o_to_tu_lai_thue_xe_du_lich_danang/kia_seltos_luxury_2021/p/g/2025/07/01/21/IRt8tSbxQdZkDEIubhPxmw.jpg,downloaded_images\cars\kia-seltos-luxury-2021__1779543499-73\03.jpg,downloaded
1779543499-73,KIA SELTOS LUXURY 2021,car,https://n1-pstg.mioto.vn/cho_thue_xe_o_to_tu_lai_thue_xe_du_lich_danang/kia_seltos_luxury_2021/p/g/2025/07/01/21/h53-HWMJq4kdLPgFk0OHiw.jpg,downloaded_images\cars\kia-seltos-luxury-2021__1779543499-73\04.jpg,downloaded
1779543499-73,KIA SELTOS LUXURY 2021,car,https://n1-pstg.mioto.vn/cho_thue_xe_o_to_tu_lai_thue_xe_du_lich_danang/kia_seltos_luxury_2021/p/g/2025/07/01/21/Lwzs0_NJjcI4o4BTWkd1jg.jpg,downloaded_images\cars\kia-seltos-luxury-2021__1779543499-73\05.jpg,downloaded
1779543499-73,KIA SELTOS LUXURY 2021,owner_avatar,https://n1-cstg.mioto.vn/m/avatars/avatar-0.png,downloaded_images\owner_avatars\1779543499-73.png,downloaded
1779543499-74,MITSUBISHI MIRAGE 2018,car,https://n1-pstg.mioto.vn/cho_thue_xe_o_to_tu_lai_thue_xe_du_lich_danang/mitsubishi_mirage_2018/p/g/2025/07/10/15/SBtX14aqEIqgvTPg6YWmNQ.jpg,downloaded_images\cars\mitsubishi-mirage-2018__1779543499-74\01.jpg,downloaded
1779543499-74,MITSUBISHI MIRAGE 2018,car,https://n1-pstg.mioto.vn/cho_thue_xe_o_to_tu_lai_thue_xe_du_lich_danang/mitsubishi_mirage_2018/p/g/2025/07/10/15/aF4Fc_A1d1zxD-_1OkVfIw.jpg,downloaded_images\cars\mitsubishi-mirage-2018__1779543499-74\02.jpg,downloaded
1779543499-74,MITSUBISHI MIRAGE 2018,car,https://n1-pstg.mioto.vn/cho_thue_xe_o_to_tu_lai_thue_xe_du_lich_danang/mitsubishi_mirage_2018/p/g/2025/08/13/09/UOrP8WpRvWUn6z6Rji-f3w.jpg,downloaded_images\cars\mitsubishi-mirage-2018__1779543499-74\03.jpg,downloaded
1779543499-74,MITSUBISHI MIRAGE 2018,car,https://n1-pstg.mioto.vn/cho_thue_xe_o_to_tu_lai_thue_xe_du_lich_danang/mitsubishi_mirage_2018/p/g/2025/08/13/09/gdCZ2UFI64tAzWPkOSE1Xw.jpg,downloaded_images\cars\mitsubishi-mirage-2018__1779543499-74\04.jpg,downloaded
1779543499-74,MITSUBISHI MIRAGE 2018,owner_avatar,https://n1-cstg.mioto.vn/m/avatars/avatar-1.png,downloaded_images\owner_avatars\1779543499-74.png,downloaded
1779543499-75,MITSUBISHI XPANDER 2020,car,https://n1-pstg.mioto.vn/cho_thue_xe_o_to_tu_lai_thue_xe_du_lich_danang/mitsubishi_xpander_2020/p/g/2025/11/03/12/nfXHJqcJeqOHVxvRLLFjAg.jpg,downloaded_images\cars\mitsubishi-xpander-2020__1779543499-75\01.jpg,downloaded
1779543499-75,MITSUBISHI XPANDER 2020,car,https://n1-pstg.mioto.vn/cho_thue_xe_o_to_tu_lai_thue_xe_du_lich_danang/mitsubishi_xpander_2020/p/g/2025/11/03/12/eo1-g8LV3EAYZTu34nh_Hg.jpg,downloaded_images\cars\mitsubishi-xpander-2020__1779543499-75\02.jpg,downloaded
1779543499-75,MITSUBISHI XPANDER 2020,car,https://n1-pstg.mioto.vn/cho_thue_xe_o_to_tu_lai_thue_xe_du_lich_danang/mitsubishi_xpander_2020/p/g/2025/11/03/12/KIP-rMc_rNcn3nwug07-nw.jpg,downloaded_images\cars\mitsubishi-xpander-2020__1779543499-75\03.jpg,downloaded
1779543499-75,MITSUBISHI XPANDER 2020,car,https://n1-pstg.mioto.vn/cho_thue_xe_o_to_tu_lai_thue_xe_du_lich_danang/mitsubishi_xpander_2020/p/g/2025/11/03/12/VNBkU7KDJ9QFV1v4vF3EEQ.jpg,downloaded_images\cars\mitsubishi-xpander-2020__1779543499-75\04.jpg,downloaded
1779543499-75,MITSUBISHI XPANDER 2020,owner_avatar,https://n1-astg.mioto.vn/g/2026/00/16/22/iF0xKu_bCMA93Ec_J3dfOg.jpg,downloaded_images\owner_avatars\1779543499-75.jpg,downloaded
1779543499-76,KIA SONET LUXURY 2025,car,https://n1-pstg.mioto.vn/cho_thue_xe_o_to_tu_lai_thue_xe_du_lich_danang/kia_sonet_luxury_2025/p/g/2025/05/17/17/FZL7tO1deDDhjRoT6_YMvA.jpg,downloaded_images\cars\kia-sonet-luxury-2025__1779543499-76\01.jpg,downloaded
1779543499-76,KIA SONET LUXURY 2025,car,https://n1-pstg.mioto.vn/cho_thue_xe_o_to_tu_lai_thue_xe_du_lich_danang/kia_sonet_luxury_2025/p/g/2025/05/17/17/CMCDSQeL2Or78ppjzdEPbA.jpg,downloaded_images\cars\kia-sonet-luxury-2025__1779543499-76\02.jpg,downloaded
1779543499-76,KIA SONET LUXURY 2025,car,https://n1-pstg.mioto.vn/cho_thue_xe_o_to_tu_lai_thue_xe_du_lich_danang/kia_sonet_luxury_2025/p/g/2025/05/17/17/vnCiHTM7HPrDXX1lHph8qQ.jpg,downloaded_images\cars\kia-sonet-luxury-2025__1779543499-76\03.jpg,downloaded
1779543499-76,KIA SONET LUXURY 2025,car,https://n1-pstg.mioto.vn/cho_thue_xe_o_to_tu_lai_thue_xe_du_lich_danang/kia_sonet_luxury_2025/p/g/2025/05/17/17/I--kbT8tr7kyzXAf6z9Ojg.jpg,downloaded_images\cars\kia-sonet-luxury-2025__1779543499-76\04.jpg,downloaded
1779543499-76,KIA SONET LUXURY 2025,car,https://n1-pstg.mioto.vn/cho_thue_xe_o_to_tu_lai_thue_xe_du_lich_danang/kia_sonet_luxury_2025/p/g/2025/05/18/15/O_-q0-NrYqfWXA1akSduCw.jpg,downloaded_images\cars\kia-sonet-luxury-2025__1779543499-76\05.jpg,downloaded
1779543499-76,KIA SONET LUXURY 2025,owner_avatar,https://n1-cstg.mioto.vn/m/avatars/avatar-3.png,downloaded_images\owner_avatars\1779543499-76.png,downloaded
1779543499-77,MITSUBISHI OUTLANDER 2022,car,https://n1-pstg.mioto.vn/cho_thue_xe_o_to_tu_lai_thue_xe_du_lich_danang/mitsubishi_outlander_2022/p/g/2023/02/15/09/vZbdV5pGAcX5ummZchDx7g.jpg,downloaded_images\cars\mitsubishi-outlander-2022__1779543499-77\01.jpg,downloaded
1779543499-77,MITSUBISHI OUTLANDER 2022,car,https://n1-pstg.mioto.vn/cho_thue_xe_o_to_tu_lai_thue_xe_du_lich_danang/mitsubishi_outlander_2022/p/g/2023/02/15/09/XXf0kPwwrJ8-CKrh85YIZg.jpg,downloaded_images\cars\mitsubishi-outlander-2022__1779543499-77\02.jpg,downloaded
1779543499-77,MITSUBISHI OUTLANDER 2022,car,https://n1-pstg.mioto.vn/cho_thue_xe_o_to_tu_lai_thue_xe_du_lich_danang/mitsubishi_outlander_2022/p/g/2023/02/08/13/ASzY1V5MLdHpQJwZf3bsmA.jpg,downloaded_images\cars\mitsubishi-outlander-2022__1779543499-77\03.jpg,downloaded
1779543499-77,MITSUBISHI OUTLANDER 2022,car,https://n1-pstg.mioto.vn/cho_thue_xe_o_to_tu_lai_thue_xe_du_lich_danang/mitsubishi_outlander_2022/p/g/2023/02/08/13/j3TKajPgpSfhB4afJ_qUSw.jpg,downloaded_images\cars\mitsubishi-outlander-2022__1779543499-77\04.jpg,downloaded
1779543499-77,MITSUBISHI OUTLANDER 2022,car,https://n1-pstg.mioto.vn/cho_thue_xe_o_to_tu_lai_thue_xe_du_lich_danang/mitsubishi_outlander_2022/p/g/2023/02/08/13/fgvBU_LzxCpjR8nbKaEQUQ.jpg,downloaded_images\cars\mitsubishi-outlander-2022__1779543499-77\05.jpg,downloaded
1779543499-77,MITSUBISHI OUTLANDER 2022,car,https://n1-pstg.mioto.vn/cho_thue_xe_o_to_tu_lai_thue_xe_du_lich_danang/mitsubishi_outlander_2022/p/g/2023/02/08/13/A3pk7BO2-cdmjX91GLwsyA.jpg,downloaded_images\cars\mitsubishi-outlander-2022__1779543499-77\06.jpg,downloaded
1779543499-77,MITSUBISHI OUTLANDER 2022,owner_avatar,https://n1-cstg.mioto.vn/m/avatars/avatar-1.png,downloaded_images\owner_avatars\1779543499-77.png,downloaded
1779543499-78,MITSUBISHI XPANDER 2021,car,https://n1-pstg.mioto.vn/cho_thue_xe_o_to_tu_lai_thue_xe_du_lich_danang/mitsubishi_xpander_2021/p/g/2025/08/21/21/9_FT_zf27PQv2D15pmclKA.jpg,downloaded_images\cars\mitsubishi-xpander-2021__1779543499-78\01.jpg,downloaded
1779543499-78,MITSUBISHI XPANDER 2021,car,https://n1-pstg.mioto.vn/cho_thue_xe_o_to_tu_lai_thue_xe_du_lich_danang/mitsubishi_xpander_2021/p/g/2025/08/21/21/b_7n4KJGwo6U2nniD1NjOw.jpg,downloaded_images\cars\mitsubishi-xpander-2021__1779543499-78\02.jpg,downloaded
1779543499-78,MITSUBISHI XPANDER 2021,car,https://n1-pstg.mioto.vn/cho_thue_xe_o_to_tu_lai_thue_xe_du_lich_danang/mitsubishi_xpander_2021/p/g/2025/08/21/21/YtjNB5FVNdckT__yw80r4w.jpg,downloaded_images\cars\mitsubishi-xpander-2021__1779543499-78\03.jpg,downloaded
1779543499-78,MITSUBISHI XPANDER 2021,car,https://n1-pstg.mioto.vn/cho_thue_xe_o_to_tu_lai_thue_xe_du_lich_danang/mitsubishi_xpander_2021/p/g/2025/08/21/21/3nHqv9C6uyKcF2f5NmYsFQ.jpg,downloaded_images\cars\mitsubishi-xpander-2021__1779543499-78\04.jpg,downloaded
1779543499-78,MITSUBISHI XPANDER 2021,car,https://n1-pstg.mioto.vn/cho_thue_xe_o_to_tu_lai_thue_xe_du_lich_danang/mitsubishi_xpander_2021/p/g/2025/08/21/21/5nYua3maRhwUyNVGq2vuMA.jpg,downloaded_images\cars\mitsubishi-xpander-2021__1779543499-78\05.jpg,downloaded
1779543499-78,MITSUBISHI XPANDER 2021,owner_avatar,https://n1-cstg.mioto.vn/m/avatars/avatar-1.png,downloaded_images\owner_avatars\1779543499-78.png,downloaded
1779543499-79,MITSUBISHI XPANDER 2024,car,https://n1-pstg.mioto.vn/cho_thue_xe_o_to_tu_lai_thue_xe_du_lich_danang/mitsubishi_xpander_2024/p/g/2025/06/25/18/Pm6MQtBIxnoXpUnmOciiLA.jpg,downloaded_images\cars\mitsubishi-xpander-2024__1779543499-79\01.jpg,downloaded
1779543499-79,MITSUBISHI XPANDER 2024,car,https://n1-pstg.mioto.vn/cho_thue_xe_o_to_tu_lai_thue_xe_du_lich_danang/mitsubishi_xpander_2024/p/g/2025/06/25/18/Cr8ehZvuNBpGxzaJREub9g.jpg,downloaded_images\cars\mitsubishi-xpander-2024__1779543499-79\02.jpg,downloaded
1779543499-79,MITSUBISHI XPANDER 2024,car,https://n1-pstg.mioto.vn/cho_thue_xe_o_to_tu_lai_thue_xe_du_lich_danang/mitsubishi_xpander_2024/p/g/2025/06/25/13/IXz21gg_XgbSlKEH1RVQxQ.jpg,downloaded_images\cars\mitsubishi-xpander-2024__1779543499-79\03.jpg,downloaded
1779543499-79,MITSUBISHI XPANDER 2024,car,https://n1-pstg.mioto.vn/cho_thue_xe_o_to_tu_lai_thue_xe_du_lich_danang/mitsubishi_xpander_2024/p/g/2025/06/25/19/3qjgFXyMyYwsbbzXm4y-GQ.jpg,downloaded_images\cars\mitsubishi-xpander-2024__1779543499-79\04.jpg,downloaded
1779543499-79,MITSUBISHI XPANDER 2024,owner_avatar,https://n1-cstg.mioto.vn/m/avatars/avatar-0.png,downloaded_images\owner_avatars\1779543499-79.png,downloaded
1779543499-80,MAZDA 3 PREMIUM 2017,car,https://n1-pstg.mioto.vn/cho_thue_xe_o_to_tu_lai_thue_xe_du_lich_danang/mazda_3_premium_2017/p/g/2025/04/06/21/G9_mPjSdmOCft5gLhaboTw.jpg,downloaded_images\cars\mazda-3-premium-2017__1779543499-80\01.jpg,downloaded
1779543499-80,MAZDA 3 PREMIUM 2017,car,https://n1-pstg.mioto.vn/cho_thue_xe_o_to_tu_lai_thue_xe_du_lich_danang/mazda_3_premium_2017/p/g/2025/04/06/21/_jwdmP56Nkh-8av1SarolQ.jpg,downloaded_images\cars\mazda-3-premium-2017__1779543499-80\02.jpg,downloaded
1779543499-80,MAZDA 3 PREMIUM 2017,car,https://n1-pstg.mioto.vn/cho_thue_xe_o_to_tu_lai_thue_xe_du_lich_danang/mazda_3_premium_2017/p/g/2025/04/06/21/qdtMIR5ZjUv4ab5lS7GuZQ.jpg,downloaded_images\cars\mazda-3-premium-2017__1779543499-80\03.jpg,downloaded
1779543499-80,MAZDA 3 PREMIUM 2017,car,https://n1-pstg.mioto.vn/cho_thue_xe_o_to_tu_lai_thue_xe_du_lich_danang/mazda_3_premium_2017/p/g/2025/04/06/21/Xu0RTMUA42ED3BgKjC3X7Q.jpg,downloaded_images\cars\mazda-3-premium-2017__1779543499-80\04.jpg,downloaded
1779543499-80,MAZDA 3 PREMIUM 2017,car,https://n1-pstg.mioto.vn/cho_thue_xe_o_to_tu_lai_thue_xe_du_lich_danang/mazda_3_premium_2017/p/g/2025/04/06/21/yjBKRSLzwGVO5PYLWF0kfw.jpg,downloaded_images\cars\mazda-3-premium-2017__1779543499-80\05.jpg,downloaded
1779543499-80,MAZDA 3 PREMIUM 2017,car,https://n1-pstg.mioto.vn/cho_thue_xe_o_to_tu_lai_thue_xe_du_lich_danang/mazda_3_premium_2017/p/g/2025/04/07/10/MzNeGd2KbopCMivl-vNqyw.jpg,downloaded_images\cars\mazda-3-premium-2017__1779543499-80\06.jpg,downloaded
1779543499-80,MAZDA 3 PREMIUM 2017,owner_avatar,https://n1-cstg.mioto.vn/m/avatars/avatar-0.png,downloaded_images\owner_avatars\1779543499-80.png,downloaded
1779543499-81,KIA SORENTO LUXURY 2015,car,https://n1-pstg.mioto.vn/cho_thue_xe_o_to_tu_lai_thue_xe_du_lich_danang/kia_sorento_luxury_2015/p/g/2026/02/22/20/wuUGrS4LLrzs5ayCwBSiyA.jpg,downloaded_images\cars\kia-sorento-luxury-2015__1779543499-81\01.jpg,downloaded
1779543499-81,KIA SORENTO LUXURY 2015,car,https://n1-pstg.mioto.vn/cho_thue_xe_o_to_tu_lai_thue_xe_du_lich_danang/kia_sorento_luxury_2015/p/g/2026/02/22/20/qqa862V_W1RVq4rF2v6PbQ.jpg,downloaded_images\cars\kia-sorento-luxury-2015__1779543499-81\02.jpg,downloaded
1779543499-81,KIA SORENTO LUXURY 2015,car,https://n1-pstg.mioto.vn/cho_thue_xe_o_to_tu_lai_thue_xe_du_lich_danang/kia_sorento_luxury_2015/p/g/2026/02/22/20/wFuSjzRyc6WAJ2GprcVTLA.jpg,downloaded_images\cars\kia-sorento-luxury-2015__1779543499-81\03.jpg,downloaded
1779543499-81,KIA SORENTO LUXURY 2015,car,https://n1-pstg.mioto.vn/cho_thue_xe_o_to_tu_lai_thue_xe_du_lich_danang/kia_sorento_luxury_2015/p/g/2026/02/22/20/dCE4vrZuZ_8Tfj-KR0KEMQ.jpg,downloaded_images\cars\kia-sorento-luxury-2015__1779543499-81\04.jpg,downloaded
1779543499-81,KIA SORENTO LUXURY 2015,car,https://n1-pstg.mioto.vn/cho_thue_xe_o_to_tu_lai_thue_xe_du_lich_danang/kia_sorento_luxury_2015/p/g/2026/02/22/20/40EFlPQQhnQm2l3iQe0XSw.jpg,downloaded_images\cars\kia-sorento-luxury-2015__1779543499-81\05.jpg,downloaded
1779543499-81,KIA SORENTO LUXURY 2015,owner_avatar,https://n1-astg.mioto.vn/g/2023/04/03/11/DQ05TXlv1I364ISANOpg4g.jpg,downloaded_images\owner_avatars\1779543499-81.jpg,downloaded
1779543499-82,KIA CARENS 2025,car,https://n1-pstg.mioto.vn/cho_thue_xe_o_to_tu_lai_thue_xe_du_lich_danang/kia_carens_2025/p/g/2025/10/05/15/-GcRqDAM1sVb-wBKotbA2A.jpg,downloaded_images\cars\kia-carens-2025__1779543499-82\01.jpg,downloaded
1779543499-82,KIA CARENS 2025,car,https://n1-pstg.mioto.vn/cho_thue_xe_o_to_tu_lai_thue_xe_du_lich_danang/kia_carens_2025/p/g/2025/10/05/15/6A4JRw-Sx4or_ixcZdnUcQ.jpg,downloaded_images\cars\kia-carens-2025__1779543499-82\02.jpg,downloaded
1779543499-82,KIA CARENS 2025,car,https://n1-pstg.mioto.vn/cho_thue_xe_o_to_tu_lai_thue_xe_du_lich_danang/kia_carens_2025/p/g/2025/10/05/15/C1kHmytf3Y8dLQXQjuZe0A.jpg,downloaded_images\cars\kia-carens-2025__1779543499-82\03.jpg,downloaded
1779543499-82,KIA CARENS 2025,car,https://n1-pstg.mioto.vn/cho_thue_xe_o_to_tu_lai_thue_xe_du_lich_danang/kia_carens_2025/p/g/2025/10/05/15/fN9IVuCEpLPMWIGEL2JzOg.jpg,downloaded_images\cars\kia-carens-2025__1779543499-82\04.jpg,downloaded
1779543499-82,KIA CARENS 2025,car,https://n1-pstg.mioto.vn/cho_thue_xe_o_to_tu_lai_thue_xe_du_lich_danang/kia_carens_2025/p/g/2025/10/05/17/dvcnF-d2ARuYo79O3jPl_Q.jpg,downloaded_images\cars\kia-carens-2025__1779543499-82\05.jpg,downloaded
1779543499-82,KIA CARENS 2025,owner_avatar,https://n1-cstg.mioto.vn/m/avatars/avatar-2.png,downloaded_images\owner_avatars\1779543499-82.png,downloaded
1779543499-83,KIA CARENS 2025,car,https://n1-pstg.mioto.vn/cho_thue_xe_o_to_tu_lai_thue_xe_du_lich_danang/kia_carens_2025/p/g/2025/04/09/15/Gvx0fPfwyeDxgQ2xInSQtA.jpg,downloaded_images\cars\kia-carens-2025__1779543499-83\01.jpg,downloaded
1779543499-83,KIA CARENS 2025,car,https://n1-pstg.mioto.vn/cho_thue_xe_o_to_tu_lai_thue_xe_du_lich_danang/kia_carens_2025/p/g/2025/04/09/15/3V8-yVP2l5gLAqHooZsAXA.jpg,downloaded_images\cars\kia-carens-2025__1779543499-83\02.jpg,downloaded
1779543499-83,KIA CARENS 2025,car,https://n1-pstg.mioto.vn/cho_thue_xe_o_to_tu_lai_thue_xe_du_lich_danang/kia_carens_2025/p/g/2025/04/09/15/xgTebgn3hbKiF5VTcIAHtw.jpg,downloaded_images\cars\kia-carens-2025__1779543499-83\03.jpg,downloaded
1779543499-83,KIA CARENS 2025,car,https://n1-pstg.mioto.vn/cho_thue_xe_o_to_tu_lai_thue_xe_du_lich_danang/kia_carens_2025/p/g/2025/04/09/15/-lNSxjc6YxAaxMkAHjmMEQ.jpg,downloaded_images\cars\kia-carens-2025__1779543499-83\04.jpg,downloaded
1779543499-83,KIA CARENS 2025,car,https://n1-pstg.mioto.vn/cho_thue_xe_o_to_tu_lai_thue_xe_du_lich_danang/kia_carens_2025/p/g/2025/04/09/15/QLoCsJEyiL4y5FgkGJQtMw.jpg,downloaded_images\cars\kia-carens-2025__1779543499-83\05.jpg,downloaded
1779543499-83,KIA CARENS 2025,car,https://n1-pstg.mioto.vn/cho_thue_xe_o_to_tu_lai_thue_xe_du_lich_danang/kia_carens_2025/p/g/2025/04/09/15/b8Glf_0hdd_XV2v4YmYCzg.jpg,downloaded_images\cars\kia-carens-2025__1779543499-83\06.jpg,downloaded
1779543499-83,KIA CARENS 2025,car,https://n1-pstg.mioto.vn/cho_thue_xe_o_to_tu_lai_thue_xe_du_lich_danang/kia_carens_2025/p/g/2025/04/09/15/xBFA56N_P7Mc5aIRIgKKPA.jpg,downloaded_images\cars\kia-carens-2025__1779543499-83\07.jpg,downloaded
1779543499-83,KIA CARENS 2025,car,https://n1-pstg.mioto.vn/cho_thue_xe_o_to_tu_lai_thue_xe_du_lich_danang/kia_carens_2025/p/g/2025/04/09/15/ECXOT0cHqBXq7l5f9Wmckw.jpg,downloaded_images\cars\kia-carens-2025__1779543499-83\08.jpg,downloaded
1779543499-83,KIA CARENS 2025,owner_avatar,https://n1-astg.mioto.vn/g/2025/01/18/15/4_NwC4vbnWwoZkAFbnOWpA.jpg,downloaded_images\owner_avatars\1779543499-83.jpg,downloaded
1779543499-84,PEUGEOT 3008 2018,car,https://n1-pstg.mioto.vn/cho_thue_xe_o_to_tu_lai_thue_xe_du_lich_danang/peugeot_3008_2018/p/g/2026/03/19/12/tD6mdowbnUYM2lD8Yti1MQ.jpg,downloaded_images\cars\peugeot-3008-2018__1779543499-84\01.jpg,downloaded
1779543499-84,PEUGEOT 3008 2018,car,https://n1-pstg.mioto.vn/cho_thue_xe_o_to_tu_lai_thue_xe_du_lich_danang/peugeot_3008_2018/p/g/2026/03/19/12/kkl1EOTc6fPdRrRva2qL2A.jpg,downloaded_images\cars\peugeot-3008-2018__1779543499-84\02.jpg,downloaded
1779543499-84,PEUGEOT 3008 2018,car,https://n1-pstg.mioto.vn/cho_thue_xe_o_to_tu_lai_thue_xe_du_lich_danang/peugeot_3008_2018/p/g/2026/03/19/12/63MWEJl1TLNDiooRNwosTA.jpg,downloaded_images\cars\peugeot-3008-2018__1779543499-84\03.jpg,downloaded
1779543499-84,PEUGEOT 3008 2018,car,https://n1-pstg.mioto.vn/cho_thue_xe_o_to_tu_lai_thue_xe_du_lich_danang/peugeot_3008_2018/p/g/2026/03/19/12/Ynoj5VYqsF911gqCcADC7Q.jpg,downloaded_images\cars\peugeot-3008-2018__1779543499-84\04.jpg,downloaded
1779543499-84,PEUGEOT 3008 2018,car,https://n1-pstg.mioto.vn/cho_thue_xe_o_to_tu_lai_thue_xe_du_lich_danang/peugeot_3008_2018/p/g/2026/03/19/12/zKVZBOYwOF5HE9bNnFndtg.jpg,downloaded_images\cars\peugeot-3008-2018__1779543499-84\05.jpg,downloaded
1779543499-84,PEUGEOT 3008 2018,owner_avatar,https://n1-astg.mioto.vn/g/2026/03/19/12/fEhaMBeBK9m8N-akEjaFCg.jpg,downloaded_images\owner_avatars\1779543499-84.jpg,downloaded
1779543499-85,HYUNDAI CRETA LUXURY 2025,car,https://n1-pstg.mioto.vn/cho_thue_xe_o_to_tu_lai_thue_xe_du_lich_danang/hyundai_creta_luxury_2025/p/g/2026/03/07/08/YmSdOR9_pQyU4AKbib75mw.jpg,downloaded_images\cars\hyundai-creta-luxury-2025__1779543499-85\01.jpg,downloaded
1779543499-85,HYUNDAI CRETA LUXURY 2025,car,https://n1-pstg.mioto.vn/cho_thue_xe_o_to_tu_lai_thue_xe_du_lich_danang/hyundai_creta_luxury_2025/p/g/2026/03/07/08/-ZGFu9v0YMrip-QrChwUJg.jpg,downloaded_images\cars\hyundai-creta-luxury-2025__1779543499-85\02.jpg,downloaded
1779543499-85,HYUNDAI CRETA LUXURY 2025,car,https://n1-pstg.mioto.vn/cho_thue_xe_o_to_tu_lai_thue_xe_du_lich_danang/hyundai_creta_luxury_2025/p/g/2026/03/07/08/B0uOS2CAO-CiVPOvEo8ZyQ.jpg,downloaded_images\cars\hyundai-creta-luxury-2025__1779543499-85\03.jpg,downloaded
1779543499-85,HYUNDAI CRETA LUXURY 2025,owner_avatar,https://n1-cstg.mioto.vn/m/avatars/avatar-2.png,downloaded_images\owner_avatars\1779543499-85.png,downloaded
1779543499-86,MAZDA CX5 Deluxe 2018,car,https://n1-pstg.mioto.vn/cho_thue_xe_o_to_tu_lai_thue_xe_du_lich_danang/mazda_cx5_deluxe_2018/p/g/2026/03/21/19/RhQP8n5N75il9sDg7sNpFA.jpg,downloaded_images\cars\mazda-cx5-deluxe-2018__1779543499-86\01.jpg,downloaded
1779543499-86,MAZDA CX5 Deluxe 2018,car,https://n1-pstg.mioto.vn/cho_thue_xe_o_to_tu_lai_thue_xe_du_lich_danang/mazda_cx5_deluxe_2018/p/g/2026/03/21/19/nNUeHxXO2bF9-fcN-HrfzQ.jpg,downloaded_images\cars\mazda-cx5-deluxe-2018__1779543499-86\02.jpg,downloaded
1779543499-86,MAZDA CX5 Deluxe 2018,car,https://n1-pstg.mioto.vn/cho_thue_xe_o_to_tu_lai_thue_xe_du_lich_danang/mazda_cx5_deluxe_2018/p/g/2026/03/21/19/VwwiNwXkDqDK8S_b8mmpKQ.jpg,downloaded_images\cars\mazda-cx5-deluxe-2018__1779543499-86\03.jpg,downloaded
1779543499-86,MAZDA CX5 Deluxe 2018,car,https://n1-pstg.mioto.vn/cho_thue_xe_o_to_tu_lai_thue_xe_du_lich_danang/mazda_cx5_deluxe_2018/p/g/2026/03/21/19/wMLPVSIGVWLqmZUsvAeKnw.jpg,downloaded_images\cars\mazda-cx5-deluxe-2018__1779543499-86\04.jpg,downloaded
1779543499-86,MAZDA CX5 Deluxe 2018,owner_avatar,https://n1-astg.mioto.vn/g/2023/08/11/10/vhDaOLUiapwBMzqCVzJ97w.jpg,downloaded_images\owner_avatars\1779543499-86.jpg,downloaded
1779543499-87,FORD TERRITORY TITANIUM 2023,car,https://n1-pstg.mioto.vn/cho_thue_xe_o_to_tu_lai_thue_xe_du_lich_danang/ford_territory_titanium_2023/p/g/2024/10/21/10/XvRDZuPvsPR3b_C1XlKj6w.jpg,downloaded_images\cars\ford-territory-titanium-2023__1779543499-87\01.jpg,downloaded
1779543499-87,FORD TERRITORY TITANIUM 2023,car,https://n1-pstg.mioto.vn/cho_thue_xe_o_to_tu_lai_thue_xe_du_lich_danang/ford_territory_titanium_2023/p/g/2024/10/21/10/R1fJ_rMZk404PO7H4561Bg.jpg,downloaded_images\cars\ford-territory-titanium-2023__1779543499-87\02.jpg,downloaded
1779543499-87,FORD TERRITORY TITANIUM 2023,car,https://n1-pstg.mioto.vn/cho_thue_xe_o_to_tu_lai_thue_xe_du_lich_danang/ford_territory_titanium_2023/p/g/2024/10/21/10/2ZcgDcKrQ1hh_3k5b2Kedw.jpg,downloaded_images\cars\ford-territory-titanium-2023__1779543499-87\03.jpg,downloaded
1779543499-87,FORD TERRITORY TITANIUM 2023,car,https://n1-pstg.mioto.vn/cho_thue_xe_o_to_tu_lai_thue_xe_du_lich_danang/ford_territory_titanium_2023/p/g/2024/10/21/10/aZoNQngaavhNWer2F3xkyw.jpg,downloaded_images\cars\ford-territory-titanium-2023__1779543499-87\04.jpg,downloaded
1779543499-87,FORD TERRITORY TITANIUM 2023,car,https://n1-pstg.mioto.vn/cho_thue_xe_o_to_tu_lai_thue_xe_du_lich_danang/ford_territory_titanium_2023/p/g/2024/10/21/10/shRvttzS8d6T3_UaxS7kew.jpg,downloaded_images\cars\ford-territory-titanium-2023__1779543499-87\05.jpg,downloaded
1779543499-87,FORD TERRITORY TITANIUM 2023,owner_avatar,https://n1-astg.mioto.vn/g/2024/10/30/07/TcVH6Ne9pV1MDLl5yfFZGw.jpg,downloaded_images\owner_avatars\1779543499-87.jpg,downloaded
1779543499-88,MAZDA CX5 Deluxe 2024,car,https://n1-pstg.mioto.vn/cho_thue_xe_o_to_tu_lai_thue_xe_du_lich_danang/mazda_cx5_deluxe_2024/p/g/2026/01/13/08/i-vsixlSkB-3mDoMqy2BXQ.jpg,downloaded_images\cars\mazda-cx5-deluxe-2024__1779543499-88\01.jpg,downloaded
1779543499-88,MAZDA CX5 Deluxe 2024,car,https://n1-pstg.mioto.vn/cho_thue_xe_o_to_tu_lai_thue_xe_du_lich_danang/mazda_cx5_deluxe_2024/p/g/2026/01/13/08/w5lHwTQYZvrP_qTd5MQ94A.jpg,downloaded_images\cars\mazda-cx5-deluxe-2024__1779543499-88\02.jpg,downloaded
1779543499-88,MAZDA CX5 Deluxe 2024,car,https://n1-pstg.mioto.vn/cho_thue_xe_o_to_tu_lai_thue_xe_du_lich_danang/mazda_cx5_deluxe_2024/p/g/2026/01/13/08/KdPc1dWwCU-j4ttpqpe8JQ.jpg,downloaded_images\cars\mazda-cx5-deluxe-2024__1779543499-88\03.jpg,downloaded
1779543499-88,MAZDA CX5 Deluxe 2024,car,https://n1-pstg.mioto.vn/cho_thue_xe_o_to_tu_lai_thue_xe_du_lich_danang/mazda_cx5_deluxe_2024/p/g/2026/01/13/08/XDyq5KTnRUMpCXTpru_RGg.jpg,downloaded_images\cars\mazda-cx5-deluxe-2024__1779543499-88\04.jpg,downloaded
1779543499-88,MAZDA CX5 Deluxe 2024,owner_avatar,https://n1-astg.mioto.vn/g/2026/01/18/14/lXr7kIw3HxCRvaal2WcUcg.jpg,downloaded_images\owner_avatars\1779543499-88.jpg,downloaded
1779543499-89,MAZDA CX5 LUXURY 2025,car,https://n1-pstg.mioto.vn/cho_thue_xe_o_to_tu_lai_thue_xe_du_lich_danang/mazda_cx5_luxury_2025/p/g/2025/07/10/20/mLXhtXNPio8pgqT56tcQKw.jpg,downloaded_images\cars\mazda-cx5-luxury-2025__1779543499-89\01.jpg,downloaded
1779543499-89,MAZDA CX5 LUXURY 2025,car,https://n1-pstg.mioto.vn/cho_thue_xe_o_to_tu_lai_thue_xe_du_lich_danang/mazda_cx5_luxury_2025/p/g/2025/07/10/20/LjChAwKXKbCaPGmzFPseQw.jpg,downloaded_images\cars\mazda-cx5-luxury-2025__1779543499-89\02.jpg,downloaded
1779543499-89,MAZDA CX5 LUXURY 2025,car,https://n1-pstg.mioto.vn/cho_thue_xe_o_to_tu_lai_thue_xe_du_lich_danang/mazda_cx5_luxury_2025/p/g/2025/07/10/20/VRjkMaBYreCIUOESYu1OpQ.jpg,downloaded_images\cars\mazda-cx5-luxury-2025__1779543499-89\03.jpg,downloaded
1779543499-89,MAZDA CX5 LUXURY 2025,owner_avatar,https://n1-cstg.mioto.vn/m/avatars/avatar-4.png,downloaded_images\owner_avatars\1779543499-89.png,downloaded
1779543499-90,HYUNDAI CRETA 2022,car,https://n1-pstg.mioto.vn/cho_thue_xe_o_to_tu_lai_thue_xe_du_lich_danang/hyundai_creta_2022/p/g/2026/04/21/11/4hiykK4gwjavQaHrJCC-fA.jpg,downloaded_images\cars\hyundai-creta-2022__1779543499-90\01.jpg,downloaded
1779543499-90,HYUNDAI CRETA 2022,car,https://n1-pstg.mioto.vn/cho_thue_xe_o_to_tu_lai_thue_xe_du_lich_danang/hyundai_creta_2022/p/g/2026/04/21/11/GzWZXfCaJSJqskXp0vorNA.jpg,downloaded_images\cars\hyundai-creta-2022__1779543499-90\02.jpg,downloaded
1779543499-90,HYUNDAI CRETA 2022,car,https://n1-pstg.mioto.vn/cho_thue_xe_o_to_tu_lai_thue_xe_du_lich_danang/hyundai_creta_2022/p/g/2026/04/21/11/zSLbZ_e3KUD5ZfGN8Wrjew.jpg,downloaded_images\cars\hyundai-creta-2022__1779543499-90\03.jpg,downloaded
1779543499-90,HYUNDAI CRETA 2022,car,https://n1-pstg.mioto.vn/cho_thue_xe_o_to_tu_lai_thue_xe_du_lich_danang/hyundai_creta_2022/p/g/2026/04/21/11/ojJRsQ9n4mpMQ0P0MWW-Rw.jpg,downloaded_images\cars\hyundai-creta-2022__1779543499-90\04.jpg,downloaded
1779543499-90,HYUNDAI CRETA 2022,car,https://n1-pstg.mioto.vn/cho_thue_xe_o_to_tu_lai_thue_xe_du_lich_danang/hyundai_creta_2022/p/g/2026/04/21/11/SRJME2z9fwpND5XhLuKZ2w.jpg,downloaded_images\cars\hyundai-creta-2022__1779543499-90\05.jpg,downloaded
1779543499-90,HYUNDAI CRETA 2022,owner_avatar,https://n1-astg.mioto.vn/g/2026/04/23/10/eyyvMHwi-faJYmTjWdDI2A.jpg,downloaded_images\owner_avatars\1779543499-90.jpg,downloaded
1779543499-91,MG ZS STANDARD 2024,car,https://n1-pstg.mioto.vn/cho_thue_xe_o_to_tu_lai_thue_xe_du_lich_danang/mg_zs_standard_2024/p/g/2024/06/15/23/hINbh4Cp-ZkMzl4SfVZhMQ.jpg,downloaded_images\cars\mg-zs-standard-2024__1779543499-91\01.jpg,downloaded
1779543499-91,MG ZS STANDARD 2024,car,https://n1-pstg.mioto.vn/cho_thue_xe_o_to_tu_lai_thue_xe_du_lich_danang/mg_zs_standard_2024/p/g/2024/06/15/23/CanQABC4eVwEcsq986qkRg.jpg,downloaded_images\cars\mg-zs-standard-2024__1779543499-91\02.jpg,downloaded
1779543499-91,MG ZS STANDARD 2024,car,https://n1-pstg.mioto.vn/cho_thue_xe_o_to_tu_lai_thue_xe_du_lich_danang/mg_zs_standard_2024/p/g/2024/06/15/23/3hjNQFu7sXYlosW0jvjfYA.jpg,downloaded_images\cars\mg-zs-standard-2024__1779543499-91\03.jpg,downloaded
1779543499-91,MG ZS STANDARD 2024,car,https://n1-pstg.mioto.vn/cho_thue_xe_o_to_tu_lai_thue_xe_du_lich_danang/mg_zs_standard_2024/p/g/2024/06/15/23/IQ6Qa56JctcWUAUte9Azyw.jpg,downloaded_images\cars\mg-zs-standard-2024__1779543499-91\04.jpg,downloaded
1779543499-91,MG ZS STANDARD 2024,car,https://n1-pstg.mioto.vn/cho_thue_xe_o_to_tu_lai_thue_xe_du_lich_danang/mg_zs_standard_2024/p/g/2024/06/15/23/c5YLtmHtNnVfYV5LjHifWQ.jpg,downloaded_images\cars\mg-zs-standard-2024__1779543499-91\05.jpg,downloaded
1779543499-91,MG ZS STANDARD 2024,owner_avatar,https://n1-cstg.mioto.vn/m/avatars/avatar-8.png,downloaded_images\owner_avatars\1779543499-91.png,downloaded
1779543499-92,KIA CARENS PREMIUM 2023,car,https://n1-pstg.mioto.vn/cho_thue_xe_o_to_tu_lai_thue_xe_du_lich_danang/kia_carens_premium_2023/p/g/2024/09/02/15/1zXy8GwB7sJcY6dX1oCXUg.jpg,downloaded_images\cars\kia-carens-premium-2023__1779543499-92\01.jpg,downloaded
1779543499-92,KIA CARENS PREMIUM 2023,car,https://n1-pstg.mioto.vn/cho_thue_xe_o_to_tu_lai_thue_xe_du_lich_danang/kia_carens_premium_2023/p/g/2024/09/02/15/_-YRrHXyb_CFfW7w91lP1A.jpg,downloaded_images\cars\kia-carens-premium-2023__1779543499-92\02.jpg,downloaded
1779543499-92,KIA CARENS PREMIUM 2023,car,https://n1-pstg.mioto.vn/cho_thue_xe_o_to_tu_lai_thue_xe_du_lich_danang/kia_carens_premium_2023/p/g/2024/09/02/15/-MmkB_aAJ4WOvxdk4ts2Uw.jpg,downloaded_images\cars\kia-carens-premium-2023__1779543499-92\03.jpg,downloaded
1779543499-92,KIA CARENS PREMIUM 2023,car,https://n1-pstg.mioto.vn/cho_thue_xe_o_to_tu_lai_thue_xe_du_lich_danang/kia_carens_premium_2023/p/g/2024/09/02/15/oNX_rw8jqslwBRYzFCF-Fw.jpg,downloaded_images\cars\kia-carens-premium-2023__1779543499-92\04.jpg,downloaded
1779543499-92,KIA CARENS PREMIUM 2023,car,https://n1-pstg.mioto.vn/cho_thue_xe_o_to_tu_lai_thue_xe_du_lich_danang/kia_carens_premium_2023/p/g/2026/02/25/19/WhBg9JVjOwB9omFKEH2O-Q.jpg,downloaded_images\cars\kia-carens-premium-2023__1779543499-92\05.jpg,downloaded
1779543499-92,KIA CARENS PREMIUM 2023,owner_avatar,https://n1-astg.mioto.vn/g/2026/04/16/00/9wgUf5DQ-UMwaf2moUAWNA.jpg,downloaded_images\owner_avatars\1779543499-92.jpg,downloaded
1779543499-93,MAZDA 2 2024,car,https://n1-pstg.mioto.vn/cho_thue_xe_o_to_tu_lai_thue_xe_du_lich_danang/mazda_2_2024/p/g/2026/00/16/14/K0FNQkXHUhsiTOs6XMtdlA.jpg,downloaded_images\cars\mazda-2-2024__1779543499-93\01.jpg,downloaded
1779543499-93,MAZDA 2 2024,car,https://n1-pstg.mioto.vn/cho_thue_xe_o_to_tu_lai_thue_xe_du_lich_danang/mazda_2_2024/p/g/2026/00/16/14/29teZLLYTMwtQhI-n0eEgw.jpg,downloaded_images\cars\mazda-2-2024__1779543499-93\02.jpg,downloaded
1779543499-93,MAZDA 2 2024,car,https://n1-pstg.mioto.vn/cho_thue_xe_o_to_tu_lai_thue_xe_du_lich_danang/mazda_2_2024/p/g/2026/00/16/14/FwGxymvQ56B0HNV8XMFvmA.jpg,downloaded_images\cars\mazda-2-2024__1779543499-93\03.jpg,downloaded
1779543499-93,MAZDA 2 2024,car,https://n1-pstg.mioto.vn/cho_thue_xe_o_to_tu_lai_thue_xe_du_lich_danang/mazda_2_2024/p/g/2026/00/16/14/pUze-8xKAA0QqwAd6BEluQ.jpg,downloaded_images\cars\mazda-2-2024__1779543499-93\04.jpg,downloaded
1779543499-93,MAZDA 2 2024,car,https://n1-pstg.mioto.vn/cho_thue_xe_o_to_tu_lai_thue_xe_du_lich_danang/mazda_2_2024/p/g/2026/00/16/14/YZ3T-DW0DTEkewSpv6fVIQ.jpg,downloaded_images\cars\mazda-2-2024__1779543499-93\05.jpg,downloaded
1779543499-93,MAZDA 2 2024,owner_avatar,https://n1-cstg.mioto.vn/m/avatars/avatar-5.png,downloaded_images\owner_avatars\1779543499-93.png,downloaded
1779543499-94,HONDA CITY 2024,car,https://n1-pstg.mioto.vn/cho_thue_xe_o_to_tu_lai_thue_xe_du_lich_danang/honda_city_2024/p/g/2024/05/17/20/emXyXyzsezo-rDr2Q_3UEQ.jpg,downloaded_images\cars\honda-city-2024__1779543499-94\01.jpg,downloaded
1779543499-94,HONDA CITY 2024,car,https://n1-pstg.mioto.vn/cho_thue_xe_o_to_tu_lai_thue_xe_du_lich_danang/honda_city_2024/p/g/2024/05/17/20/CjU2q_hgYzt9vONl0oy1gw.jpg,downloaded_images\cars\honda-city-2024__1779543499-94\02.jpg,downloaded
1779543499-94,HONDA CITY 2024,car,https://n1-pstg.mioto.vn/cho_thue_xe_o_to_tu_lai_thue_xe_du_lich_danang/honda_city_2024/p/g/2024/05/17/20/2dysb_F5xaM8DiEL6B1Bqw.jpg,downloaded_images\cars\honda-city-2024__1779543499-94\03.jpg,downloaded
1779543499-94,HONDA CITY 2024,car,https://n1-pstg.mioto.vn/cho_thue_xe_o_to_tu_lai_thue_xe_du_lich_danang/honda_city_2024/p/g/2024/05/17/20/5r8X_gHu-jl2Iq4Md_k_ew.jpg,downloaded_images\cars\honda-city-2024__1779543499-94\04.jpg,downloaded
1779543499-94,HONDA CITY 2024,car,https://n1-pstg.mioto.vn/cho_thue_xe_o_to_tu_lai_thue_xe_du_lich_danang/honda_city_2024/p/g/2024/05/17/20/9XgYvS4prH80Za6Ae5t5tQ.jpg,downloaded_images\cars\honda-city-2024__1779543499-94\05.jpg,downloaded
1779543499-94,HONDA CITY 2024,owner_avatar,https://n1-cstg.mioto.vn/m/avatars/avatar-5.png,downloaded_images\owner_avatars\1779543499-94.png,downloaded
1779543499-95,MAZDA CX8 PREMIUM 2023,car,https://n1-pstg.mioto.vn/cho_thue_xe_o_to_tu_lai_thue_xe_du_lich_danang/mazda_cx8_premium_2023/p/g/2024/05/21/18/HRLsHqzs3yU3GJ2KIEOUkQ.jpg,downloaded_images\cars\mazda-cx8-premium-2023__1779543499-95\01.jpg,downloaded
1779543499-95,MAZDA CX8 PREMIUM 2023,car,https://n1-pstg.mioto.vn/cho_thue_xe_o_to_tu_lai_thue_xe_du_lich_danang/mazda_cx8_premium_2023/p/g/2025/01/06/17/kFaZaplTY30kKvUMY6-GfQ.jpg,downloaded_images\cars\mazda-cx8-premium-2023__1779543499-95\02.jpg,downloaded
1779543499-95,MAZDA CX8 PREMIUM 2023,car,https://n1-pstg.mioto.vn/cho_thue_xe_o_to_tu_lai_thue_xe_du_lich_danang/mazda_cx8_premium_2023/p/g/2024/05/22/16/pX2M-Hal4jXzDFEqMmRj9A.jpg,downloaded_images\cars\mazda-cx8-premium-2023__1779543499-95\03.jpg,downloaded
1779543499-95,MAZDA CX8 PREMIUM 2023,car,https://n1-pstg.mioto.vn/cho_thue_xe_o_to_tu_lai_thue_xe_du_lich_danang/mazda_cx8_premium_2023/p/g/2024/05/22/16/qw39vHtObvEC9mKAdZwh1w.jpg,downloaded_images\cars\mazda-cx8-premium-2023__1779543499-95\04.jpg,downloaded
1779543499-95,MAZDA CX8 PREMIUM 2023,car,https://n1-pstg.mioto.vn/cho_thue_xe_o_to_tu_lai_thue_xe_du_lich_danang/mazda_cx8_premium_2023/p/g/2024/05/22/16/f8fz4mRK0cytWQT7wFp_iw.jpg,downloaded_images\cars\mazda-cx8-premium-2023__1779543499-95\05.jpg,downloaded
1779543499-95,MAZDA CX8 PREMIUM 2023,owner_avatar,https://n1-astg.mioto.vn/g/2025/06/29/01/lOoZDNUwCwH4pKsV_AbpEw.jpg,downloaded_images\owner_avatars\1779543499-95.jpg,downloaded
1779543499-96,VINFAST VF5 2025,car,https://n1-pstg.mioto.vn/cho_thue_xe_o_to_tu_lai_thue_xe_du_lich_danang/vinfast_vf5_2025/p/g/2026/01/12/17/Csz4x-8pFHVB2awrBBcHAw.jpg,downloaded_images\cars\vinfast-vf5-2025__1779543499-96\01.jpg,downloaded
1779543499-96,VINFAST VF5 2025,car,https://n1-pstg.mioto.vn/cho_thue_xe_o_to_tu_lai_thue_xe_du_lich_danang/vinfast_vf5_2025/p/g/2026/01/12/17/5sNu4mze5xhPejLMCMijwA.jpg,downloaded_images\cars\vinfast-vf5-2025__1779543499-96\02.jpg,downloaded
1779543499-96,VINFAST VF5 2025,car,https://n1-pstg.mioto.vn/cho_thue_xe_o_to_tu_lai_thue_xe_du_lich_danang/vinfast_vf5_2025/p/g/2026/01/12/17/osf4uGvZmuUqKkhqkThrBw.jpg,downloaded_images\cars\vinfast-vf5-2025__1779543499-96\03.jpg,downloaded
1779543499-96,VINFAST VF5 2025,car,https://n1-pstg.mioto.vn/cho_thue_xe_o_to_tu_lai_thue_xe_du_lich_danang/vinfast_vf5_2025/p/g/2026/01/12/17/7ihyPr9jhfCF0PZnmTGiyw.jpg,downloaded_images\cars\vinfast-vf5-2025__1779543499-96\04.jpg,downloaded
1779543499-96,VINFAST VF5 2025,car,https://n1-pstg.mioto.vn/cho_thue_xe_o_to_tu_lai_thue_xe_du_lich_danang/vinfast_vf5_2025/p/g/2026/01/12/17/iC2aslF1KaD3zJqasf1kzw.jpg,downloaded_images\cars\vinfast-vf5-2025__1779543499-96\05.jpg,downloaded
1779543499-96,VINFAST VF5 2025,owner_avatar,https://n1-astg.mioto.vn/g/2026/01/22/22/3eKu0kqYKCYxlRPxEKfpug.jpg,downloaded_images\owner_avatars\1779543499-96.jpg,downloaded
1779543499-97,VINFAST LIMO GREEN 2025,car,https://n1-pstg.mioto.vn/cho_thue_xe_o_to_tu_lai_thue_xe_du_lich_danang/vinfast_limo_green_2025/p/g/2026/03/11/12/6XF79lQDPJVCsEL1Os6-wg.jpg,downloaded_images\cars\vinfast-limo-green-2025__1779543499-97\01.jpg,downloaded
1779543499-97,VINFAST LIMO GREEN 2025,car,https://n1-pstg.mioto.vn/cho_thue_xe_o_to_tu_lai_thue_xe_du_lich_danang/vinfast_limo_green_2025/p/g/2026/03/11/12/F1dsj5xt4WXCZ0zMtfKiuQ.jpg,downloaded_images\cars\vinfast-limo-green-2025__1779543499-97\02.jpg,downloaded
1779543499-97,VINFAST LIMO GREEN 2025,car,https://n1-pstg.mioto.vn/cho_thue_xe_o_to_tu_lai_thue_xe_du_lich_danang/vinfast_limo_green_2025/p/g/2026/03/11/12/vWbXgM4J9gzNKluvbVx2zQ.jpg,downloaded_images\cars\vinfast-limo-green-2025__1779543499-97\03.jpg,downloaded
1779543499-97,VINFAST LIMO GREEN 2025,car,https://n1-pstg.mioto.vn/cho_thue_xe_o_to_tu_lai_thue_xe_du_lich_danang/vinfast_limo_green_2025/p/g/2026/03/11/12/udOvp9_2bt90AitP0Jd_hg.jpg,downloaded_images\cars\vinfast-limo-green-2025__1779543499-97\04.jpg,downloaded
1779543499-97,VINFAST LIMO GREEN 2025,car,https://n1-pstg.mioto.vn/cho_thue_xe_o_to_tu_lai_thue_xe_du_lich_danang/vinfast_limo_green_2025/p/g/2026/03/11/12/1hkyqafXOsfelYsvO6aw_A.jpg,downloaded_images\cars\vinfast-limo-green-2025__1779543499-97\05.jpg,downloaded
1779543499-97,VINFAST LIMO GREEN 2025,owner_avatar,https://n1-cstg.mioto.vn/m/avatars/avatar-2.png,downloaded_images\owner_avatars\1779543499-97.png,downloaded
1779543499-98,MAZDA 3 Deluxe 2022,car,https://n1-pstg.mioto.vn/cho_thue_xe_o_to_tu_lai_thue_xe_du_lich_danang/mazda_3_deluxe_2022/p/g/2025/05/14/10/1Ivu2dDwFadrJobxV0cs0Q.jpg,downloaded_images\cars\mazda-3-deluxe-2022__1779543499-98\01.jpg,downloaded
1779543499-98,MAZDA 3 Deluxe 2022,car,https://n1-pstg.mioto.vn/cho_thue_xe_o_to_tu_lai_thue_xe_du_lich_danang/mazda_3_deluxe_2022/p/g/2025/05/14/10/4GQ3e_rHBoKkcUz4Rm9Wdw.jpg,downloaded_images\cars\mazda-3-deluxe-2022__1779543499-98\02.jpg,downloaded
1779543499-98,MAZDA 3 Deluxe 2022,car,https://n1-pstg.mioto.vn/cho_thue_xe_o_to_tu_lai_thue_xe_du_lich_danang/mazda_3_deluxe_2022/p/g/2025/05/23/17/YfYkHczkwwXa2zUs9NG2OQ.jpg,downloaded_images\cars\mazda-3-deluxe-2022__1779543499-98\03.jpg,downloaded
1779543499-98,MAZDA 3 Deluxe 2022,car,https://n1-pstg.mioto.vn/cho_thue_xe_o_to_tu_lai_thue_xe_du_lich_danang/mazda_3_deluxe_2022/p/g/2025/05/23/17/-S-Ha-fTpisY_uiR5xPzRw.jpg,downloaded_images\cars\mazda-3-deluxe-2022__1779543499-98\04.jpg,downloaded
1779543499-98,MAZDA 3 Deluxe 2022,car,https://n1-pstg.mioto.vn/cho_thue_xe_o_to_tu_lai_thue_xe_du_lich_danang/mazda_3_deluxe_2022/p/g/2025/05/23/17/hTtdIHOeV9JobyVWYvpN8A.jpg,downloaded_images\cars\mazda-3-deluxe-2022__1779543499-98\05.jpg,downloaded
1779543499-98,MAZDA 3 Deluxe 2022,owner_avatar,https://n1-cstg.mioto.vn/m/avatars/avatar-1.png,downloaded_images\owner_avatars\1779543499-98.png,downloaded
1779543499-99,VINFAST VF3 2025,car,https://n1-pstg.mioto.vn/cho_thue_xe_o_to_tu_lai_thue_xe_du_lich_danang/vinfast_vf3_2025/p/g/2026/02/23/10/8dYjEpF813tEqKefoNzyHw.jpg,downloaded_images\cars\vinfast-vf3-2025__1779543499-99\01.jpg,downloaded
1779543499-99,VINFAST VF3 2025,car,https://n1-pstg.mioto.vn/cho_thue_xe_o_to_tu_lai_thue_xe_du_lich_danang/vinfast_vf3_2025/p/g/2026/02/23/10/m5q_cA3E5qUFRYqkKksLCw.jpg,downloaded_images\cars\vinfast-vf3-2025__1779543499-99\02.jpg,downloaded
1779543499-99,VINFAST VF3 2025,car,https://n1-pstg.mioto.vn/cho_thue_xe_o_to_tu_lai_thue_xe_du_lich_danang/vinfast_vf3_2025/p/g/2026/02/23/10/rgSKxWHb7IFkg-FOzZCoqg.jpg,downloaded_images\cars\vinfast-vf3-2025__1779543499-99\03.jpg,downloaded
1779543499-99,VINFAST VF3 2025,car,https://n1-pstg.mioto.vn/cho_thue_xe_o_to_tu_lai_thue_xe_du_lich_danang/vinfast_vf3_2025/p/g/2026/02/23/10/gDqvks6cmu-zCZczj9kvhA.jpg,downloaded_images\cars\vinfast-vf3-2025__1779543499-99\04.jpg,downloaded
1779543499-99,VINFAST VF3 2025,owner_avatar,https://n1-cstg.mioto.vn/m/avatars/avatar-2.png,downloaded_images\owner_avatars\1779543499-99.png,downloaded
1779543499-100,MITSUBISHI OUTLANDER Premium 2020,car,https://n1-pstg.mioto.vn/cho_thue_xe_o_to_tu_lai_thue_xe_du_lich_danang/mitsubishi_outlander_premium_2020/p/g/2026/04/04/18/xVIPndaxQOVtrlto6p7gmQ.jpg,downloaded_images\cars\mitsubishi-outlander-premium-2020__1779543499-100\01.jpg,downloaded
1779543499-100,MITSUBISHI OUTLANDER Premium 2020,car,https://n1-pstg.mioto.vn/cho_thue_xe_o_to_tu_lai_thue_xe_du_lich_danang/mitsubishi_outlander_premium_2020/p/g/2026/04/04/18/3N9gE6qLp-ybkAy3BGTqyA.jpg,downloaded_images\cars\mitsubishi-outlander-premium-2020__1779543499-100\02.jpg,downloaded
1779543499-100,MITSUBISHI OUTLANDER Premium 2020,car,https://n1-pstg.mioto.vn/cho_thue_xe_o_to_tu_lai_thue_xe_du_lich_danang/mitsubishi_outlander_premium_2020/p/g/2026/04/04/18/UwbmPIpCy7KscjEqdo3hdw.jpg,downloaded_images\cars\mitsubishi-outlander-premium-2020__1779543499-100\03.jpg,downloaded
1779543499-100,MITSUBISHI OUTLANDER Premium 2020,car,https://n1-pstg.mioto.vn/cho_thue_xe_o_to_tu_lai_thue_xe_du_lich_danang/mitsubishi_outlander_premium_2020/p/g/2026/04/04/18/EItAyexo23jwo-5vowft3Q.jpg,downloaded_images\cars\mitsubishi-outlander-premium-2020__1779543499-100\04.jpg,downloaded
1779543499-100,MITSUBISHI OUTLANDER Premium 2020,car,https://n1-pstg.mioto.vn/cho_thue_xe_o_to_tu_lai_thue_xe_du_lich_danang/mitsubishi_outlander_premium_2020/p/g/2026/04/04/18/HVjB16K2Qwa3B-kXsYOsQg.jpg,downloaded_images\cars\mitsubishi-outlander-premium-2020__1779543499-100\05.jpg,downloaded
1779543499-100,MITSUBISHI OUTLANDER Premium 2020,owner_avatar,https://n1-astg.mioto.vn/g/2024/11/18/16/aRdsHoHWvcLy3vMddkahFA.jpg,downloaded_images\owner_avatars\1779543499-100.jpg,downloaded
1779543499-101,HYUNDAI VENUE 2025,car,https://n1-pstg.mioto.vn/cho_thue_xe_o_to_tu_lai_thue_xe_du_lich_danang/hyundai_venue_2025/p/g/2025/11/04/14/ti08t1fFa3ilbBRbBt6mqQ.jpg,downloaded_images\cars\hyundai-venue-2025__1779543499-101\01.jpg,downloaded
1779543499-101,HYUNDAI VENUE 2025,car,https://n1-pstg.mioto.vn/cho_thue_xe_o_to_tu_lai_thue_xe_du_lich_danang/hyundai_venue_2025/p/g/2025/11/04/14/ASdXzOAYtMU6p0E6qF9d9w.jpg,downloaded_images\cars\hyundai-venue-2025__1779543499-101\02.jpg,downloaded
1779543499-101,HYUNDAI VENUE 2025,car,https://n1-pstg.mioto.vn/cho_thue_xe_o_to_tu_lai_thue_xe_du_lich_danang/hyundai_venue_2025/p/g/2025/11/04/14/IRvuMldH6jsepVGVsLPxVQ.jpg,downloaded_images\cars\hyundai-venue-2025__1779543499-101\03.jpg,downloaded
1779543499-101,HYUNDAI VENUE 2025,car,https://n1-pstg.mioto.vn/cho_thue_xe_o_to_tu_lai_thue_xe_du_lich_danang/hyundai_venue_2025/p/g/2025/11/04/14/PUy_NXDvnU6gM2d9KSr1uQ.jpg,downloaded_images\cars\hyundai-venue-2025__1779543499-101\04.jpg,downloaded
1779543499-101,HYUNDAI VENUE 2025,owner_avatar,https://n1-cstg.mioto.vn/m/avatars/avatar-7.png,downloaded_images\owner_avatars\1779543499-101.png,downloaded
1779543499-102,MAZDA CX5 PREMIUM 2019,car,https://n1-pstg.mioto.vn/cho_thue_xe_o_to_tu_lai_thue_xe_du_lich_danang/mazda_cx5_premium_2019/p/g/2024/07/24/08/lNu4X20x9hq485ZVMFDVjw.jpg,downloaded_images\cars\mazda-cx5-premium-2019__1779543499-102\01.jpg,downloaded
1779543499-102,MAZDA CX5 PREMIUM 2019,car,https://n1-pstg.mioto.vn/cho_thue_xe_o_to_tu_lai_thue_xe_du_lich_danang/mazda_cx5_premium_2019/p/g/2024/07/24/09/DxtL6pA67ZnkwbJzLqkkuQ.jpg,downloaded_images\cars\mazda-cx5-premium-2019__1779543499-102\02.jpg,downloaded
1779543499-102,MAZDA CX5 PREMIUM 2019,car,https://n1-pstg.mioto.vn/cho_thue_xe_o_to_tu_lai_thue_xe_du_lich_danang/mazda_cx5_premium_2019/p/g/2024/07/24/09/vIHQ8_EkOTI5RfUmX4jGXQ.jpg,downloaded_images\cars\mazda-cx5-premium-2019__1779543499-102\03.jpg,downloaded
1779543499-102,MAZDA CX5 PREMIUM 2019,car,https://n1-pstg.mioto.vn/cho_thue_xe_o_to_tu_lai_thue_xe_du_lich_danang/mazda_cx5_premium_2019/p/g/2024/07/24/09/v2GOFVuCA-ya7MoRRQO1UA.jpg,downloaded_images\cars\mazda-cx5-premium-2019__1779543499-102\04.jpg,downloaded
1779543499-102,MAZDA CX5 PREMIUM 2019,owner_avatar,https://n1-astg.mioto.vn/g/2024/07/24/11/xHpgFjjHXa253y5bn9GQtQ.jpg,downloaded_images\owner_avatars\1779543499-102.jpg,downloaded
1779543499-103,VINFAST VF3 2025,car,https://n1-pstg.mioto.vn/cho_thue_xe_o_to_tu_lai_thue_xe_du_lich_danang/vinfast_vf3_2025/p/g/2026/03/10/08/bkI3KZTupGj2I6NsrmKC8g.jpg,downloaded_images\cars\vinfast-vf3-2025__1779543499-103\01.jpg,downloaded
1779543499-103,VINFAST VF3 2025,car,https://n1-pstg.mioto.vn/cho_thue_xe_o_to_tu_lai_thue_xe_du_lich_danang/vinfast_vf3_2025/p/g/2026/03/10/08/4WIgCn5QQBxwWA_VVo1EAg.jpg,downloaded_images\cars\vinfast-vf3-2025__1779543499-103\02.jpg,downloaded
1779543499-103,VINFAST VF3 2025,car,https://n1-pstg.mioto.vn/cho_thue_xe_o_to_tu_lai_thue_xe_du_lich_danang/vinfast_vf3_2025/p/g/2026/03/10/08/nCYPpW2CbAutHmv8YyVq2A.jpg,downloaded_images\cars\vinfast-vf3-2025__1779543499-103\03.jpg,downloaded
1779543499-103,VINFAST VF3 2025,car,https://n1-pstg.mioto.vn/cho_thue_xe_o_to_tu_lai_thue_xe_du_lich_danang/vinfast_vf3_2025/p/g/2026/03/10/08/uJPI1ZTd9MFiSp7yd1iUFA.jpg,downloaded_images\cars\vinfast-vf3-2025__1779543499-103\04.jpg,downloaded
1779543499-103,VINFAST VF3 2025,car,https://n1-pstg.mioto.vn/cho_thue_xe_o_to_tu_lai_thue_xe_du_lich_danang/vinfast_vf3_2025/p/g/2026/03/10/08/Fs9bp0D2jYycO4SNtIXxmQ.jpg,downloaded_images\cars\vinfast-vf3-2025__1779543499-103\05.jpg,downloaded
1779543499-103,VINFAST VF3 2025,owner_avatar,https://n1-cstg.mioto.vn/m/avatars/avatar-0.png,downloaded_images\owner_avatars\1779543499-103.png,downloaded
1779543499-104,TOYOTA VELOZ CROSS 2022,car,https://n1-pstg.mioto.vn/cho_thue_xe_o_to_tu_lai_thue_xe_du_lich_danang/toyota_veloz_cross_2022/p/g/2026/02/28/10/D8o9mS4QMABLKiw-4pbIbg.jpg,downloaded_images\cars\toyota-veloz-cross-2022__1779543499-104\01.jpg,downloaded
1779543499-104,TOYOTA VELOZ CROSS 2022,car,https://n1-pstg.mioto.vn/cho_thue_xe_o_to_tu_lai_thue_xe_du_lich_danang/toyota_veloz_cross_2022/p/g/2026/02/28/10/JkuHUsh_UhcvGoiGmuYAww.jpg,downloaded_images\cars\toyota-veloz-cross-2022__1779543499-104\02.jpg,downloaded
1779543499-104,TOYOTA VELOZ CROSS 2022,car,https://n1-pstg.mioto.vn/cho_thue_xe_o_to_tu_lai_thue_xe_du_lich_danang/toyota_veloz_cross_2022/p/g/2026/02/28/10/4VeYDOzELQWHGfZFsy6GPw.jpg,downloaded_images\cars\toyota-veloz-cross-2022__1779543499-104\03.jpg,downloaded
1779543499-104,TOYOTA VELOZ CROSS 2022,car,https://n1-pstg.mioto.vn/cho_thue_xe_o_to_tu_lai_thue_xe_du_lich_danang/toyota_veloz_cross_2022/p/g/2026/02/28/10/kZDW4oqAL6I8a3hbhwP6vw.jpg,downloaded_images\cars\toyota-veloz-cross-2022__1779543499-104\04.jpg,downloaded
1779543499-104,TOYOTA VELOZ CROSS 2022,car,https://n1-pstg.mioto.vn/cho_thue_xe_o_to_tu_lai_thue_xe_du_lich_danang/toyota_veloz_cross_2022/p/g/2026/02/28/10/wueB70aghU1vzT1VVpT6Uw.jpg,downloaded_images\cars\toyota-veloz-cross-2022__1779543499-104\05.jpg,downloaded
1779543499-104,TOYOTA VELOZ CROSS 2022,owner_avatar,https://n1-astg.mioto.vn/g/2026/02/28/10/qOZslReb6f7YmQeJC70ymA.jpg,downloaded_images\owner_avatars\1779543499-104.jpg,downloaded
1779543499-105,VINFAST VF3 2025,car,https://n1-pstg.mioto.vn/cho_thue_xe_o_to_tu_lai_thue_xe_du_lich_danang/vinfast_vf3_2025/p/g/2025/04/05/10/FjDv_UVTtAFEjJ1Ov1f6mw.jpg,downloaded_images\cars\vinfast-vf3-2025__1779543499-105\01.jpg,downloaded
1779543499-105,VINFAST VF3 2025,car,https://n1-pstg.mioto.vn/cho_thue_xe_o_to_tu_lai_thue_xe_du_lich_danang/vinfast_vf3_2025/p/g/2025/04/05/10/HihZ27gyjDiztKBkE6EtkQ.jpg,downloaded_images\cars\vinfast-vf3-2025__1779543499-105\02.jpg,downloaded
1779543499-105,VINFAST VF3 2025,car,https://n1-pstg.mioto.vn/cho_thue_xe_o_to_tu_lai_thue_xe_du_lich_danang/vinfast_vf3_2025/p/g/2025/04/05/10/lxLy-e7kwIDwnVFOT5gGZg.jpg,downloaded_images\cars\vinfast-vf3-2025__1779543499-105\03.jpg,downloaded
1779543499-105,VINFAST VF3 2025,car,https://n1-pstg.mioto.vn/cho_thue_xe_o_to_tu_lai_thue_xe_du_lich_danang/vinfast_vf3_2025/p/g/2025/04/05/10/9y1vnIxOZOGqmVPBRdBSwQ.jpg,downloaded_images\cars\vinfast-vf3-2025__1779543499-105\04.jpg,downloaded
1779543499-105,VINFAST VF3 2025,car,https://n1-pstg.mioto.vn/cho_thue_xe_o_to_tu_lai_thue_xe_du_lich_danang/vinfast_vf3_2025/p/g/2025/04/05/10/sF0lXPxT9L2HG_rOXQIxAQ.jpg,downloaded_images\cars\vinfast-vf3-2025__1779543499-105\05.jpg,downloaded
1779543499-105,VINFAST VF3 2025,owner_avatar,https://n1-astg.mioto.vn/g/2025/04/05/19/o7y53hv54fYnOPTZ-h0gsw.jpg,downloaded_images\owner_avatars\1779543499-105.jpg,downloaded
1779543499-106,MITSUBISHI ATTRAGE 2023,car,https://n1-pstg.mioto.vn/cho_thue_xe_o_to_tu_lai_thue_xe_du_lich_danang/mitsubishi_attrage_2023/p/g/2023/05/26/16/AxGakQjQtgXDIw96l-aBlg.jpg,downloaded_images\cars\mitsubishi-attrage-2023__1779543499-106\01.jpg,downloaded
1779543499-106,MITSUBISHI ATTRAGE 2023,car,https://n1-pstg.mioto.vn/cho_thue_xe_o_to_tu_lai_thue_xe_du_lich_danang/mitsubishi_attrage_2023/p/g/2023/05/26/16/N7rPnw-yw2BxcUHEiLlybg.jpg,downloaded_images\cars\mitsubishi-attrage-2023__1779543499-106\02.jpg,downloaded
1779543499-106,MITSUBISHI ATTRAGE 2023,car,https://n1-pstg.mioto.vn/cho_thue_xe_o_to_tu_lai_thue_xe_du_lich_danang/mitsubishi_attrage_2023/p/g/2023/05/26/16/8R91MEVUq6Nw_RRDsr2-Aw.jpg,downloaded_images\cars\mitsubishi-attrage-2023__1779543499-106\03.jpg,downloaded
1779543499-106,MITSUBISHI ATTRAGE 2023,car,https://n1-pstg.mioto.vn/cho_thue_xe_o_to_tu_lai_thue_xe_du_lich_danang/mitsubishi_attrage_2023/p/g/2023/02/28/14/Hp_W6qjHBhcXaoncQ7QGnA.jpg,downloaded_images\cars\mitsubishi-attrage-2023__1779543499-106\04.jpg,downloaded
1779543499-106,MITSUBISHI ATTRAGE 2023,owner_avatar,https://n1-astg.mioto.vn/g/2023/02/31/06/xC4fGXCMYgMHldsiTpmrHA.jpg,downloaded_images\owner_avatars\1779543499-106.jpg,downloaded
1779543499-107,FORD RANGER XLS 4X4 2025,car,https://n1-pstg.mioto.vn/cho_thue_xe_o_to_tu_lai_thue_xe_du_lich_danang/ford_ranger_xls_4x4_2025/p/g/2026/01/11/10/Kd0-tMsJJtzBF3yi_aRN8w.jpg,downloaded_images\cars\ford-ranger-xls-4x4-2025__1779543499-107\01.jpg,downloaded
1779543499-107,FORD RANGER XLS 4X4 2025,car,https://n1-pstg.mioto.vn/cho_thue_xe_o_to_tu_lai_thue_xe_du_lich_danang/ford_ranger_xls_4x4_2025/p/g/2026/01/11/10/GjQzOGt-EQ7_YwcosYBcBA.jpg,downloaded_images\cars\ford-ranger-xls-4x4-2025__1779543499-107\02.jpg,downloaded
1779543499-107,FORD RANGER XLS 4X4 2025,car,https://n1-pstg.mioto.vn/cho_thue_xe_o_to_tu_lai_thue_xe_du_lich_danang/ford_ranger_xls_4x4_2025/p/g/2026/01/11/10/NOV7eYqpSE2QtFTZeFv2EQ.jpg,downloaded_images\cars\ford-ranger-xls-4x4-2025__1779543499-107\03.jpg,downloaded
1779543499-107,FORD RANGER XLS 4X4 2025,car,https://n1-pstg.mioto.vn/cho_thue_xe_o_to_tu_lai_thue_xe_du_lich_danang/ford_ranger_xls_4x4_2025/p/g/2026/01/11/10/YaTB3vvTOLh1msXKETUfQA.jpg,downloaded_images\cars\ford-ranger-xls-4x4-2025__1779543499-107\04.jpg,downloaded
1779543499-107,FORD RANGER XLS 4X4 2025,owner_avatar,https://n1-cstg.mioto.vn/m/avatars/avatar-1.png,downloaded_images\owner_avatars\1779543499-107.png,downloaded
1779543499-108,SUZUKI CIAZ 2017,car,https://n1-pstg.mioto.vn/cho_thue_xe_o_to_tu_lai_thue_xe_du_lich_danang/suzuki_ciaz_2017/p/g/2025/08/13/10/XbcbdcbmfO2wvex95hMydg.jpg,downloaded_images\cars\suzuki-ciaz-2017__1779543499-108\01.jpg,downloaded
1779543499-108,SUZUKI CIAZ 2017,car,https://n1-pstg.mioto.vn/cho_thue_xe_o_to_tu_lai_thue_xe_du_lich_danang/suzuki_ciaz_2017/p/g/2025/08/13/10/cjEDQYWX4tRS_Wlua46BLw.jpg,downloaded_images\cars\suzuki-ciaz-2017__1779543499-108\02.jpg,downloaded
1779543499-108,SUZUKI CIAZ 2017,car,https://n1-pstg.mioto.vn/cho_thue_xe_o_to_tu_lai_thue_xe_du_lich_danang/suzuki_ciaz_2017/p/g/2025/08/13/10/1MVeAXinJMpdoKVAhNApuQ.jpg,downloaded_images\cars\suzuki-ciaz-2017__1779543499-108\03.jpg,downloaded
1779543499-108,SUZUKI CIAZ 2017,car,https://n1-pstg.mioto.vn/cho_thue_xe_o_to_tu_lai_thue_xe_du_lich_danang/suzuki_ciaz_2017/p/g/2025/08/12/21/DWUHSe6AR25WjNgLiqdkhg.jpg,downloaded_images\cars\suzuki-ciaz-2017__1779543499-108\04.jpg,downloaded
1779543499-108,SUZUKI CIAZ 2017,owner_avatar,https://n1-cstg.mioto.vn/m/avatars/avatar-4.png,downloaded_images\owner_avatars\1779543499-108.png,downloaded
1779543499-109,KIA SEDONA PREMIUM 2019,car,https://n1-pstg.mioto.vn/cho_thue_xe_o_to_tu_lai_thue_xe_du_lich_danang/kia_sedona_premium_2019/p/g/2025/02/29/11/GcKJML4Gb-f9YN-vuK-1Ig.jpg,downloaded_images\cars\kia-sedona-premium-2019__1779543499-109\01.jpg,downloaded
1779543499-109,KIA SEDONA PREMIUM 2019,car,https://n1-pstg.mioto.vn/cho_thue_xe_o_to_tu_lai_thue_xe_du_lich_danang/kia_sedona_premium_2019/p/g/2025/02/29/11/d4ivyEOdwLguZjoJIGeLMQ.jpg,downloaded_images\cars\kia-sedona-premium-2019__1779543499-109\02.jpg,downloaded
1779543499-109,KIA SEDONA PREMIUM 2019,car,https://n1-pstg.mioto.vn/cho_thue_xe_o_to_tu_lai_thue_xe_du_lich_danang/kia_sedona_premium_2019/p/g/2025/02/29/11/kv0gwmsZh3q3dFJ_LYYAlA.jpg,downloaded_images\cars\kia-sedona-premium-2019__1779543499-109\03.jpg,downloaded
1779543499-109,KIA SEDONA PREMIUM 2019,car,https://n1-pstg.mioto.vn/cho_thue_xe_o_to_tu_lai_thue_xe_du_lich_danang/kia_sedona_premium_2019/p/g/2025/02/29/11/_rYzBhyMnEps7aE-ebwvpw.jpg,downloaded_images\cars\kia-sedona-premium-2019__1779543499-109\04.jpg,downloaded
1779543499-109,KIA SEDONA PREMIUM 2019,car,https://n1-pstg.mioto.vn/cho_thue_xe_o_to_tu_lai_thue_xe_du_lich_danang/kia_sedona_premium_2019/p/g/2025/02/29/11/mejcd4dhVcpNnV9pzH4MGQ.jpg,downloaded_images\cars\kia-sedona-premium-2019__1779543499-109\05.jpg,downloaded
1779543499-109,KIA SEDONA PREMIUM 2019,owner_avatar,https://n1-cstg.mioto.vn/m/avatars/avatar-4.png,downloaded_images\owner_avatars\1779543499-109.png,downloaded
1779543499-110,VINFAST VF3 2025,car,https://n1-pstg.mioto.vn/cho_thue_xe_o_to_tu_lai_thue_xe_du_lich_danang/vinfast_vf3_2025/p/g/2025/09/05/11/TusF0yZXjS_JyEWlTfolvw.jpg,downloaded_images\cars\vinfast-vf3-2025__1779543499-110\01.jpg,downloaded
1779543499-110,VINFAST VF3 2025,car,https://n1-pstg.mioto.vn/cho_thue_xe_o_to_tu_lai_thue_xe_du_lich_danang/vinfast_vf3_2025/p/g/2025/09/07/06/KgHcXvW_0_TSYuCc9FggNQ.jpg,downloaded_images\cars\vinfast-vf3-2025__1779543499-110\02.jpg,downloaded
1779543499-110,VINFAST VF3 2025,car,https://n1-pstg.mioto.vn/cho_thue_xe_o_to_tu_lai_thue_xe_du_lich_danang/vinfast_vf3_2025/p/g/2025/09/07/06/0Ez3LlCu2t9fVWb-yhO59A.jpg,downloaded_images\cars\vinfast-vf3-2025__1779543499-110\03.jpg,downloaded
1779543499-110,VINFAST VF3 2025,car,https://n1-pstg.mioto.vn/cho_thue_xe_o_to_tu_lai_thue_xe_du_lich_danang/vinfast_vf3_2025/p/g/2025/09/07/06/KsPMY3GygDs0xrsOl8ePSg.jpg,downloaded_images\cars\vinfast-vf3-2025__1779543499-110\04.jpg,downloaded
1779543499-110,VINFAST VF3 2025,owner_avatar,https://n1-astg.mioto.vn/g/2025/09/07/07/6GDkSqPPpvs-oe68e74Y0Q.jpg,downloaded_images\owner_avatars\1779543499-110.jpg,downloaded
1779543499-111,HONDA CITY 2018,car,https://n1-pstg.mioto.vn/cho_thue_xe_o_to_tu_lai_thue_xe_du_lich_danang/honda_city_2018/p/g/2026/00/26/14/MebGQcC3I5yVgg4Z10ZcyQ.jpg,downloaded_images\cars\honda-city-2018__1779543499-111\01.jpg,downloaded
1779543499-111,HONDA CITY 2018,car,https://n1-pstg.mioto.vn/cho_thue_xe_o_to_tu_lai_thue_xe_du_lich_danang/honda_city_2018/p/g/2026/00/27/18/Zi2IX_FHpQMSVb_J-SxInA.jpg,downloaded_images\cars\honda-city-2018__1779543499-111\02.jpg,downloaded
1779543499-111,HONDA CITY 2018,car,https://n1-pstg.mioto.vn/cho_thue_xe_o_to_tu_lai_thue_xe_du_lich_danang/honda_city_2018/p/g/2026/00/27/18/Xokxr3mwnq4WMQaJChCkUA.jpg,downloaded_images\cars\honda-city-2018__1779543499-111\03.jpg,downloaded
1779543499-111,HONDA CITY 2018,car,https://n1-pstg.mioto.vn/cho_thue_xe_o_to_tu_lai_thue_xe_du_lich_danang/honda_city_2018/p/g/2026/00/27/18/pF-MZmkaibc2XHo84TynYw.jpg,downloaded_images\cars\honda-city-2018__1779543499-111\04.jpg,downloaded
1779543499-111,HONDA CITY 2018,owner_avatar,https://n1-cstg.mioto.vn/m/avatars/avatar-5.png,downloaded_images\owner_avatars\1779543499-111.png,downloaded
1779543499-112,VINFAST VF6 PLUS 2026,car,https://n1-pstg.mioto.vn/cho_thue_xe_o_to_tu_lai_thue_xe_du_lich_danang/vinfast_vf6_plus_2026/p/g/2026/03/13/11/41Nl1aa8sMiru72g_nRs0g.jpg,downloaded_images\cars\vinfast-vf6-plus-2026__1779543499-112\01.jpg,downloaded
1779543499-112,VINFAST VF6 PLUS 2026,car,https://n1-pstg.mioto.vn/cho_thue_xe_o_to_tu_lai_thue_xe_du_lich_danang/vinfast_vf6_plus_2026/p/g/2026/03/13/11/z0KO5KIDNvLAn9q40X-pCw.jpg,downloaded_images\cars\vinfast-vf6-plus-2026__1779543499-112\02.jpg,downloaded
1779543499-112,VINFAST VF6 PLUS 2026,car,https://n1-pstg.mioto.vn/cho_thue_xe_o_to_tu_lai_thue_xe_du_lich_danang/vinfast_vf6_plus_2026/p/g/2026/03/13/11/EMysI2n5o-HMbfzT3YVGXA.jpg,downloaded_images\cars\vinfast-vf6-plus-2026__1779543499-112\03.jpg,downloaded
1779543499-112,VINFAST VF6 PLUS 2026,car,https://n1-pstg.mioto.vn/cho_thue_xe_o_to_tu_lai_thue_xe_du_lich_danang/vinfast_vf6_plus_2026/p/g/2026/03/13/11/T60QamRhqAeVwVVPTA41xQ.jpg,downloaded_images\cars\vinfast-vf6-plus-2026__1779543499-112\04.jpg,downloaded
1779543499-112,VINFAST VF6 PLUS 2026,car,https://n1-pstg.mioto.vn/cho_thue_xe_o_to_tu_lai_thue_xe_du_lich_danang/vinfast_vf6_plus_2026/p/g/2026/03/13/11/k6eqZWzQEnmkC-i_bd208w.jpg,downloaded_images\cars\vinfast-vf6-plus-2026__1779543499-112\05.jpg,downloaded
1779543499-112,VINFAST VF6 PLUS 2026,owner_avatar,https://n1-cstg.mioto.vn/m/avatars/avatar-4.png,downloaded_images\owner_avatars\1779543499-112.png,downloaded
1779543499-113,MITSUBISHI ATTRAGE 2022,car,https://n1-pstg.mioto.vn/cho_thue_xe_o_to_tu_lai_thue_xe_du_lich_danang/mitsubishi_attrage_2022/p/g/2026/02/04/20/jUPVejrCcQgrcVrZksVXYA.jpg,downloaded_images\cars\mitsubishi-attrage-2022__1779543499-113\01.jpg,downloaded
1779543499-113,MITSUBISHI ATTRAGE 2022,car,https://n1-pstg.mioto.vn/cho_thue_xe_o_to_tu_lai_thue_xe_du_lich_danang/mitsubishi_attrage_2022/p/g/2026/02/04/20/o_03LrvfvWcNN00MBUkKNQ.jpg,downloaded_images\cars\mitsubishi-attrage-2022__1779543499-113\02.jpg,downloaded
1779543499-113,MITSUBISHI ATTRAGE 2022,car,https://n1-pstg.mioto.vn/cho_thue_xe_o_to_tu_lai_thue_xe_du_lich_danang/mitsubishi_attrage_2022/p/g/2026/02/04/20/7vIQLvlBoO9kV9h89yaoDg.jpg,downloaded_images\cars\mitsubishi-attrage-2022__1779543499-113\03.jpg,downloaded
1779543499-113,MITSUBISHI ATTRAGE 2022,car,https://n1-pstg.mioto.vn/cho_thue_xe_o_to_tu_lai_thue_xe_du_lich_danang/mitsubishi_attrage_2022/p/g/2026/02/04/20/I1fZ47nU6hVyJTY6vP4MLw.jpg,downloaded_images\cars\mitsubishi-attrage-2022__1779543499-113\04.jpg,downloaded
1779543499-113,MITSUBISHI ATTRAGE 2022,car,https://n1-pstg.mioto.vn/cho_thue_xe_o_to_tu_lai_thue_xe_du_lich_danang/mitsubishi_attrage_2022/p/g/2026/02/04/20/OfUVA9IePjzrAo1joJnB1Q.jpg,downloaded_images\cars\mitsubishi-attrage-2022__1779543499-113\05.jpg,downloaded
1779543499-113,MITSUBISHI ATTRAGE 2022,owner_avatar,https://n1-astg.mioto.vn/g/2026/02/14/13/ZbU0DI0UAuduzuau0eDJzA.jpg,downloaded_images\owner_avatars\1779543499-113.jpg,downloaded
1779543499-114,MG5 LUXURY 2024,car,https://n1-pstg.mioto.vn/cho_thue_xe_o_to_tu_lai_thue_xe_du_lich_danang/mg5_luxury_2024/p/g/2026/02/15/22/VPJWWVc0-XFW-6fsUA9kpQ.jpg,downloaded_images\cars\mg5-luxury-2024__1779543499-114\01.jpg,downloaded
1779543499-114,MG5 LUXURY 2024,car,https://n1-pstg.mioto.vn/cho_thue_xe_o_to_tu_lai_thue_xe_du_lich_danang/mg5_luxury_2024/p/g/2026/02/15/22/qlrm4bxPvJpEkp8ABINk8A.jpg,downloaded_images\cars\mg5-luxury-2024__1779543499-114\02.jpg,downloaded
1779543499-114,MG5 LUXURY 2024,car,https://n1-pstg.mioto.vn/cho_thue_xe_o_to_tu_lai_thue_xe_du_lich_danang/mg5_luxury_2024/p/g/2026/02/15/22/f8wYPih1f7E2QAh5Aqwoaw.jpg,downloaded_images\cars\mg5-luxury-2024__1779543499-114\03.jpg,downloaded
1779543499-114,MG5 LUXURY 2024,car,https://n1-pstg.mioto.vn/cho_thue_xe_o_to_tu_lai_thue_xe_du_lich_danang/mg5_luxury_2024/p/g/2026/02/15/22/e0IjlzXq8vBEaLvJYcDpVg.jpg,downloaded_images\cars\mg5-luxury-2024__1779543499-114\04.jpg,downloaded
1779543499-114,MG5 LUXURY 2024,car,https://n1-pstg.mioto.vn/cho_thue_xe_o_to_tu_lai_thue_xe_du_lich_danang/mg5_luxury_2024/p/g/2026/02/15/22/3klQeuW3dyeHBPfnLuhMPQ.jpg,downloaded_images\cars\mg5-luxury-2024__1779543499-114\05.jpg,downloaded
1779543499-114,MG5 LUXURY 2024,owner_avatar,https://n1-astg.mioto.vn/g/2026/02/16/09/ugDz2mBMTxq_XbZbXmaNgg.jpg,downloaded_images\owner_avatars\1779543499-114.jpg,downloaded
1779543499-115,VINFAST VF3 2026,car,https://n1-pstg.mioto.vn/cho_thue_xe_o_to_tu_lai_thue_xe_du_lich_danang/vinfast_vf3_2026/p/g/2026/04/01/11/FzvUcpKymqjHVn36PNcKsw.jpg,downloaded_images\cars\vinfast-vf3-2026__1779543499-115\01.jpg,downloaded
1779543499-115,VINFAST VF3 2026,car,https://n1-pstg.mioto.vn/cho_thue_xe_o_to_tu_lai_thue_xe_du_lich_danang/vinfast_vf3_2026/p/g/2026/04/01/11/xBNUdWliGlYzWWr4lavDXQ.jpg,downloaded_images\cars\vinfast-vf3-2026__1779543499-115\02.jpg,downloaded
1779543499-115,VINFAST VF3 2026,car,https://n1-pstg.mioto.vn/cho_thue_xe_o_to_tu_lai_thue_xe_du_lich_danang/vinfast_vf3_2026/p/g/2026/04/01/11/us_asoVlS0yD2mxDubEZ0A.jpg,downloaded_images\cars\vinfast-vf3-2026__1779543499-115\03.jpg,downloaded
1779543499-115,VINFAST VF3 2026,car,https://n1-pstg.mioto.vn/cho_thue_xe_o_to_tu_lai_thue_xe_du_lich_danang/vinfast_vf3_2026/p/g/2026/04/01/11/CR-DMqC1CANgh2t3I7Pi2w.jpg,downloaded_images\cars\vinfast-vf3-2026__1779543499-115\04.jpg,downloaded
1779543499-115,VINFAST VF3 2026,car,https://n1-pstg.mioto.vn/cho_thue_xe_o_to_tu_lai_thue_xe_du_lich_danang/vinfast_vf3_2026/p/g/2026/04/01/11/kF4aPT9fur1lJBB93syQLA.jpg,downloaded_images\cars\vinfast-vf3-2026__1779543499-115\05.jpg,downloaded
1779543499-115,VINFAST VF3 2026,owner_avatar,https://n1-astg.mioto.vn/g/2026/04/04/21/fntldY0CJnFvJW9rKmSVVg.jpg,downloaded_images\owner_avatars\1779543499-115.jpg,downloaded
1779543499-116,MAZDA 2 LUXURY 2022,car,https://n1-pstg.mioto.vn/cho_thue_xe_o_to_tu_lai_thue_xe_du_lich_danang/mazda_2_luxury_2022/p/g/2026/04/16/09/ynEeDaUUKwCO2eifZUlXwg.jpg,downloaded_images\cars\mazda-2-luxury-2022__1779543499-116\01.jpg,downloaded
1779543499-116,MAZDA 2 LUXURY 2022,car,https://n1-pstg.mioto.vn/cho_thue_xe_o_to_tu_lai_thue_xe_du_lich_danang/mazda_2_luxury_2022/p/g/2026/04/16/09/CGmvb9YJl5Vx6WvwYK00kA.jpg,downloaded_images\cars\mazda-2-luxury-2022__1779543499-116\02.jpg,downloaded
1779543499-116,MAZDA 2 LUXURY 2022,car,https://n1-pstg.mioto.vn/cho_thue_xe_o_to_tu_lai_thue_xe_du_lich_danang/mazda_2_luxury_2022/p/g/2026/04/16/09/tKdBGM7nIBeUbTAZ3qIGlw.jpg,downloaded_images\cars\mazda-2-luxury-2022__1779543499-116\03.jpg,downloaded
1779543499-116,MAZDA 2 LUXURY 2022,car,https://n1-pstg.mioto.vn/cho_thue_xe_o_to_tu_lai_thue_xe_du_lich_danang/mazda_2_luxury_2022/p/g/2026/04/16/09/-NBP-mLTRj0jmo2ES6tDtA.jpg,downloaded_images\cars\mazda-2-luxury-2022__1779543499-116\04.jpg,downloaded
1779543499-116,MAZDA 2 LUXURY 2022,car,https://n1-pstg.mioto.vn/cho_thue_xe_o_to_tu_lai_thue_xe_du_lich_danang/mazda_2_luxury_2022/p/g/2026/04/16/09/azGi5Ws5vPAbBa9IoruDDA.jpg,downloaded_images\cars\mazda-2-luxury-2022__1779543499-116\05.jpg,downloaded
1779543499-116,MAZDA 2 LUXURY 2022,owner_avatar,https://n1-astg.mioto.vn/g/2026/02/14/13/ZbU0DI0UAuduzuau0eDJzA.jpg,downloaded_images\owner_avatars\1779543499-116.jpg,downloaded
1779543499-117,VINFAST LIMO GREEN 2026,car,https://n1-pstg.mioto.vn/cho_thue_xe_o_to_tu_lai_thue_xe_du_lich_danang/vinfast_limo_green_2026/p/g/2026/04/04/22/m1aRkh6KrR9TnLaCzPKVLw.jpg,downloaded_images\cars\vinfast-limo-green-2026__1779543499-117\01.jpg,downloaded
1779543499-117,VINFAST LIMO GREEN 2026,car,https://n1-pstg.mioto.vn/cho_thue_xe_o_to_tu_lai_thue_xe_du_lich_danang/vinfast_limo_green_2026/p/g/2026/04/04/22/lt3yOjCtbwXcFRZCR3qp8A.jpg,downloaded_images\cars\vinfast-limo-green-2026__1779543499-117\02.jpg,downloaded
1779543499-117,VINFAST LIMO GREEN 2026,car,https://n1-pstg.mioto.vn/cho_thue_xe_o_to_tu_lai_thue_xe_du_lich_danang/vinfast_limo_green_2026/p/g/2026/04/02/23/3PcCbSqgPpv_qF-PQJWhkg.jpg,downloaded_images\cars\vinfast-limo-green-2026__1779543499-117\03.jpg,downloaded
1779543499-117,VINFAST LIMO GREEN 2026,car,https://n1-pstg.mioto.vn/cho_thue_xe_o_to_tu_lai_thue_xe_du_lich_danang/vinfast_limo_green_2026/p/g/2026/04/04/22/sFI3yolAwbcn8xqe0QqlYw.jpg,downloaded_images\cars\vinfast-limo-green-2026__1779543499-117\04.jpg,downloaded
1779543499-117,VINFAST LIMO GREEN 2026,owner_avatar,https://n1-cstg.mioto.vn/m/avatars/avatar-3.png,downloaded_images\owner_avatars\1779543499-117.png,downloaded
1779543499-118,MAZDA 2 2025,car,https://n1-pstg.mioto.vn/cho_thue_xe_o_to_tu_lai_thue_xe_du_lich_danang/mazda_2_2025/p/g/2026/04/10/14/ytjH7x_4ts3CyK_T46RFqw.jpg,downloaded_images\cars\mazda-2-2025__1779543499-118\01.jpg,downloaded
1779543499-118,MAZDA 2 2025,car,https://n1-pstg.mioto.vn/cho_thue_xe_o_to_tu_lai_thue_xe_du_lich_danang/mazda_2_2025/p/g/2026/04/03/13/XyNRZqAKt3vzUasqEJLlBA.jpg,downloaded_images\cars\mazda-2-2025__1779543499-118\02.jpg,downloaded
1779543499-118,MAZDA 2 2025,car,https://n1-pstg.mioto.vn/cho_thue_xe_o_to_tu_lai_thue_xe_du_lich_danang/mazda_2_2025/p/g/2026/04/03/13/7iZ3ALnerWuz7in8zal06A.jpg,downloaded_images\cars\mazda-2-2025__1779543499-118\03.jpg,downloaded
1779543499-118,MAZDA 2 2025,car,https://n1-pstg.mioto.vn/cho_thue_xe_o_to_tu_lai_thue_xe_du_lich_danang/mazda_2_2025/p/g/2026/04/03/13/epw5bxV7vw6SAO5QhPwuGg.jpg,downloaded_images\cars\mazda-2-2025__1779543499-118\04.jpg,downloaded
1779543499-118,MAZDA 2 2025,car,https://n1-pstg.mioto.vn/cho_thue_xe_o_to_tu_lai_thue_xe_du_lich_danang/mazda_2_2025/p/g/2026/04/03/13/j-gIaborEoArDQHjEqu1Zg.jpg,downloaded_images\cars\mazda-2-2025__1779543499-118\05.jpg,downloaded
1779543499-118,MAZDA 2 2025,owner_avatar,https://n1-astg.mioto.vn/g/2026/04/06/10/CvcaNiszz9K77xgyfxs79g.jpg,downloaded_images\owner_avatars\1779543499-118.jpg,downloaded
1779543499-119,HYUNDAI STARGAZER 2025,car,https://n1-pstg.mioto.vn/cho_thue_xe_o_to_tu_lai_thue_xe_du_lich_danang/hyundai_stargazer_2025/p/g/2026/04/19/10/Gpqv_cIVDmBmV-K8yDN_gw.jpg,downloaded_images\cars\hyundai-stargazer-2025__1779543499-119\01.jpg,downloaded
1779543499-119,HYUNDAI STARGAZER 2025,car,https://n1-pstg.mioto.vn/cho_thue_xe_o_to_tu_lai_thue_xe_du_lich_danang/hyundai_stargazer_2025/p/g/2026/04/19/10/1Wjc8vfxJWAaIV9twZoAbA.jpg,downloaded_images\cars\hyundai-stargazer-2025__1779543499-119\02.jpg,downloaded
1779543499-119,HYUNDAI STARGAZER 2025,car,https://n1-pstg.mioto.vn/cho_thue_xe_o_to_tu_lai_thue_xe_du_lich_danang/hyundai_stargazer_2025/p/g/2026/04/19/10/6lBEGqPFXlRrMYoqgDZqXQ.jpg,downloaded_images\cars\hyundai-stargazer-2025__1779543499-119\03.jpg,downloaded
1779543499-119,HYUNDAI STARGAZER 2025,car,https://n1-pstg.mioto.vn/cho_thue_xe_o_to_tu_lai_thue_xe_du_lich_danang/hyundai_stargazer_2025/p/g/2026/04/19/10/uBSPBxrVxado7JfAFdRQYg.jpg,downloaded_images\cars\hyundai-stargazer-2025__1779543499-119\04.jpg,downloaded
1779543499-119,HYUNDAI STARGAZER 2025,owner_avatar,https://n1-astg.mioto.vn/g/2026/04/19/10/Io2in7rqc2LifYfssaIAqA.jpg,downloaded_images\owner_avatars\1779543499-119.jpg,downloaded
1779543499-120,KIA SPORTAGE SIGNATURE 2025,car,https://n1-pstg.mioto.vn/cho_thue_xe_o_to_tu_lai_thue_xe_du_lich_danang/kia_sportage_signature_2025/p/g/2026/04/08/12/5j-3FfAMXeLIeiuGQHNm9w.jpg,downloaded_images\cars\kia-sportage-signature-2025__1779543499-120\01.jpg,downloaded
1779543499-120,KIA SPORTAGE SIGNATURE 2025,car,https://n1-pstg.mioto.vn/cho_thue_xe_o_to_tu_lai_thue_xe_du_lich_danang/kia_sportage_signature_2025/p/g/2026/04/08/12/5aWzUgGtYqctAdpfbid_mw.jpg,downloaded_images\cars\kia-sportage-signature-2025__1779543499-120\02.jpg,downloaded
1779543499-120,KIA SPORTAGE SIGNATURE 2025,car,https://n1-pstg.mioto.vn/cho_thue_xe_o_to_tu_lai_thue_xe_du_lich_danang/kia_sportage_signature_2025/p/g/2026/04/08/12/uxJvh2X2tYrnvxE2ijuODA.jpg,downloaded_images\cars\kia-sportage-signature-2025__1779543499-120\03.jpg,downloaded
1779543499-120,KIA SPORTAGE SIGNATURE 2025,car,https://n1-pstg.mioto.vn/cho_thue_xe_o_to_tu_lai_thue_xe_du_lich_danang/kia_sportage_signature_2025/p/g/2026/04/08/12/iiZc5epKv7DyK74KM7ikUA.jpg,downloaded_images\cars\kia-sportage-signature-2025__1779543499-120\04.jpg,downloaded
1779543499-120,KIA SPORTAGE SIGNATURE 2025,car,https://n1-pstg.mioto.vn/cho_thue_xe_o_to_tu_lai_thue_xe_du_lich_danang/kia_sportage_signature_2025/p/g/2026/04/08/12/7wDmlvvuAmQ-6zTZZ3Ny9w.jpg,downloaded_images\cars\kia-sportage-signature-2025__1779543499-120\05.jpg,downloaded
1779543499-120,KIA SPORTAGE SIGNATURE 2025,owner_avatar,https://n1-cstg.mioto.vn/m/avatars/avatar-3.png,downloaded_images\owner_avatars\1779543499-120.png,downloaded
1779543499-121,KIA CERATO 2020,car,https://n1-pstg.mioto.vn/cho_thue_xe_o_to_tu_lai_thue_xe_du_lich_danang/kia_cerato_2020/p/g/2024/06/19/14/JK0Ph9bEVCKsPsq4Mf8_Pg.jpg,downloaded_images\cars\kia-cerato-2020__1779543499-121\01.jpg,downloaded
1779543499-121,KIA CERATO 2020,car,https://n1-pstg.mioto.vn/cho_thue_xe_o_to_tu_lai_thue_xe_du_lich_danang/kia_cerato_2020/p/g/2024/06/19/14/Cz-qHWt5cERgvRULKidOLw.jpg,downloaded_images\cars\kia-cerato-2020__1779543499-121\02.jpg,downloaded
1779543499-121,KIA CERATO 2020,car,https://n1-pstg.mioto.vn/cho_thue_xe_o_to_tu_lai_thue_xe_du_lich_danang/kia_cerato_2020/p/g/2024/06/19/14/2rQt765gWzlK736vRrwp7Q.jpg,downloaded_images\cars\kia-cerato-2020__1779543499-121\03.jpg,downloaded
1779543499-121,KIA CERATO 2020,car,https://n1-pstg.mioto.vn/cho_thue_xe_o_to_tu_lai_thue_xe_du_lich_danang/kia_cerato_2020/p/g/2024/06/19/14/9GrHQKis51Sg91xf36L6Dg.jpg,downloaded_images\cars\kia-cerato-2020__1779543499-121\04.jpg,downloaded
1779543499-121,KIA CERATO 2020,car,https://n1-pstg.mioto.vn/cho_thue_xe_o_to_tu_lai_thue_xe_du_lich_danang/kia_cerato_2020/p/g/2024/06/19/14/3YXAlbdoqQwZh46Ie8Rqxg.jpg,downloaded_images\cars\kia-cerato-2020__1779543499-121\05.jpg,downloaded
1779543499-121,KIA CERATO 2020,owner_avatar,https://n1-cstg.mioto.vn/m/avatars/avatar-5.png,downloaded_images\owner_avatars\1779543499-121.png,downloaded
1779543499-122,MITSUBISHI XPANDER 2020,car,https://n1-pstg.mioto.vn/cho_thue_xe_o_to_tu_lai_thue_xe_du_lich_danang/mitsubishi_xpander_2020/p/g/2020/06/16/11/rZcyzGBaBeXiWgRLafwjNA.jpg,downloaded_images\cars\mitsubishi-xpander-2020__1779543499-122\01.jpg,downloaded
1779543499-122,MITSUBISHI XPANDER 2020,car,https://n1-pstg.mioto.vn/cho_thue_xe_o_to_tu_lai_thue_xe_du_lich_danang/mitsubishi_xpander_2020/p/g/2021/07/26/19/wHIhWbhc0SqZrIowLJ-KrA.jpg,downloaded_images\cars\mitsubishi-xpander-2020__1779543499-122\02.jpg,downloaded
1779543499-122,MITSUBISHI XPANDER 2020,car,https://n1-pstg.mioto.vn/cho_thue_xe_o_to_tu_lai_thue_xe_du_lich_danang/mitsubishi_xpander_2020/p/g/2020/06/21/14/y9g2HuGkPeQeFrEajqxZzA.jpg,downloaded_images\cars\mitsubishi-xpander-2020__1779543499-122\03.jpg,downloaded
1779543499-122,MITSUBISHI XPANDER 2020,car,https://n1-pstg.mioto.vn/cho_thue_xe_o_to_tu_lai_thue_xe_du_lich_danang/mitsubishi_xpander_2020/p/g/2020/06/21/14/SUeIVPDXR7E66SpjJLnPpQ.jpg,downloaded_images\cars\mitsubishi-xpander-2020__1779543499-122\04.jpg,downloaded
1779543499-122,MITSUBISHI XPANDER 2020,car,https://n1-pstg.mioto.vn/cho_thue_xe_o_to_tu_lai_thue_xe_du_lich_danang/mitsubishi_xpander_2020/p/g/2021/07/26/19/YuJDfBHkUa9dsZNxq2q68Q.jpg,downloaded_images\cars\mitsubishi-xpander-2020__1779543499-122\05.jpg,downloaded
1779543499-122,MITSUBISHI XPANDER 2020,car,https://n1-pstg.mioto.vn/cho_thue_xe_o_to_tu_lai_thue_xe_du_lich_danang/mitsubishi_xpander_2020/p/g/2021/07/26/19/5tJVQ687QuBrQME4IvVehg.jpg,downloaded_images\cars\mitsubishi-xpander-2020__1779543499-122\06.jpg,downloaded
1779543499-122,MITSUBISHI XPANDER 2020,owner_avatar,https://n1-cstg.mioto.vn/m/avatars/avatar-4.png,downloaded_images\owner_avatars\1779543499-122.png,downloaded
1779543499-123,MITSUBISHI XPANDER 2022,car,https://n1-pstg.mioto.vn/cho_thue_xe_o_to_tu_lai_thue_xe_du_lich_danang/mitsubishi_xpander_2022/p/g/2024/11/09/17/6aJxrlru_-ki3zJRfallFA.jpg,downloaded_images\cars\mitsubishi-xpander-2022__1779543499-123\01.jpg,downloaded
1779543499-123,MITSUBISHI XPANDER 2022,car,https://n1-pstg.mioto.vn/cho_thue_xe_o_to_tu_lai_thue_xe_du_lich_danang/mitsubishi_xpander_2022/p/g/2024/11/09/17/HoPxJFdcGFtMO9fY1id2gA.jpg,downloaded_images\cars\mitsubishi-xpander-2022__1779543499-123\02.jpg,downloaded
1779543499-123,MITSUBISHI XPANDER 2022,car,https://n1-pstg.mioto.vn/cho_thue_xe_o_to_tu_lai_thue_xe_du_lich_danang/mitsubishi_xpander_2022/p/g/2024/11/09/17/qbtmjHkBenMSaKHLMBp_aQ.jpg,downloaded_images\cars\mitsubishi-xpander-2022__1779543499-123\03.jpg,downloaded
1779543499-123,MITSUBISHI XPANDER 2022,car,https://n1-pstg.mioto.vn/cho_thue_xe_o_to_tu_lai_thue_xe_du_lich_danang/mitsubishi_xpander_2022/p/g/2024/11/09/17/TzUz9rga8379DRBDizgJKQ.jpg,downloaded_images\cars\mitsubishi-xpander-2022__1779543499-123\04.jpg,downloaded
1779543499-123,MITSUBISHI XPANDER 2022,car,https://n1-pstg.mioto.vn/cho_thue_xe_o_to_tu_lai_thue_xe_du_lich_danang/mitsubishi_xpander_2022/p/g/2024/11/10/16/h6Z7OH-9-d--r6pQH2-8Zg.jpg,downloaded_images\cars\mitsubishi-xpander-2022__1779543499-123\05.jpg,downloaded
1779543499-123,MITSUBISHI XPANDER 2022,car,https://n1-pstg.mioto.vn/cho_thue_xe_o_to_tu_lai_thue_xe_du_lich_danang/mitsubishi_xpander_2022/p/g/2024/11/09/17/hHfWirEgNzmO9ldjVHGcHA.jpg,downloaded_images\cars\mitsubishi-xpander-2022__1779543499-123\06.jpg,downloaded
1779543499-123,MITSUBISHI XPANDER 2022,car,https://n1-pstg.mioto.vn/cho_thue_xe_o_to_tu_lai_thue_xe_du_lich_danang/mitsubishi_xpander_2022/p/g/2024/11/10/16/HevC5RAJykqTcKi7ZKs3Fg.jpg,downloaded_images\cars\mitsubishi-xpander-2022__1779543499-123\07.jpg,downloaded
1779543499-123,MITSUBISHI XPANDER 2022,owner_avatar,https://n1-cstg.mioto.vn/m/avatars/avatar-3.png,downloaded_images\owner_avatars\1779543499-123.png,downloaded
1779543499-124,KIA SELTOS LUXURY 2021,car,https://n1-pstg.mioto.vn/cho_thue_xe_o_to_tu_lai_thue_xe_du_lich_danang/kia_seltos_luxury_2021/p/g/2025/02/26/12/UQKfKR6eVQGYRYxGoZCH3g.jpg,downloaded_images\cars\kia-seltos-luxury-2021__1779543499-124\01.jpg,downloaded
1779543499-124,KIA SELTOS LUXURY 2021,car,https://n1-pstg.mioto.vn/cho_thue_xe_o_to_tu_lai_thue_xe_du_lich_danang/kia_seltos_luxury_2021/p/g/2025/02/26/12/Hez8m9Lv9aXVZGo5413MjA.jpg,downloaded_images\cars\kia-seltos-luxury-2021__1779543499-124\02.jpg,downloaded
1779543499-124,KIA SELTOS LUXURY 2021,car,https://n1-pstg.mioto.vn/cho_thue_xe_o_to_tu_lai_thue_xe_du_lich_danang/kia_seltos_luxury_2021/p/g/2025/02/26/12/qCMtDZ_yv32zbfneEK2wTg.jpg,downloaded_images\cars\kia-seltos-luxury-2021__1779543499-124\03.jpg,downloaded
1779543499-124,KIA SELTOS LUXURY 2021,car,https://n1-pstg.mioto.vn/cho_thue_xe_o_to_tu_lai_thue_xe_du_lich_danang/kia_seltos_luxury_2021/p/g/2025/02/26/12/Tc-CU4woTFZBn0KNOljPwg.jpg,downloaded_images\cars\kia-seltos-luxury-2021__1779543499-124\04.jpg,downloaded
1779543499-124,KIA SELTOS LUXURY 2021,car,https://n1-pstg.mioto.vn/cho_thue_xe_o_to_tu_lai_thue_xe_du_lich_danang/kia_seltos_luxury_2021/p/g/2025/02/26/12/EMdlIsoWctM5CtsN9fPaKA.jpg,downloaded_images\cars\kia-seltos-luxury-2021__1779543499-124\05.jpg,downloaded
1779543499-124,KIA SELTOS LUXURY 2021,owner_avatar,https://n1-cstg.mioto.vn/m/avatars/avatar-5.png,downloaded_images\owner_avatars\1779543499-124.png,downloaded
1779543499-125,MITSUBISHI XPANDER 2023,car,https://n1-pstg.mioto.vn/cho_thue_xe_o_to_tu_lai_thue_xe_du_lich_danang/mitsubishi_xpander_2023/p/g/2026/02/05/14/jJIlOcPGoOFulWdumd6qOw.jpg,downloaded_images\cars\mitsubishi-xpander-2023__1779543499-125\01.jpg,downloaded
1779543499-125,MITSUBISHI XPANDER 2023,car,https://n1-pstg.mioto.vn/cho_thue_xe_o_to_tu_lai_thue_xe_du_lich_danang/mitsubishi_xpander_2023/p/g/2026/02/06/13/4vaDWRHPiTN2ksCSI-6B6A.jpg,downloaded_images\cars\mitsubishi-xpander-2023__1779543499-125\02.jpg,downloaded
1779543499-125,MITSUBISHI XPANDER 2023,owner_avatar,https://n1-cstg.mioto.vn/m/avatars/avatar-3.png,downloaded_images\owner_avatars\1779543499-125.png,downloaded
1779543499-126,HYUNDAI STARGAZER PREMIUM 2024,car,https://n1-pstg.mioto.vn/cho_thue_xe_o_to_tu_lai_thue_xe_du_lich_danang/hyundai_stargazer_premium_2024/p/g/2025/00/25/15/bI6qUSNj7bYWtPvJr15--Q.jpg,downloaded_images\cars\hyundai-stargazer-premium-2024__1779543499-126\01.jpg,downloaded
1779543499-126,HYUNDAI STARGAZER PREMIUM 2024,car,https://n1-pstg.mioto.vn/cho_thue_xe_o_to_tu_lai_thue_xe_du_lich_danang/hyundai_stargazer_premium_2024/p/g/2025/00/25/15/5Fj9oKV2IHBO5SOs2b4DTA.jpg,downloaded_images\cars\hyundai-stargazer-premium-2024__1779543499-126\02.jpg,downloaded
1779543499-126,HYUNDAI STARGAZER PREMIUM 2024,car,https://n1-pstg.mioto.vn/cho_thue_xe_o_to_tu_lai_thue_xe_du_lich_danang/hyundai_stargazer_premium_2024/p/g/2025/07/28/11/bquJhxVY27SVIfkKz6zSSA.jpg,downloaded_images\cars\hyundai-stargazer-premium-2024__1779543499-126\03.jpg,downloaded
1779543499-126,HYUNDAI STARGAZER PREMIUM 2024,car,https://n1-pstg.mioto.vn/cho_thue_xe_o_to_tu_lai_thue_xe_du_lich_danang/hyundai_stargazer_premium_2024/p/g/2025/07/28/11/tUaYKTE96omYqfERgdstBQ.jpg,downloaded_images\cars\hyundai-stargazer-premium-2024__1779543499-126\04.jpg,downloaded
1779543499-126,HYUNDAI STARGAZER PREMIUM 2024,car,https://n1-pstg.mioto.vn/cho_thue_xe_o_to_tu_lai_thue_xe_du_lich_danang/hyundai_stargazer_premium_2024/p/g/2026/04/22/01/5t3qSB7XRba1RF2JksBlQg.jpg,downloaded_images\cars\hyundai-stargazer-premium-2024__1779543499-126\05.jpg,downloaded
1779543499-126,HYUNDAI STARGAZER PREMIUM 2024,car,https://n1-pstg.mioto.vn/cho_thue_xe_o_to_tu_lai_thue_xe_du_lich_danang/hyundai_stargazer_premium_2024/p/g/2026/04/22/01/6JU0lHGvvA-4_2JDooHr8A.jpg,downloaded_images\cars\hyundai-stargazer-premium-2024__1779543499-126\06.jpg,downloaded
1779543499-126,HYUNDAI STARGAZER PREMIUM 2024,car,https://n1-pstg.mioto.vn/cho_thue_xe_o_to_tu_lai_thue_xe_du_lich_danang/hyundai_stargazer_premium_2024/p/g/2026/04/22/01/q4UqC7CZ4U4CUKpXSKzYEg.jpg,downloaded_images\cars\hyundai-stargazer-premium-2024__1779543499-126\07.jpg,downloaded
1779543499-126,HYUNDAI STARGAZER PREMIUM 2024,owner_avatar,https://n1-astg.mioto.vn/g/2025/00/21/18/3O6431bGG0yw-WmVmk_Zow.jpg,downloaded_images\owner_avatars\1779543499-126.jpg,downloaded
1779543499-127,MITSUBISHI XPANDER 2023,car,https://n1-pstg.mioto.vn/cho_thue_xe_o_to_tu_lai_thue_xe_du_lich_danang/mitsubishi_xpander_2023/p/g/2025/08/06/15/_K9aeess1Q1Y12ZzsVct2Q.jpg,downloaded_images\cars\mitsubishi-xpander-2023__1779543499-127\01.jpg,downloaded
1779543499-127,MITSUBISHI XPANDER 2023,car,https://n1-pstg.mioto.vn/cho_thue_xe_o_to_tu_lai_thue_xe_du_lich_danang/mitsubishi_xpander_2023/p/g/2025/08/06/15/4FcotZJAVJ2KBXXfSIcZ1g.jpg,downloaded_images\cars\mitsubishi-xpander-2023__1779543499-127\02.jpg,downloaded
1779543499-127,MITSUBISHI XPANDER 2023,car,https://n1-pstg.mioto.vn/cho_thue_xe_o_to_tu_lai_thue_xe_du_lich_danang/mitsubishi_xpander_2023/p/g/2025/08/06/15/ujHSRKniHntIFqUtOXpm1Q.jpg,downloaded_images\cars\mitsubishi-xpander-2023__1779543499-127\03.jpg,downloaded
1779543499-127,MITSUBISHI XPANDER 2023,car,https://n1-pstg.mioto.vn/cho_thue_xe_o_to_tu_lai_thue_xe_du_lich_danang/mitsubishi_xpander_2023/p/g/2025/08/06/15/lh4NAKWT_XQsnPTnCoA-Ww.jpg,downloaded_images\cars\mitsubishi-xpander-2023__1779543499-127\04.jpg,downloaded
1779543499-127,MITSUBISHI XPANDER 2023,car,https://n1-pstg.mioto.vn/cho_thue_xe_o_to_tu_lai_thue_xe_du_lich_danang/mitsubishi_xpander_2023/p/g/2025/08/06/15/JDQxa-xvQ_j0RHN7rGCg0A.jpg,downloaded_images\cars\mitsubishi-xpander-2023__1779543499-127\05.jpg,downloaded
1779543499-127,MITSUBISHI XPANDER 2023,owner_avatar,https://n1-astg.mioto.vn/g/2025/08/06/15/-JRt752t8UvYLIW0o660yw.jpg,downloaded_images\owner_avatars\1779543499-127.jpg,downloaded
1779543499-128,ISUZU DMAX 4X2 2014,car,https://n1-pstg.mioto.vn/cho_thue_xe_o_to_tu_lai_thue_xe_du_lich_danang/isuzu_dmax_4x2_2014/p/g/2025/02/31/19/GyFlp_1YVD24qF7xMHik_A.jpg,downloaded_images\cars\isuzu-dmax-4x2-2014__1779543499-128\01.jpg,downloaded
1779543499-128,ISUZU DMAX 4X2 2014,owner_avatar,https://n1-cstg.mioto.vn/m/avatars/avatar-5.png,downloaded_images\owner_avatars\1779543499-128.png,downloaded
1779543499-129,HYUNDAI VENUE 2024,car,https://n1-pstg.mioto.vn/cho_thue_xe_o_to_tu_lai_thue_xe_du_lich_danang/hyundai_venue_2024/p/g/2026/03/12/08/y8zB3SGBdSECHskv6Qp4gg.jpg,downloaded_images\cars\hyundai-venue-2024__1779543499-129\01.jpg,downloaded
1779543499-129,HYUNDAI VENUE 2024,car,https://n1-pstg.mioto.vn/cho_thue_xe_o_to_tu_lai_thue_xe_du_lich_danang/hyundai_venue_2024/p/g/2026/03/12/08/MgDn-4u7lXXjL6OKWMry7Q.jpg,downloaded_images\cars\hyundai-venue-2024__1779543499-129\02.jpg,downloaded
1779543499-129,HYUNDAI VENUE 2024,car,https://n1-pstg.mioto.vn/cho_thue_xe_o_to_tu_lai_thue_xe_du_lich_danang/hyundai_venue_2024/p/g/2026/03/12/08/iGvx54r-aHnQBHavfoPY7A.jpg,downloaded_images\cars\hyundai-venue-2024__1779543499-129\03.jpg,downloaded
1779543499-129,HYUNDAI VENUE 2024,car,https://n1-pstg.mioto.vn/cho_thue_xe_o_to_tu_lai_thue_xe_du_lich_danang/hyundai_venue_2024/p/g/2026/03/12/08/OHKqfjm8xBGl8RcTLBtRdg.jpg,downloaded_images\cars\hyundai-venue-2024__1779543499-129\04.jpg,downloaded
1779543499-129,HYUNDAI VENUE 2024,car,https://n1-pstg.mioto.vn/cho_thue_xe_o_to_tu_lai_thue_xe_du_lich_danang/hyundai_venue_2024/p/g/2026/03/12/08/Jsq0ta1NRsW6WQezWIeStw.jpg,downloaded_images\cars\hyundai-venue-2024__1779543499-129\05.jpg,downloaded
1779543499-129,HYUNDAI VENUE 2024,owner_avatar,https://n1-cstg.mioto.vn/m/avatars/avatar-1.png,downloaded_images\owner_avatars\1779543499-129.png,downloaded
1779543499-130,MG ZS STANDARD 2025,car,https://n1-pstg.mioto.vn/cho_thue_xe_o_to_tu_lai_thue_xe_du_lich_danang/mg_zs_standard_2025/p/g/2025/08/05/08/uHPWtffKLuEA4bzhy7tYbA.jpg,downloaded_images\cars\mg-zs-standard-2025__1779543499-130\01.jpg,downloaded
1779543499-130,MG ZS STANDARD 2025,car,https://n1-pstg.mioto.vn/cho_thue_xe_o_to_tu_lai_thue_xe_du_lich_danang/mg_zs_standard_2025/p/g/2025/08/08/19/eupYVZq1-_ltYGOIwlxKIA.jpg,downloaded_images\cars\mg-zs-standard-2025__1779543499-130\02.jpg,downloaded
1779543499-130,MG ZS STANDARD 2025,car,https://n1-pstg.mioto.vn/cho_thue_xe_o_to_tu_lai_thue_xe_du_lich_danang/mg_zs_standard_2025/p/g/2025/08/08/19/3aWeCjynms45iSXAr4pV9A.jpg,downloaded_images\cars\mg-zs-standard-2025__1779543499-130\03.jpg,downloaded
1779543499-130,MG ZS STANDARD 2025,car,https://n1-pstg.mioto.vn/cho_thue_xe_o_to_tu_lai_thue_xe_du_lich_danang/mg_zs_standard_2025/p/g/2025/08/08/19/WX7gW8ohU906tfpN-89iRg.jpg,downloaded_images\cars\mg-zs-standard-2025__1779543499-130\04.jpg,downloaded
1779543499-130,MG ZS STANDARD 2025,car,https://n1-pstg.mioto.vn/cho_thue_xe_o_to_tu_lai_thue_xe_du_lich_danang/mg_zs_standard_2025/p/g/2025/08/08/19/lDYDlqjAKdLXZGbEcD082Q.jpg,downloaded_images\cars\mg-zs-standard-2025__1779543499-130\05.jpg,downloaded
1779543499-130,MG ZS STANDARD 2025,owner_avatar,https://n1-astg.mioto.vn/g/2025/09/10/14/qawxyc3SWxRKzXgAWubw4w.jpg,downloaded_images\owner_avatars\1779543499-130.jpg,downloaded
1779543499-131,MG ZS LUXURY 2022,car,https://n1-pstg.mioto.vn/cho_thue_xe_o_to_tu_lai_thue_xe_du_lich_danang/mg_zs_luxury_2022/p/g/2026/03/14/02/JDGz0y2VVoU1QnT3P1f2_g.jpg,downloaded_images\cars\mg-zs-luxury-2022__1779543499-131\01.jpg,downloaded
1779543499-131,MG ZS LUXURY 2022,car,https://n1-pstg.mioto.vn/cho_thue_xe_o_to_tu_lai_thue_xe_du_lich_danang/mg_zs_luxury_2022/p/g/2026/03/14/02/zYtHVlcZJ87IHzm8jXs85Q.jpg,downloaded_images\cars\mg-zs-luxury-2022__1779543499-131\02.jpg,downloaded
1779543499-131,MG ZS LUXURY 2022,car,https://n1-pstg.mioto.vn/cho_thue_xe_o_to_tu_lai_thue_xe_du_lich_danang/mg_zs_luxury_2022/p/g/2026/03/14/02/mFnt_c12nJdgoBDKXpk3EQ.jpg,downloaded_images\cars\mg-zs-luxury-2022__1779543499-131\03.jpg,downloaded
1779543499-131,MG ZS LUXURY 2022,car,https://n1-pstg.mioto.vn/cho_thue_xe_o_to_tu_lai_thue_xe_du_lich_danang/mg_zs_luxury_2022/p/g/2026/03/14/02/jwcF9jRnmhWC2_zotreykQ.jpg,downloaded_images\cars\mg-zs-luxury-2022__1779543499-131\04.jpg,downloaded
1779543499-131,MG ZS LUXURY 2022,car,https://n1-pstg.mioto.vn/cho_thue_xe_o_to_tu_lai_thue_xe_du_lich_danang/mg_zs_luxury_2022/p/g/2026/03/14/02/SREP1KBjlh6W8x5wGc2kUg.jpg,downloaded_images\cars\mg-zs-luxury-2022__1779543499-131\05.jpg,downloaded
1779543499-131,MG ZS LUXURY 2022,owner_avatar,https://n1-cstg.mioto.vn/m/avatars/avatar-3.png,downloaded_images\owner_avatars\1779543499-131.png,downloaded
1779543499-132,VINFAST LUX A 2022,car,https://n1-pstg.mioto.vn/cho_thue_xe_o_to_tu_lai_thue_xe_du_lich_danang/vinfast_lux_a_2022/p/g/2024/10/25/17/3tq11lwav5noB1GVDZ3DRg.jpg,downloaded_images\cars\vinfast-lux-a-2022__1779543499-132\01.jpg,downloaded
1779543499-132,VINFAST LUX A 2022,car,https://n1-pstg.mioto.vn/cho_thue_xe_o_to_tu_lai_thue_xe_du_lich_danang/vinfast_lux_a_2022/p/g/2024/10/25/17/uejPL0Hde1gBS5U9VLo2-w.jpg,downloaded_images\cars\vinfast-lux-a-2022__1779543499-132\02.jpg,downloaded
1779543499-132,VINFAST LUX A 2022,car,https://n1-pstg.mioto.vn/cho_thue_xe_o_to_tu_lai_thue_xe_du_lich_danang/vinfast_lux_a_2022/p/g/2024/10/25/17/T4uFCH0ojxQb3rMaJKyMbg.jpg,downloaded_images\cars\vinfast-lux-a-2022__1779543499-132\03.jpg,downloaded
1779543499-132,VINFAST LUX A 2022,car,https://n1-pstg.mioto.vn/cho_thue_xe_o_to_tu_lai_thue_xe_du_lich_danang/vinfast_lux_a_2022/p/g/2024/10/25/17/9WNPWdQlPkMVDmMvq8Sx2g.jpg,downloaded_images\cars\vinfast-lux-a-2022__1779543499-132\04.jpg,downloaded
1779543499-132,VINFAST LUX A 2022,car,https://n1-pstg.mioto.vn/cho_thue_xe_o_to_tu_lai_thue_xe_du_lich_danang/vinfast_lux_a_2022/p/g/2024/10/25/18/JGDnszsiIR1UMWzQwH3E6w.jpg,downloaded_images\cars\vinfast-lux-a-2022__1779543499-132\05.jpg,downloaded
1779543499-132,VINFAST LUX A 2022,car,https://n1-pstg.mioto.vn/cho_thue_xe_o_to_tu_lai_thue_xe_du_lich_danang/vinfast_lux_a_2022/p/g/2024/10/25/17/YHESzvVKOUK3Ti4D-OBuPg.jpg,downloaded_images\cars\vinfast-lux-a-2022__1779543499-132\06.jpg,downloaded
1779543499-132,VINFAST LUX A 2022,car,https://n1-pstg.mioto.vn/cho_thue_xe_o_to_tu_lai_thue_xe_du_lich_danang/vinfast_lux_a_2022/p/g/2024/10/25/18/heLFQ-AqZ9N0ZaSpKcg94g.jpg,downloaded_images\cars\vinfast-lux-a-2022__1779543499-132\07.jpg,downloaded
1779543499-132,VINFAST LUX A 2022,car,https://n1-pstg.mioto.vn/cho_thue_xe_o_to_tu_lai_thue_xe_du_lich_danang/vinfast_lux_a_2022/p/g/2025/00/06/16/JxqgkPEQ8sA0jF2ddgcoSA.jpg,downloaded_images\cars\vinfast-lux-a-2022__1779543499-132\08.jpg,downloaded
1779543499-132,VINFAST LUX A 2022,owner_avatar,https://n1-cstg.mioto.vn/m/avatars/avatar-3.png,downloaded_images\owner_avatars\1779543499-132.png,downloaded
1779543499-133,HONDA CITY 2015,car,https://n1-pstg.mioto.vn/cho_thue_xe_o_to_tu_lai_thue_xe_du_lich_danang/honda_city_2015/p/g/2026/01/04/13/vUXsOkBLgmUY7zssBKUteg.jpg,downloaded_images\cars\honda-city-2015__1779543499-133\01.jpg,downloaded
1779543499-133,HONDA CITY 2015,car,https://n1-pstg.mioto.vn/cho_thue_xe_o_to_tu_lai_thue_xe_du_lich_danang/honda_city_2015/p/g/2026/01/04/13/DS_wsMsw7Lzdpj8Ga-BQtA.jpg,downloaded_images\cars\honda-city-2015__1779543499-133\02.jpg,downloaded
1779543499-133,HONDA CITY 2015,car,https://n1-pstg.mioto.vn/cho_thue_xe_o_to_tu_lai_thue_xe_du_lich_danang/honda_city_2015/p/g/2026/01/04/13/gHaVouXn6GNX1KYfPdkgpg.jpg,downloaded_images\cars\honda-city-2015__1779543499-133\03.jpg,downloaded
1779543499-133,HONDA CITY 2015,car,https://n1-pstg.mioto.vn/cho_thue_xe_o_to_tu_lai_thue_xe_du_lich_danang/honda_city_2015/p/g/2026/01/04/13/Je73LAQ2De3DnYUHSeaBKg.jpg,downloaded_images\cars\honda-city-2015__1779543499-133\04.jpg,downloaded
1779543499-133,HONDA CITY 2015,car,https://n1-pstg.mioto.vn/cho_thue_xe_o_to_tu_lai_thue_xe_du_lich_danang/honda_city_2015/p/g/2026/01/04/13/cZlzBEn75nWILrWZ8wn1Fg.jpg,downloaded_images\cars\honda-city-2015__1779543499-133\05.jpg,downloaded
1779543499-133,HONDA CITY 2015,owner_avatar,https://n1-astg.mioto.vn/g/2026/02/30/23/S9sSugiD8DxHYk1k67dWmg.jpg,downloaded_images\owner_avatars\1779543499-133.jpg,downloaded
1779543499-134,KIA CARENS 2024,car,https://n1-pstg.mioto.vn/cho_thue_xe_o_to_tu_lai_thue_xe_du_lich_danang/kia_carens_2024/p/g/2024/05/21/16/dL8VS_YbG-U_b7A7fQJFSw.jpg,downloaded_images\cars\kia-carens-2024__1779543499-134\01.jpg,downloaded
1779543499-134,KIA CARENS 2024,car,https://n1-pstg.mioto.vn/cho_thue_xe_o_to_tu_lai_thue_xe_du_lich_danang/kia_carens_2024/p/g/2024/05/21/16/Dk1fawBNlAPO65ZGlRpawA.jpg,downloaded_images\cars\kia-carens-2024__1779543499-134\02.jpg,downloaded
1779543499-134,KIA CARENS 2024,car,https://n1-pstg.mioto.vn/cho_thue_xe_o_to_tu_lai_thue_xe_du_lich_danang/kia_carens_2024/p/g/2024/05/21/16/VuhF_NTibFg7ShfKBvGvaQ.jpg,downloaded_images\cars\kia-carens-2024__1779543499-134\03.jpg,downloaded
1779543499-134,KIA CARENS 2024,car,https://n1-pstg.mioto.vn/cho_thue_xe_o_to_tu_lai_thue_xe_du_lich_danang/kia_carens_2024/p/g/2024/04/18/12/jTo9Btdq5R2T7zItJj2DfA.jpg,downloaded_images\cars\kia-carens-2024__1779543499-134\04.jpg,downloaded
1779543499-134,KIA CARENS 2024,car,https://n1-pstg.mioto.vn/cho_thue_xe_o_to_tu_lai_thue_xe_du_lich_danang/kia_carens_2024/p/g/2024/04/18/12/9s2l68LPiBiWq2c5fwcsDQ.jpg,downloaded_images\cars\kia-carens-2024__1779543499-134\05.jpg,downloaded
1779543499-134,KIA CARENS 2024,owner_avatar,https://n1-astg.mioto.vn/g/2024/04/16/11/pUN4T_J7hh_HCv8CEs0LtA.jpg,downloaded_images\owner_avatars\1779543499-134.jpg,downloaded
1779543499-135,NISSAN ALMERA EL 2022,car,https://n1-pstg.mioto.vn/cho_thue_xe_o_to_tu_lai_thue_xe_du_lich_danang/nissan_almera_el_2022/p/g/2025/11/31/10/LVjHdcg3GRE-iAkisIt81A.jpg,downloaded_images\cars\nissan-almera-el-2022__1779543499-135\01.jpg,downloaded
1779543499-135,NISSAN ALMERA EL 2022,car,https://n1-pstg.mioto.vn/cho_thue_xe_o_to_tu_lai_thue_xe_du_lich_danang/nissan_almera_el_2022/p/g/2025/11/31/10/JgYEMeBXOSS3lw0W-vl3Gw.jpg,downloaded_images\cars\nissan-almera-el-2022__1779543499-135\02.jpg,downloaded
1779543499-135,NISSAN ALMERA EL 2022,car,https://n1-pstg.mioto.vn/cho_thue_xe_o_to_tu_lai_thue_xe_du_lich_danang/nissan_almera_el_2022/p/g/2025/11/31/10/HEKglJTWtzLU_liIBMh5nQ.jpg,downloaded_images\cars\nissan-almera-el-2022__1779543499-135\03.jpg,downloaded
1779543499-135,NISSAN ALMERA EL 2022,car,https://n1-pstg.mioto.vn/cho_thue_xe_o_to_tu_lai_thue_xe_du_lich_danang/nissan_almera_el_2022/p/g/2026/00/05/09/LWz99_P3m3awboeOrXPGsg.jpg,downloaded_images\cars\nissan-almera-el-2022__1779543499-135\04.jpg,downloaded
1779543499-135,NISSAN ALMERA EL 2022,owner_avatar,https://n1-cstg.mioto.vn/m/avatars/avatar-3.png,downloaded_images\owner_avatars\1779543499-135.png,downloaded
1779543499-136,VINFAST VF6 PLUS 2025,car,https://n1-pstg.mioto.vn/cho_thue_xe_o_to_tu_lai_thue_xe_du_lich_danang/vinfast_vf6_plus_2025/p/g/2026/01/24/12/LFDJkN3qc-_6szSIH3n6Xg.jpg,downloaded_images\cars\vinfast-vf6-plus-2025__1779543499-136\01.jpg,downloaded
1779543499-136,VINFAST VF6 PLUS 2025,car,https://n1-pstg.mioto.vn/cho_thue_xe_o_to_tu_lai_thue_xe_du_lich_danang/vinfast_vf6_plus_2025/p/g/2026/01/24/12/7RR3vknifXFtenuIvVhSYw.jpg,downloaded_images\cars\vinfast-vf6-plus-2025__1779543499-136\02.jpg,downloaded
1779543499-136,VINFAST VF6 PLUS 2025,car,https://n1-pstg.mioto.vn/cho_thue_xe_o_to_tu_lai_thue_xe_du_lich_danang/vinfast_vf6_plus_2025/p/g/2026/01/24/12/hIGCLqrVG9dWXL14uhWd0w.jpg,downloaded_images\cars\vinfast-vf6-plus-2025__1779543499-136\03.jpg,downloaded
1779543499-136,VINFAST VF6 PLUS 2025,car,https://n1-pstg.mioto.vn/cho_thue_xe_o_to_tu_lai_thue_xe_du_lich_danang/vinfast_vf6_plus_2025/p/g/2026/01/24/12/TADoLxjOSekVr-BCgcWCAQ.jpg,downloaded_images\cars\vinfast-vf6-plus-2025__1779543499-136\04.jpg,downloaded
1779543499-136,VINFAST VF6 PLUS 2025,owner_avatar,https://n1-cstg.mioto.vn/m/avatars/avatar-1.png,downloaded_images\owner_avatars\1779543499-136.png,downloaded
1779543499-137,VINFAST VF3 2026,car,https://n1-pstg.mioto.vn/cho_thue_xe_o_to_tu_lai_thue_xe_du_lich_danang/vinfast_vf3_2026/p/g/2026/04/21/14/X-RMZf003UihxVyFl_zKcA.jpg,downloaded_images\cars\vinfast-vf3-2026__1779543499-137\01.jpg,downloaded
1779543499-137,VINFAST VF3 2026,car,https://n1-pstg.mioto.vn/cho_thue_xe_o_to_tu_lai_thue_xe_du_lich_danang/vinfast_vf3_2026/p/g/2026/04/12/21/80i1J6jhI1XOfnwM3G9w9A.jpg,downloaded_images\cars\vinfast-vf3-2026__1779543499-137\02.jpg,downloaded
1779543499-137,VINFAST VF3 2026,car,https://n1-pstg.mioto.vn/cho_thue_xe_o_to_tu_lai_thue_xe_du_lich_danang/vinfast_vf3_2026/p/g/2026/04/12/20/k9lS075aIat7me0GBCR1_g.jpg,downloaded_images\cars\vinfast-vf3-2026__1779543499-137\03.jpg,downloaded
1779543499-137,VINFAST VF3 2026,car,https://n1-pstg.mioto.vn/cho_thue_xe_o_to_tu_lai_thue_xe_du_lich_danang/vinfast_vf3_2026/p/g/2026/04/12/21/orIdz4KG4mvKu8OMen3xCA.jpg,downloaded_images\cars\vinfast-vf3-2026__1779543499-137\04.jpg,downloaded
1779543499-137,VINFAST VF3 2026,car,https://n1-pstg.mioto.vn/cho_thue_xe_o_to_tu_lai_thue_xe_du_lich_danang/vinfast_vf3_2026/p/g/2026/04/12/21/IJzcQAK94ScuG1Asr3sY4w.jpg,downloaded_images\cars\vinfast-vf3-2026__1779543499-137\05.jpg,downloaded
1779543499-137,VINFAST VF3 2026,owner_avatar,https://n1-astg.mioto.vn/g/2026/04/23/12/JBL40Q7GG_xoCBGoEWse6g.jpg,downloaded_images\owner_avatars\1779543499-137.jpg,downloaded
1779543499-138,VINFAST VF3 2024,car,https://n1-pstg.mioto.vn/cho_thue_xe_o_to_tu_lai_thue_xe_du_lich_danang/vinfast_vf3_2024/p/g/2024/11/18/16/03iagyWRDahy6Q3FbWfBig.jpg,downloaded_images\cars\vinfast-vf3-2024__1779543499-138\01.jpg,downloaded
1779543499-138,VINFAST VF3 2024,car,https://n1-pstg.mioto.vn/cho_thue_xe_o_to_tu_lai_thue_xe_du_lich_danang/vinfast_vf3_2024/p/g/2024/11/18/16/B2dGN66MUarYXWO6fr2mNw.jpg,downloaded_images\cars\vinfast-vf3-2024__1779543499-138\02.jpg,downloaded
1779543499-138,VINFAST VF3 2024,car,https://n1-pstg.mioto.vn/cho_thue_xe_o_to_tu_lai_thue_xe_du_lich_danang/vinfast_vf3_2024/p/g/2024/11/18/16/9m_xorMDCjugVUvx01IA9Q.jpg,downloaded_images\cars\vinfast-vf3-2024__1779543499-138\03.jpg,downloaded
1779543499-138,VINFAST VF3 2024,car,https://n1-pstg.mioto.vn/cho_thue_xe_o_to_tu_lai_thue_xe_du_lich_danang/vinfast_vf3_2024/p/g/2024/11/18/16/y-b1R7jXPemoorPRArbShw.jpg,downloaded_images\cars\vinfast-vf3-2024__1779543499-138\04.jpg,downloaded
1779543499-138,VINFAST VF3 2024,car,https://n1-pstg.mioto.vn/cho_thue_xe_o_to_tu_lai_thue_xe_du_lich_danang/vinfast_vf3_2024/p/g/2024/11/18/16/Xuw231p_spHAk45uBDxRVQ.jpg,downloaded_images\cars\vinfast-vf3-2024__1779543499-138\05.jpg,downloaded
1779543499-138,VINFAST VF3 2024,owner_avatar,https://n1-astg.mioto.vn/g/2024/11/18/16/aRdsHoHWvcLy3vMddkahFA.jpg,downloaded_images\owner_avatars\1779543499-138.jpg,downloaded
1779543499-139,VINFAST VF5 2025,car,https://n1-pstg.mioto.vn/cho_thue_xe_o_to_tu_lai_thue_xe_du_lich_danang/vinfast_vf5_2025/p/g/2026/00/16/19/e41LCgrKIoF2yhPnCBAH9w.jpg,downloaded_images\cars\vinfast-vf5-2025__1779543499-139\01.jpg,downloaded
1779543499-139,VINFAST VF5 2025,car,https://n1-pstg.mioto.vn/cho_thue_xe_o_to_tu_lai_thue_xe_du_lich_danang/vinfast_vf5_2025/p/g/2026/00/16/19/oMX2A5aCxwS-Ati9sSB3ug.jpg,downloaded_images\cars\vinfast-vf5-2025__1779543499-139\02.jpg,downloaded
1779543499-139,VINFAST VF5 2025,car,https://n1-pstg.mioto.vn/cho_thue_xe_o_to_tu_lai_thue_xe_du_lich_danang/vinfast_vf5_2025/p/g/2026/00/16/19/hSnSZJXmMBFLcE7lUa9sfA.jpg,downloaded_images\cars\vinfast-vf5-2025__1779543499-139\03.jpg,downloaded
1779543499-139,VINFAST VF5 2025,owner_avatar,https://n1-cstg.mioto.vn/m/avatars/avatar-9.png,downloaded_images\owner_avatars\1779543499-139.png,downloaded
1779543499-140,VINFAST VF3 2025,car,https://n1-pstg.mioto.vn/cho_thue_xe_o_to_tu_lai_thue_xe_du_lich_danang/vinfast_vf3_2025/p/g/2025/09/25/13/cK1aNLpuzLRWye7V8bWT5Q.jpg,downloaded_images\cars\vinfast-vf3-2025__1779543499-140\01.jpg,downloaded
1779543499-140,VINFAST VF3 2025,car,https://n1-pstg.mioto.vn/cho_thue_xe_o_to_tu_lai_thue_xe_du_lich_danang/vinfast_vf3_2025/p/g/2025/09/25/13/BkCTLVON4QSxgWWtsRrazQ.jpg,downloaded_images\cars\vinfast-vf3-2025__1779543499-140\02.jpg,downloaded
1779543499-140,VINFAST VF3 2025,car,https://n1-pstg.mioto.vn/cho_thue_xe_o_to_tu_lai_thue_xe_du_lich_danang/vinfast_vf3_2025/p/g/2025/09/25/13/StluiUkIJngV8pViD1KSSw.jpg,downloaded_images\cars\vinfast-vf3-2025__1779543499-140\03.jpg,downloaded
1779543499-140,VINFAST VF3 2025,car,https://n1-pstg.mioto.vn/cho_thue_xe_o_to_tu_lai_thue_xe_du_lich_danang/vinfast_vf3_2025/p/g/2025/09/25/13/7vq9SVIyNVsMEFXlz3IIHw.jpg,downloaded_images\cars\vinfast-vf3-2025__1779543499-140\04.jpg,downloaded
1779543499-140,VINFAST VF3 2025,car,https://n1-pstg.mioto.vn/cho_thue_xe_o_to_tu_lai_thue_xe_du_lich_danang/vinfast_vf3_2025/p/g/2026/00/24/09/XR0gkwEpIjM9X-in1jIv2g.jpg,downloaded_images\cars\vinfast-vf3-2025__1779543499-140\05.jpg,downloaded
1779543499-140,VINFAST VF3 2025,car,https://n1-pstg.mioto.vn/cho_thue_xe_o_to_tu_lai_thue_xe_du_lich_danang/vinfast_vf3_2025/p/g/2025/09/25/13/2v20uj7dcQ-0hBvrFwABNg.jpg,downloaded_images\cars\vinfast-vf3-2025__1779543499-140\06.jpg,downloaded
1779543499-140,VINFAST VF3 2025,car,https://n1-pstg.mioto.vn/cho_thue_xe_o_to_tu_lai_thue_xe_du_lich_danang/vinfast_vf3_2025/p/g/2025/11/30/13/PDQXoUNbP2yNnZ9r2RYlSw.jpg,downloaded_images\cars\vinfast-vf3-2025__1779543499-140\07.jpg,downloaded
1779543499-140,VINFAST VF3 2025,car,https://n1-pstg.mioto.vn/cho_thue_xe_o_to_tu_lai_thue_xe_du_lich_danang/vinfast_vf3_2025/p/g/2026/02/10/10/P2dknFnYzdjGwNXizWWn8g.jpg,downloaded_images\cars\vinfast-vf3-2025__1779543499-140\08.jpg,downloaded
1779543499-140,VINFAST VF3 2025,owner_avatar,https://n1-astg.mioto.vn/g/2025/10/21/23/KuzggVjGUnfZouimSYcwpQ.jpg,downloaded_images\owner_avatars\1779543499-140.jpg,downloaded
1779543499-141,VINFAST VF6 PLUS 2025,car,https://n1-pstg.mioto.vn/cho_thue_xe_o_to_tu_lai_thue_xe_du_lich_danang/vinfast_vf6_plus_2025/p/g/2026/04/06/22/auiR_azLHp67gfyG8V2aCg.jpg,downloaded_images\cars\vinfast-vf6-plus-2025__1779543499-141\01.jpg,downloaded
1779543499-141,VINFAST VF6 PLUS 2025,car,https://n1-pstg.mioto.vn/cho_thue_xe_o_to_tu_lai_thue_xe_du_lich_danang/vinfast_vf6_plus_2025/p/g/2026/04/06/22/8KbcAUjZiO79LZ0kRfkhOQ.jpg,downloaded_images\cars\vinfast-vf6-plus-2025__1779543499-141\02.jpg,downloaded
1779543499-141,VINFAST VF6 PLUS 2025,car,https://n1-pstg.mioto.vn/cho_thue_xe_o_to_tu_lai_thue_xe_du_lich_danang/vinfast_vf6_plus_2025/p/g/2026/04/06/22/1jaiLd-Bm2j5jXJ7TayZlQ.jpg,downloaded_images\cars\vinfast-vf6-plus-2025__1779543499-141\03.jpg,downloaded
1779543499-141,VINFAST VF6 PLUS 2025,car,https://n1-pstg.mioto.vn/cho_thue_xe_o_to_tu_lai_thue_xe_du_lich_danang/vinfast_vf6_plus_2025/p/g/2026/04/06/22/l5P0n16tGwtXcksHhf_I4w.jpg,downloaded_images\cars\vinfast-vf6-plus-2025__1779543499-141\04.jpg,downloaded
1779543499-141,VINFAST VF6 PLUS 2025,car,https://n1-pstg.mioto.vn/cho_thue_xe_o_to_tu_lai_thue_xe_du_lich_danang/vinfast_vf6_plus_2025/p/g/2026/04/06/22/ej0M4J7cE5vUYAktXeouoQ.jpg,downloaded_images\cars\vinfast-vf6-plus-2025__1779543499-141\05.jpg,downloaded
1779543499-141,VINFAST VF6 PLUS 2025,owner_avatar,https://n1-cstg.mioto.vn/m/avatars/avatar-4.png,downloaded_images\owner_avatars\1779543499-141.png,downloaded
1779543499-142,TOYOTA VELOZ CROSS 2024,car,https://n1-pstg.mioto.vn/cho_thue_xe_o_to_tu_lai_thue_xe_du_lich_danang/toyota_veloz_cross_2024/p/g/2024/01/07/07/Ymvb6ZVHjPhH1enDSK5wIg.jpg,downloaded_images\cars\toyota-veloz-cross-2024__1779543499-142\01.jpg,downloaded
1779543499-142,TOYOTA VELOZ CROSS 2024,car,https://n1-pstg.mioto.vn/cho_thue_xe_o_to_tu_lai_thue_xe_du_lich_danang/toyota_veloz_cross_2024/p/g/2024/01/07/07/TY6jHuQwaPV_z50uLbAaRQ.jpg,downloaded_images\cars\toyota-veloz-cross-2024__1779543499-142\02.jpg,downloaded
1779543499-142,TOYOTA VELOZ CROSS 2024,car,https://n1-pstg.mioto.vn/cho_thue_xe_o_to_tu_lai_thue_xe_du_lich_danang/toyota_veloz_cross_2024/p/g/2024/01/07/07/BV4WjY8EE7ND5ovJSltxGg.jpg,downloaded_images\cars\toyota-veloz-cross-2024__1779543499-142\03.jpg,downloaded
1779543499-142,TOYOTA VELOZ CROSS 2024,car,https://n1-pstg.mioto.vn/cho_thue_xe_o_to_tu_lai_thue_xe_du_lich_danang/toyota_veloz_cross_2024/p/g/2024/01/07/07/yCrgAezszUMLBYXFYkUeLQ.jpg,downloaded_images\cars\toyota-veloz-cross-2024__1779543499-142\04.jpg,downloaded
1779543499-142,TOYOTA VELOZ CROSS 2024,owner_avatar,https://n1-cstg.mioto.vn/m/avatars/avatar-9.png,downloaded_images\owner_avatars\1779543499-142.png,downloaded
1779543499-143,TOYOTA VELOZ CROSS 2025,car,https://n1-pstg.mioto.vn/cho_thue_xe_o_to_tu_lai_thue_xe_du_lich_danang/toyota_veloz_cross_2025/p/g/2025/06/06/21/Cm6uGkgShSYpweSmu1bGaQ.jpg,downloaded_images\cars\toyota-veloz-cross-2025__1779543499-143\01.jpg,downloaded
1779543499-143,TOYOTA VELOZ CROSS 2025,car,https://n1-pstg.mioto.vn/cho_thue_xe_o_to_tu_lai_thue_xe_du_lich_danang/toyota_veloz_cross_2025/p/g/2025/06/06/21/AAhmCSstbMEhF9gAMR7QQg.jpg,downloaded_images\cars\toyota-veloz-cross-2025__1779543499-143\02.jpg,downloaded
1779543499-143,TOYOTA VELOZ CROSS 2025,owner_avatar,https://n1-cstg.mioto.vn/m/avatars/avatar-9.png,downloaded_images\owner_avatars\1779543499-143.png,downloaded
1779543499-144,MITSUBISHI XPANDER 2023,car,https://n1-pstg.mioto.vn/cho_thue_xe_o_to_tu_lai_thue_xe_du_lich_danang/mitsubishi_xpander_2023/p/g/2023/05/21/12/kUVp8EY0HskGlflazUf_FQ.jpg,downloaded_images\cars\mitsubishi-xpander-2023__1779543499-144\01.jpg,downloaded
1779543499-144,MITSUBISHI XPANDER 2023,car,https://n1-pstg.mioto.vn/cho_thue_xe_o_to_tu_lai_thue_xe_du_lich_danang/mitsubishi_xpander_2023/p/g/2023/05/21/12/o0SBtnnHC9EmxMnUQtQmIg.jpg,downloaded_images\cars\mitsubishi-xpander-2023__1779543499-144\02.jpg,downloaded
1779543499-144,MITSUBISHI XPANDER 2023,car,https://n1-pstg.mioto.vn/cho_thue_xe_o_to_tu_lai_thue_xe_du_lich_danang/mitsubishi_xpander_2023/p/g/2023/05/21/12/MC3PGLN4JJYR7YzjP0dFdg.jpg,downloaded_images\cars\mitsubishi-xpander-2023__1779543499-144\03.jpg,downloaded
1779543499-144,MITSUBISHI XPANDER 2023,car,https://n1-pstg.mioto.vn/cho_thue_xe_o_to_tu_lai_thue_xe_du_lich_danang/mitsubishi_xpander_2023/p/g/2023/05/21/12/fr9wml0oUhm3Scp157tg4w.jpg,downloaded_images\cars\mitsubishi-xpander-2023__1779543499-144\04.jpg,downloaded
1779543499-144,MITSUBISHI XPANDER 2023,owner_avatar,https://n1-cstg.mioto.vn/m/avatars/avatar-9.png,downloaded_images\owner_avatars\1779543499-144.png,downloaded
1779543499-145,VINFAST VF7 2025,car,https://n1-pstg.mioto.vn/cho_thue_xe_o_to_tu_lai_thue_xe_du_lich_danang/vinfast_vf7_2025/p/g/2025/10/08/00/K51S7YSi3slytMIDeFgQ4A.jpg,downloaded_images\cars\vinfast-vf7-2025__1779543499-145\01.jpg,downloaded
1779543499-145,VINFAST VF7 2025,car,https://n1-pstg.mioto.vn/cho_thue_xe_o_to_tu_lai_thue_xe_du_lich_danang/vinfast_vf7_2025/p/g/2025/10/08/00/LRbPE8jfiyt-Q2tba0Jg7Q.jpg,downloaded_images\cars\vinfast-vf7-2025__1779543499-145\02.jpg,downloaded
1779543499-145,VINFAST VF7 2025,car,https://n1-pstg.mioto.vn/cho_thue_xe_o_to_tu_lai_thue_xe_du_lich_danang/vinfast_vf7_2025/p/g/2025/10/08/00/25fFueQp9Asw-9XRStqwcQ.jpg,downloaded_images\cars\vinfast-vf7-2025__1779543499-145\03.jpg,downloaded
1779543499-145,VINFAST VF7 2025,car,https://n1-pstg.mioto.vn/cho_thue_xe_o_to_tu_lai_thue_xe_du_lich_danang/vinfast_vf7_2025/p/g/2025/10/08/00/5f2a5u7tQtBWP7931tDd5w.jpg,downloaded_images\cars\vinfast-vf7-2025__1779543499-145\04.jpg,downloaded
1779543499-145,VINFAST VF7 2025,owner_avatar,https://n1-astg.mioto.vn/g/2025/10/21/23/KuzggVjGUnfZouimSYcwpQ.jpg,downloaded_images\owner_avatars\1779543499-145.jpg,downloaded
1779543499-146,MITSUBISHI XPANDER 2024,car,https://n1-pstg.mioto.vn/cho_thue_xe_o_to_tu_lai_thue_xe_du_lich_danang/mitsubishi_xpander_2024/p/g/2024/07/09/08/-rB1vvaXNU2Vx_lfPL8Y2A.jpg,downloaded_images\cars\mitsubishi-xpander-2024__1779543499-146\01.jpg,downloaded
1779543499-146,MITSUBISHI XPANDER 2024,car,https://n1-pstg.mioto.vn/cho_thue_xe_o_to_tu_lai_thue_xe_du_lich_danang/mitsubishi_xpander_2024/p/g/2024/07/09/08/BaLGHw2HIgL3GUbC7KJguA.jpg,downloaded_images\cars\mitsubishi-xpander-2024__1779543499-146\02.jpg,downloaded
1779543499-146,MITSUBISHI XPANDER 2024,car,https://n1-pstg.mioto.vn/cho_thue_xe_o_to_tu_lai_thue_xe_du_lich_danang/mitsubishi_xpander_2024/p/g/2024/07/09/08/FRuSbqAw0BZD91JyOK7i9g.jpg,downloaded_images\cars\mitsubishi-xpander-2024__1779543499-146\03.jpg,downloaded
1779543499-146,MITSUBISHI XPANDER 2024,car,https://n1-pstg.mioto.vn/cho_thue_xe_o_to_tu_lai_thue_xe_du_lich_danang/mitsubishi_xpander_2024/p/g/2024/07/09/08/O7fzuXxLBBPfw9L75fvdvQ.jpg,downloaded_images\cars\mitsubishi-xpander-2024__1779543499-146\04.jpg,downloaded
1779543499-146,MITSUBISHI XPANDER 2024,car,https://n1-pstg.mioto.vn/cho_thue_xe_o_to_tu_lai_thue_xe_du_lich_danang/mitsubishi_xpander_2024/p/g/2024/07/09/08/WZjytdsiVo4YxHuUtpzRGQ.jpg,downloaded_images\cars\mitsubishi-xpander-2024__1779543499-146\05.jpg,downloaded
1779543499-146,MITSUBISHI XPANDER 2024,owner_avatar,https://n1-cstg.mioto.vn/m/avatars/avatar-5.png,downloaded_images\owner_avatars\1779543499-146.png,downloaded
1779543499-147,HYUNDAI ELANTRA 2021,car,https://n1-pstg.mioto.vn/cho_thue_xe_o_to_tu_lai_thue_xe_du_lich_danang/hyundai_elantra_2021/p/g/2026/00/13/09/lsKLwa1D66Potz6JG7mpwQ.jpg,downloaded_images\cars\hyundai-elantra-2021__1779543499-147\01.jpg,downloaded
1779543499-147,HYUNDAI ELANTRA 2021,car,https://n1-pstg.mioto.vn/cho_thue_xe_o_to_tu_lai_thue_xe_du_lich_danang/hyundai_elantra_2021/p/g/2026/00/13/09/Khq4qXewdUDpwQR8elCStg.jpg,downloaded_images\cars\hyundai-elantra-2021__1779543499-147\02.jpg,downloaded
1779543499-147,HYUNDAI ELANTRA 2021,car,https://n1-pstg.mioto.vn/cho_thue_xe_o_to_tu_lai_thue_xe_du_lich_danang/hyundai_elantra_2021/p/g/2026/00/13/09/5gNls_TgYj7IigLyiZ56qQ.jpg,downloaded_images\cars\hyundai-elantra-2021__1779543499-147\03.jpg,downloaded
1779543499-147,HYUNDAI ELANTRA 2021,car,https://n1-pstg.mioto.vn/cho_thue_xe_o_to_tu_lai_thue_xe_du_lich_danang/hyundai_elantra_2021/p/g/2026/00/13/09/ZhD4QHHsoRRFMMZW0UjZVw.jpg,downloaded_images\cars\hyundai-elantra-2021__1779543499-147\04.jpg,downloaded
1779543499-147,HYUNDAI ELANTRA 2021,car,https://n1-pstg.mioto.vn/cho_thue_xe_o_to_tu_lai_thue_xe_du_lich_danang/hyundai_elantra_2021/p/g/2026/00/13/09/Y-jmBfdfGKsjJJtw1sRFuw.jpg,downloaded_images\cars\hyundai-elantra-2021__1779543499-147\05.jpg,downloaded
1779543499-147,HYUNDAI ELANTRA 2021,owner_avatar,https://n1-cstg.mioto.vn/m/avatars/avatar-1.png,downloaded_images\owner_avatars\1779543499-147.png,downloaded
1779543499-148,TOYOTA VIOS 2024,car,https://n1-pstg.mioto.vn/cho_thue_xe_o_to_tu_lai_thue_xe_du_lich_danang/toyota_vios_2024/p/g/2026/03/17/15/UL7XBpwfinECYpe-Z8z4qw.jpg,downloaded_images\cars\toyota-vios-2024__1779543499-148\01.jpg,downloaded
1779543499-148,TOYOTA VIOS 2024,car,https://n1-pstg.mioto.vn/cho_thue_xe_o_to_tu_lai_thue_xe_du_lich_danang/toyota_vios_2024/p/g/2026/03/17/15/Bn2mnT0_iAU0KOqjWv8uoA.jpg,downloaded_images\cars\toyota-vios-2024__1779543499-148\02.jpg,downloaded
1779543499-148,TOYOTA VIOS 2024,car,https://n1-pstg.mioto.vn/cho_thue_xe_o_to_tu_lai_thue_xe_du_lich_danang/toyota_vios_2024/p/g/2026/03/17/15/ZqJRX6eU49FGvEtzxfTrDw.jpg,downloaded_images\cars\toyota-vios-2024__1779543499-148\03.jpg,downloaded
1779543499-148,TOYOTA VIOS 2024,car,https://n1-pstg.mioto.vn/cho_thue_xe_o_to_tu_lai_thue_xe_du_lich_danang/toyota_vios_2024/p/g/2026/03/17/15/G8tMcAoi3DKywmFPiSEC5A.jpg,downloaded_images\cars\toyota-vios-2024__1779543499-148\04.jpg,downloaded
1779543499-148,TOYOTA VIOS 2024,car,https://n1-pstg.mioto.vn/cho_thue_xe_o_to_tu_lai_thue_xe_du_lich_danang/toyota_vios_2024/p/g/2026/03/17/15/CbAczYglA1kPVbdhh8l2cQ.jpg,downloaded_images\cars\toyota-vios-2024__1779543499-148\05.jpg,downloaded
1779543499-148,TOYOTA VIOS 2024,owner_avatar,https://n1-astg.mioto.vn/g/2026/03/18/14/BbbMoFF09ur3M_TN59Dzsg.jpg,downloaded_images\owner_avatars\1779543499-148.jpg,downloaded
1779543499-149,TOYOTA VIOS 2025,car,https://n1-pstg.mioto.vn/cho_thue_xe_o_to_tu_lai_thue_xe_du_lich_danang/toyota_vios_2025/p/g/2025/08/22/17/y7X4fghcXAWtZSgKiALVmA.jpg,downloaded_images\cars\toyota-vios-2025__1779543499-149\01.jpg,downloaded
1779543499-149,TOYOTA VIOS 2025,car,https://n1-pstg.mioto.vn/cho_thue_xe_o_to_tu_lai_thue_xe_du_lich_danang/toyota_vios_2025/p/g/2025/08/24/09/DKzhtsspAggpm1NuAuqrcA.jpg,downloaded_images\cars\toyota-vios-2025__1779543499-149\02.jpg,downloaded
1779543499-149,TOYOTA VIOS 2025,car,https://n1-pstg.mioto.vn/cho_thue_xe_o_to_tu_lai_thue_xe_du_lich_danang/toyota_vios_2025/p/g/2025/08/24/11/Tfjza9PY0wVSS-ZB389lKw.jpg,downloaded_images\cars\toyota-vios-2025__1779543499-149\03.jpg,downloaded
1779543499-149,TOYOTA VIOS 2025,car,https://n1-pstg.mioto.vn/cho_thue_xe_o_to_tu_lai_thue_xe_du_lich_danang/toyota_vios_2025/p/g/2025/08/24/11/Ltlr-rZXY0qGGn8UdmaJjg.jpg,downloaded_images\cars\toyota-vios-2025__1779543499-149\04.jpg,downloaded
1779543499-149,TOYOTA VIOS 2025,owner_avatar,https://n1-cstg.mioto.vn/m/avatars/avatar-3.png,downloaded_images\owner_avatars\1779543499-149.png,downloaded
1779543499-150,KIA CARNIVAL PREMIUM 2022,car,https://n1-pstg.mioto.vn/cho_thue_xe_o_to_tu_lai_thue_xe_du_lich_danang/kia_carnival_premium_2022/p/g/2024/06/21/23/k6LDO21jAqc046Qknx_-WQ.jpg,downloaded_images\cars\kia-carnival-premium-2022__1779543499-150\01.jpg,downloaded
1779543499-150,KIA CARNIVAL PREMIUM 2022,car,https://n1-pstg.mioto.vn/cho_thue_xe_o_to_tu_lai_thue_xe_du_lich_danang/kia_carnival_premium_2022/p/g/2024/06/21/23/gvgELuzwanjj9XlxbIIEhA.jpg,downloaded_images\cars\kia-carnival-premium-2022__1779543499-150\02.jpg,downloaded
1779543499-150,KIA CARNIVAL PREMIUM 2022,car,https://n1-pstg.mioto.vn/cho_thue_xe_o_to_tu_lai_thue_xe_du_lich_danang/kia_carnival_premium_2022/p/g/2024/06/21/23/3_jWTFpjLT3bKaaG9X-nMA.jpg,downloaded_images\cars\kia-carnival-premium-2022__1779543499-150\03.jpg,downloaded
1779543499-150,KIA CARNIVAL PREMIUM 2022,car,https://n1-pstg.mioto.vn/cho_thue_xe_o_to_tu_lai_thue_xe_du_lich_danang/kia_carnival_premium_2022/p/g/2024/06/21/23/nHkN8uFTsdigLadqJSbPOw.jpg,downloaded_images\cars\kia-carnival-premium-2022__1779543499-150\04.jpg,downloaded
1779543499-150,KIA CARNIVAL PREMIUM 2022,car,https://n1-pstg.mioto.vn/cho_thue_xe_o_to_tu_lai_thue_xe_du_lich_danang/kia_carnival_premium_2022/p/g/2024/06/21/23/0pk-ENht36p1HwvEhmpRsg.jpg,downloaded_images\cars\kia-carnival-premium-2022__1779543499-150\05.jpg,downloaded
1779543499-150,KIA CARNIVAL PREMIUM 2022,owner_avatar,https://n1-cstg.mioto.vn/m/avatars/avatar-4.png,downloaded_images\owner_avatars\1779543499-150.png,downloaded
1779543499-151,VINFAST VF3 2026,car,https://n1-pstg.mioto.vn/cho_thue_xe_o_to_tu_lai_thue_xe_du_lich_danang/vinfast_vf3_2026/p/g/2026/03/22/13/1A0v442D5Ax9VPL1T-wwGQ.jpg,downloaded_images\cars\vinfast-vf3-2026__1779543499-151\01.jpg,downloaded
1779543499-151,VINFAST VF3 2026,car,https://n1-pstg.mioto.vn/cho_thue_xe_o_to_tu_lai_thue_xe_du_lich_danang/vinfast_vf3_2026/p/g/2026/03/22/13/LMUfpj8Qnn3hM2zVioW5tA.jpg,downloaded_images\cars\vinfast-vf3-2026__1779543499-151\02.jpg,downloaded
1779543499-151,VINFAST VF3 2026,car,https://n1-pstg.mioto.vn/cho_thue_xe_o_to_tu_lai_thue_xe_du_lich_danang/vinfast_vf3_2026/p/g/2026/03/22/13/-ewBvCIiTWF8KxOF0DRIIA.jpg,downloaded_images\cars\vinfast-vf3-2026__1779543499-151\03.jpg,downloaded
1779543499-151,VINFAST VF3 2026,car,https://n1-pstg.mioto.vn/cho_thue_xe_o_to_tu_lai_thue_xe_du_lich_danang/vinfast_vf3_2026/p/g/2026/03/22/13/hy2SGOrjOa44aVBJaYTZ9g.jpg,downloaded_images\cars\vinfast-vf3-2026__1779543499-151\04.jpg,downloaded
1779543499-151,VINFAST VF3 2026,car,https://n1-pstg.mioto.vn/cho_thue_xe_o_to_tu_lai_thue_xe_du_lich_danang/vinfast_vf3_2026/p/g/2026/03/22/14/ScUsneP1Q2U5VYInhAIJOQ.jpg,downloaded_images\cars\vinfast-vf3-2026__1779543499-151\05.jpg,downloaded
1779543499-151,VINFAST VF3 2026,owner_avatar,https://n1-cstg.mioto.vn/m/avatars/avatar-5.png,downloaded_images\owner_avatars\1779543499-151.png,downloaded
1779543499-152,TOYOTA VIOS 2010,car,https://n1-pstg.mioto.vn/cho_thue_xe_o_to_tu_lai_thue_xe_du_lich_danang/toyota_vios_2010/p/g/2026/03/15/16/hMw4atVljQ896mrIdVb0DA.jpg,downloaded_images\cars\toyota-vios-2010__1779543499-152\01.jpg,downloaded
1779543499-152,TOYOTA VIOS 2010,car,https://n1-pstg.mioto.vn/cho_thue_xe_o_to_tu_lai_thue_xe_du_lich_danang/toyota_vios_2010/p/g/2026/03/15/16/xU5ZwVc_ciob5Kt3UqCJrQ.jpg,downloaded_images\cars\toyota-vios-2010__1779543499-152\02.jpg,downloaded
1779543499-152,TOYOTA VIOS 2010,car,https://n1-pstg.mioto.vn/cho_thue_xe_o_to_tu_lai_thue_xe_du_lich_danang/toyota_vios_2010/p/g/2026/03/15/16/NEAl4e9bZy6Z8DNUYsiPvg.jpg,downloaded_images\cars\toyota-vios-2010__1779543499-152\03.jpg,downloaded
1779543499-152,TOYOTA VIOS 2010,car,https://n1-pstg.mioto.vn/cho_thue_xe_o_to_tu_lai_thue_xe_du_lich_danang/toyota_vios_2010/p/g/2026/03/15/16/hk0K5R0gUsAmFUMVQ23nrw.jpg,downloaded_images\cars\toyota-vios-2010__1779543499-152\04.jpg,downloaded
1779543499-152,TOYOTA VIOS 2010,car,https://n1-pstg.mioto.vn/cho_thue_xe_o_to_tu_lai_thue_xe_du_lich_danang/toyota_vios_2010/p/g/2026/03/15/16/RcfOBTNmJ0jAFNT2cHKHKw.jpg,downloaded_images\cars\toyota-vios-2010__1779543499-152\05.jpg,downloaded
1779543499-152,TOYOTA VIOS 2010,owner_avatar,https://n1-astg.mioto.vn/g/2026/03/15/16/t3guyLUjodgdtjbslwJHDw.jpg,downloaded_images\owner_avatars\1779543499-152.jpg,downloaded
1779543499-153,HONDA JAZZ  2018,car,https://n1-pstg.mioto.vn/cho_thue_xe_o_to_tu_lai_thue_xe_du_lich_danang/honda_jazz__2018/p/g/2026/01/21/17/-r-Y7FBkGgIAZfb99EB6MQ.jpg,downloaded_images\cars\honda-jazz-2018__1779543499-153\01.jpg,downloaded
1779543499-153,HONDA JAZZ  2018,car,https://n1-pstg.mioto.vn/cho_thue_xe_o_to_tu_lai_thue_xe_du_lich_danang/honda_jazz__2018/p/g/2026/01/21/17/TUb6eUuhVrXvYBXV7hLxwA.jpg,downloaded_images\cars\honda-jazz-2018__1779543499-153\02.jpg,downloaded
1779543499-153,HONDA JAZZ  2018,car,https://n1-pstg.mioto.vn/cho_thue_xe_o_to_tu_lai_thue_xe_du_lich_danang/honda_jazz__2018/p/g/2026/01/21/17/RdaG8b5PYdKwGQDPKWFABw.jpg,downloaded_images\cars\honda-jazz-2018__1779543499-153\03.jpg,downloaded
1779543499-153,HONDA JAZZ  2018,car,https://n1-pstg.mioto.vn/cho_thue_xe_o_to_tu_lai_thue_xe_du_lich_danang/honda_jazz__2018/p/g/2026/01/21/17/d33pQUpmWcCZ9jTxoS8D_w.jpg,downloaded_images\cars\honda-jazz-2018__1779543499-153\04.jpg,downloaded
1779543499-153,HONDA JAZZ  2018,owner_avatar,https://n1-cstg.mioto.vn/m/avatars/avatar-5.png,downloaded_images\owner_avatars\1779543499-153.png,downloaded
1779543499-154,KIA SELTOS PREMIUM 2024,car,https://n1-pstg.mioto.vn/cho_thue_xe_o_to_tu_lai_thue_xe_du_lich_danang/kia_seltos_premium_2024/p/g/2026/02/03/12/GUXc_5G4Ne61l80bxmTlRQ.jpg,downloaded_images\cars\kia-seltos-premium-2024__1779543499-154\01.jpg,downloaded
1779543499-154,KIA SELTOS PREMIUM 2024,car,https://n1-pstg.mioto.vn/cho_thue_xe_o_to_tu_lai_thue_xe_du_lich_danang/kia_seltos_premium_2024/p/g/2026/02/03/12/QkTYcg8LgyMchq8aHL8Vsg.jpg,downloaded_images\cars\kia-seltos-premium-2024__1779543499-154\02.jpg,downloaded
1779543499-154,KIA SELTOS PREMIUM 2024,car,https://n1-pstg.mioto.vn/cho_thue_xe_o_to_tu_lai_thue_xe_du_lich_danang/kia_seltos_premium_2024/p/g/2026/02/03/12/oR_YuECSYiIPYXolK0VkFQ.jpg,downloaded_images\cars\kia-seltos-premium-2024__1779543499-154\03.jpg,downloaded
1779543499-154,KIA SELTOS PREMIUM 2024,car,https://n1-pstg.mioto.vn/cho_thue_xe_o_to_tu_lai_thue_xe_du_lich_danang/kia_seltos_premium_2024/p/g/2026/02/03/12/Porp1R8se-HR9GTLQWvOVw.jpg,downloaded_images\cars\kia-seltos-premium-2024__1779543499-154\04.jpg,downloaded
1779543499-154,KIA SELTOS PREMIUM 2024,car,https://n1-pstg.mioto.vn/cho_thue_xe_o_to_tu_lai_thue_xe_du_lich_danang/kia_seltos_premium_2024/p/g/2026/02/03/12/9XAM815eJp2JN1Qb451ytg.jpg,downloaded_images\cars\kia-seltos-premium-2024__1779543499-154\05.jpg,downloaded
1779543499-154,KIA SELTOS PREMIUM 2024,owner_avatar,https://n1-astg.mioto.vn/g/2026/02/04/19/zkwCFQT6_mi7f_2k7Bi7NA.jpg,downloaded_images\owner_avatars\1779543499-154.jpg,downloaded
1779543499-155,HONDA CRV L AWD 2018,car,https://n1-pstg.mioto.vn/cho_thue_xe_o_to_tu_lai_thue_xe_du_lich_danang/honda_crv_l_awd_2018/p/g/2026/01/05/10/nYvIxbfNpEG--Nuuzejq0A.jpg,downloaded_images\cars\honda-crv-l-awd-2018__1779543499-155\01.jpg,downloaded
1779543499-155,HONDA CRV L AWD 2018,car,https://n1-pstg.mioto.vn/cho_thue_xe_o_to_tu_lai_thue_xe_du_lich_danang/honda_crv_l_awd_2018/p/g/2025/06/20/12/_b32x9aKpjjBlpSTFdYBBA.jpg,downloaded_images\cars\honda-crv-l-awd-2018__1779543499-155\02.jpg,downloaded
1779543499-155,HONDA CRV L AWD 2018,car,https://n1-pstg.mioto.vn/cho_thue_xe_o_to_tu_lai_thue_xe_du_lich_danang/honda_crv_l_awd_2018/p/g/2025/06/20/12/C0m-gR7zJ0DjX0VNCsjRFw.jpg,downloaded_images\cars\honda-crv-l-awd-2018__1779543499-155\03.jpg,downloaded
1779543499-155,HONDA CRV L AWD 2018,car,https://n1-pstg.mioto.vn/cho_thue_xe_o_to_tu_lai_thue_xe_du_lich_danang/honda_crv_l_awd_2018/p/g/2026/01/04/14/CHTF-6mEURx06UkUE_aczw.jpg,downloaded_images\cars\honda-crv-l-awd-2018__1779543499-155\04.jpg,downloaded
1779543499-155,HONDA CRV L AWD 2018,owner_avatar,https://n1-astg.mioto.vn/g/2025/05/04/22/GDz-ukuGY0NCtA02NMNS3A.jpg,downloaded_images\owner_avatars\1779543499-155.jpg,downloaded
1779543499-156,VINFAST VF3 2025,car,https://n1-pstg.mioto.vn/cho_thue_xe_o_to_tu_lai_thue_xe_du_lich_danang/vinfast_vf3_2025/p/g/2026/04/07/18/UCpxRDeKOZf9ZONLa4N_8w.jpg,downloaded_images\cars\vinfast-vf3-2025__1779543499-156\01.jpg,downloaded
1779543499-156,VINFAST VF3 2025,car,https://n1-pstg.mioto.vn/cho_thue_xe_o_to_tu_lai_thue_xe_du_lich_danang/vinfast_vf3_2025/p/g/2026/04/07/18/F2jMY8ExeB3vho10zEatjw.jpg,downloaded_images\cars\vinfast-vf3-2025__1779543499-156\02.jpg,downloaded
1779543499-156,VINFAST VF3 2025,car,https://n1-pstg.mioto.vn/cho_thue_xe_o_to_tu_lai_thue_xe_du_lich_danang/vinfast_vf3_2025/p/g/2026/04/07/18/ZI4lZLPDfi0z75aDqNiVDw.jpg,downloaded_images\cars\vinfast-vf3-2025__1779543499-156\03.jpg,downloaded
1779543499-156,VINFAST VF3 2025,car,https://n1-pstg.mioto.vn/cho_thue_xe_o_to_tu_lai_thue_xe_du_lich_danang/vinfast_vf3_2025/p/g/2026/04/07/18/YOEEnswiG9jNBuJ4TUmrGA.jpg,downloaded_images\cars\vinfast-vf3-2025__1779543499-156\04.jpg,downloaded
1779543499-156,VINFAST VF3 2025,car,https://n1-pstg.mioto.vn/cho_thue_xe_o_to_tu_lai_thue_xe_du_lich_danang/vinfast_vf3_2025/p/g/2026/04/07/18/QNXddFOm9eAr-oKj8T9KiQ.jpg,downloaded_images\cars\vinfast-vf3-2025__1779543499-156\05.jpg,downloaded
1779543499-156,VINFAST VF3 2025,owner_avatar,https://n1-astg.mioto.vn/g/2026/04/07/21/4X58LKALTunXN8kKuL5JGA.jpg,downloaded_images\owner_avatars\1779543499-156.jpg,downloaded
1779543499-157,HYUNDAI ELANTRA 2016,car,https://n1-pstg.mioto.vn/cho_thue_xe_o_to_tu_lai_thue_xe_du_lich_danang/hyundai_elantra_2016/p/g/2025/05/10/09/nu-GZK3hBF1FOln5gYk0ag.jpg,downloaded_images\cars\hyundai-elantra-2016__1779543499-157\01.jpg,downloaded
1779543499-157,HYUNDAI ELANTRA 2016,car,https://n1-pstg.mioto.vn/cho_thue_xe_o_to_tu_lai_thue_xe_du_lich_danang/hyundai_elantra_2016/p/g/2025/05/10/09/7oIPHkfc4IMfzEMzrCQc8A.jpg,downloaded_images\cars\hyundai-elantra-2016__1779543499-157\02.jpg,downloaded
1779543499-157,HYUNDAI ELANTRA 2016,car,https://n1-pstg.mioto.vn/cho_thue_xe_o_to_tu_lai_thue_xe_du_lich_danang/hyundai_elantra_2016/p/g/2025/05/10/09/Uox9m0j1txznu_Q_szLeGQ.jpg,downloaded_images\cars\hyundai-elantra-2016__1779543499-157\03.jpg,downloaded
1779543499-157,HYUNDAI ELANTRA 2016,car,https://n1-pstg.mioto.vn/cho_thue_xe_o_to_tu_lai_thue_xe_du_lich_danang/hyundai_elantra_2016/p/g/2025/05/10/09/m6xMttU4LCsWqIoJX8A7wg.jpg,downloaded_images\cars\hyundai-elantra-2016__1779543499-157\04.jpg,downloaded
1779543499-157,HYUNDAI ELANTRA 2016,car,https://n1-pstg.mioto.vn/cho_thue_xe_o_to_tu_lai_thue_xe_du_lich_danang/hyundai_elantra_2016/p/g/2025/05/10/09/yUTt8xvtTmFidy1DyKZLpQ.jpg,downloaded_images\cars\hyundai-elantra-2016__1779543499-157\05.jpg,downloaded
1779543499-157,HYUNDAI ELANTRA 2016,owner_avatar,https://n1-astg.mioto.vn/g/2025/05/21/06/fxio8R9IE0lPOgctNhPCNw.jpg,downloaded_images\owner_avatars\1779543499-157.jpg,downloaded
1779543499-158,VINFAST VF3 2025,car,https://n1-pstg.mioto.vn/cho_thue_xe_o_to_tu_lai_thue_xe_du_lich_danang/vinfast_vf3_2025/p/g/2025/08/23/21/Fhs2uYnHW7D8h3ocGTgUqA.jpg,downloaded_images\cars\vinfast-vf3-2025__1779543499-158\01.jpg,downloaded
1779543499-158,VINFAST VF3 2025,car,https://n1-pstg.mioto.vn/cho_thue_xe_o_to_tu_lai_thue_xe_du_lich_danang/vinfast_vf3_2025/p/g/2025/08/23/21/HMD-tMzaZsWq2zPyKrFQlQ.jpg,downloaded_images\cars\vinfast-vf3-2025__1779543499-158\02.jpg,downloaded
1779543499-158,VINFAST VF3 2025,car,https://n1-pstg.mioto.vn/cho_thue_xe_o_to_tu_lai_thue_xe_du_lich_danang/vinfast_vf3_2025/p/g/2025/08/23/21/N7H0oVbe0iMH0mFCd7DMdA.jpg,downloaded_images\cars\vinfast-vf3-2025__1779543499-158\03.jpg,downloaded
1779543499-158,VINFAST VF3 2025,car,https://n1-pstg.mioto.vn/cho_thue_xe_o_to_tu_lai_thue_xe_du_lich_danang/vinfast_vf3_2025/p/g/2025/08/23/21/BrTj-G8xu_5ljwqq7WIV7Q.jpg,downloaded_images\cars\vinfast-vf3-2025__1779543499-158\04.jpg,downloaded
1779543499-158,VINFAST VF3 2025,car,https://n1-pstg.mioto.vn/cho_thue_xe_o_to_tu_lai_thue_xe_du_lich_danang/vinfast_vf3_2025/p/g/2025/08/23/21/8e53rJqEdXWKHaoMboCfCg.jpg,downloaded_images\cars\vinfast-vf3-2025__1779543499-158\05.jpg,downloaded
1779543499-158,VINFAST VF3 2025,owner_avatar,https://n1-cstg.mioto.vn/m/avatars/avatar-0.png,downloaded_images\owner_avatars\1779543499-158.png,downloaded
1779543499-159,TOYOTA FORTUNER 2019,car,https://n1-pstg.mioto.vn/cho_thue_xe_o_to_tu_lai_thue_xe_du_lich_danang/toyota_fortuner_2019/p/g/2025/02/21/11/71uaF_UChAx1xdATtWrsTg.jpg,downloaded_images\cars\toyota-fortuner-2019__1779543499-159\01.jpg,downloaded
1779543499-159,TOYOTA FORTUNER 2019,car,https://n1-pstg.mioto.vn/cho_thue_xe_o_to_tu_lai_thue_xe_du_lich_danang/toyota_fortuner_2019/p/g/2025/02/21/11/t1QE91cVnYvNnLci3d7v0g.jpg,downloaded_images\cars\toyota-fortuner-2019__1779543499-159\02.jpg,downloaded
1779543499-159,TOYOTA FORTUNER 2019,car,https://n1-pstg.mioto.vn/cho_thue_xe_o_to_tu_lai_thue_xe_du_lich_danang/toyota_fortuner_2019/p/g/2025/02/21/11/iJxXqq-zEAj-rO663mikrw.jpg,downloaded_images\cars\toyota-fortuner-2019__1779543499-159\03.jpg,downloaded
1779543499-159,TOYOTA FORTUNER 2019,car,https://n1-pstg.mioto.vn/cho_thue_xe_o_to_tu_lai_thue_xe_du_lich_danang/toyota_fortuner_2019/p/g/2025/02/21/11/wKSmQV5xLyMvvMi4C8he_g.jpg,downloaded_images\cars\toyota-fortuner-2019__1779543499-159\04.jpg,downloaded
1779543499-159,TOYOTA FORTUNER 2019,car,https://n1-pstg.mioto.vn/cho_thue_xe_o_to_tu_lai_thue_xe_du_lich_danang/toyota_fortuner_2019/p/g/2025/02/21/11/Ll72087VPHdER9BAGsI8LQ.jpg,downloaded_images\cars\toyota-fortuner-2019__1779543499-159\05.jpg,downloaded
1779543499-159,TOYOTA FORTUNER 2019,owner_avatar,https://n1-astg.mioto.vn/g/2026/02/01/21/M8gVs7VexhTLqt2_6Xq3Ew.jpg,downloaded_images\owner_avatars\1779543499-159.jpg,downloaded
1779543499-160,NISSAN ALMERA VL 2021,car,https://n1-pstg.mioto.vn/cho_thue_xe_o_to_tu_lai_thue_xe_du_lich_danang/nissan_almera_vl_2021/p/g/2026/03/21/11/jevFoPx4pnlo8NOa_afH9A.jpg,downloaded_images\cars\nissan-almera-vl-2021__1779543499-160\01.jpg,downloaded
1779543499-160,NISSAN ALMERA VL 2021,owner_avatar,https://n1-cstg.mioto.vn/m/avatars/avatar-4.png,downloaded_images\owner_avatars\1779543499-160.png,downloaded
1779543499-161,VINFAST LIMO GREEN 2025,car,https://n1-pstg.mioto.vn/cho_thue_xe_o_to_tu_lai_thue_xe_du_lich_danang/vinfast_limo_green_2025/p/g/2026/02/24/10/ypfP81p7RN4T2mALd1JlcA.jpg,downloaded_images\cars\vinfast-limo-green-2025__1779543499-161\01.jpg,downloaded
1779543499-161,VINFAST LIMO GREEN 2025,car,https://n1-pstg.mioto.vn/cho_thue_xe_o_to_tu_lai_thue_xe_du_lich_danang/vinfast_limo_green_2025/p/g/2026/02/24/10/I-n_kBwiOMsw7o9Gs_oCfw.jpg,downloaded_images\cars\vinfast-limo-green-2025__1779543499-161\02.jpg,downloaded
1779543499-161,VINFAST LIMO GREEN 2025,car,https://n1-pstg.mioto.vn/cho_thue_xe_o_to_tu_lai_thue_xe_du_lich_danang/vinfast_limo_green_2025/p/g/2026/02/24/10/ehL_vmCzDty4R1dlYXGdNA.jpg,downloaded_images\cars\vinfast-limo-green-2025__1779543499-161\03.jpg,downloaded
1779543499-161,VINFAST LIMO GREEN 2025,car,https://n1-pstg.mioto.vn/cho_thue_xe_o_to_tu_lai_thue_xe_du_lich_danang/vinfast_limo_green_2025/p/g/2026/02/24/11/r50exYA6qUoODNufFTp06g.jpg,downloaded_images\cars\vinfast-limo-green-2025__1779543499-161\04.jpg,downloaded
1779543499-161,VINFAST LIMO GREEN 2025,car,https://n1-pstg.mioto.vn/cho_thue_xe_o_to_tu_lai_thue_xe_du_lich_danang/vinfast_limo_green_2025/p/g/2026/02/24/11/BuNPwVlAuCfeOmodCnCHIw.jpg,downloaded_images\cars\vinfast-limo-green-2025__1779543499-161\05.jpg,downloaded
1779543499-161,VINFAST LIMO GREEN 2025,owner_avatar,https://n1-astg.mioto.vn/g/2026/04/16/00/9wgUf5DQ-UMwaf2moUAWNA.jpg,downloaded_images\owner_avatars\1779543499-161.jpg,downloaded
1779543499-162,MITSUBISHI XPANDER 2026,car,https://n1-pstg.mioto.vn/cho_thue_xe_o_to_tu_lai_thue_xe_du_lich_danang/mitsubishi_xpander_2026/p/g/2026/02/16/16/i7uGXrVUeWSOOOXwyZs6-Q.jpg,downloaded_images\cars\mitsubishi-xpander-2026__1779543499-162\01.jpg,downloaded
1779543499-162,MITSUBISHI XPANDER 2026,car,https://n1-pstg.mioto.vn/cho_thue_xe_o_to_tu_lai_thue_xe_du_lich_danang/mitsubishi_xpander_2026/p/g/2026/02/16/16/uf6OFjGWJTSOc2qyHPaF5w.jpg,downloaded_images\cars\mitsubishi-xpander-2026__1779543499-162\02.jpg,downloaded
1779543499-162,MITSUBISHI XPANDER 2026,car,https://n1-pstg.mioto.vn/cho_thue_xe_o_to_tu_lai_thue_xe_du_lich_danang/mitsubishi_xpander_2026/p/g/2026/02/16/16/mTAu2wng0LLseAW4TpXT7w.jpg,downloaded_images\cars\mitsubishi-xpander-2026__1779543499-162\03.jpg,downloaded
1779543499-162,MITSUBISHI XPANDER 2026,car,https://n1-pstg.mioto.vn/cho_thue_xe_o_to_tu_lai_thue_xe_du_lich_danang/mitsubishi_xpander_2026/p/g/2026/02/16/16/4Z2cCAh4sJP2b7yWx4m_sw.jpg,downloaded_images\cars\mitsubishi-xpander-2026__1779543499-162\04.jpg,downloaded
1779543499-162,MITSUBISHI XPANDER 2026,car,https://n1-pstg.mioto.vn/cho_thue_xe_o_to_tu_lai_thue_xe_du_lich_danang/mitsubishi_xpander_2026/p/g/2026/02/16/16/yW6UM6IJQkJGMdDMa_FGUQ.jpg,downloaded_images\cars\mitsubishi-xpander-2026__1779543499-162\05.jpg,downloaded
1779543499-162,MITSUBISHI XPANDER 2026,owner_avatar,https://n1-astg.mioto.vn/g/2026/02/21/14/IJEtkgUuk-rUoStREBvhXw.jpg,downloaded_images\owner_avatars\1779543499-162.jpg,downloaded
1779543499-163,HONDA CRV G 2015,car,https://n1-pstg.mioto.vn/cho_thue_xe_o_to_tu_lai_thue_xe_du_lich_danang/honda_crv_g_2015/p/g/2019/04/11/22/hJrNm--RR5qtBP9VdlAFHg.jpg,downloaded_images\cars\honda-crv-g-2015__1779543499-163\01.jpg,downloaded
1779543499-163,HONDA CRV G 2015,car,https://n1-pstg.mioto.vn/cho_thue_xe_o_to_tu_lai_thue_xe_du_lich_danang/honda_crv_g_2015/p/g/2019/04/11/22/t3MDW7Ti2xuRVNR1V2Kg9g.jpg,downloaded_images\cars\honda-crv-g-2015__1779543499-163\02.jpg,downloaded
1779543499-163,HONDA CRV G 2015,car,https://n1-pstg.mioto.vn/cho_thue_xe_o_to_tu_lai_thue_xe_du_lich_danang/honda_crv_g_2015/p/g/2021/07/16/15/F3HA2OZocoqqL0ZGqJWZIA.jpg,downloaded_images\cars\honda-crv-g-2015__1779543499-163\03.jpg,downloaded
1779543499-163,HONDA CRV G 2015,car,https://n1-pstg.mioto.vn/cho_thue_xe_o_to_tu_lai_thue_xe_du_lich_danang/honda_crv_g_2015/p/g/2021/07/16/15/5Rfot627BcjIWICtx_-p3Q.jpg,downloaded_images\cars\honda-crv-g-2015__1779543499-163\04.jpg,downloaded
1779543499-163,HONDA CRV G 2015,car,https://n1-pstg.mioto.vn/cho_thue_xe_o_to_tu_lai_thue_xe_du_lich_danang/honda_crv_g_2015/p/g/2021/07/16/15/vCYvqFnHFlKJqoGqG0Sg-w.jpg,downloaded_images\cars\honda-crv-g-2015__1779543499-163\05.jpg,downloaded
1779543499-163,HONDA CRV G 2015,car,https://n1-pstg.mioto.vn/cho_thue_xe_o_to_tu_lai_thue_xe_du_lich_danang/honda_crv_g_2015/p/g/2019/04/11/22/JgMmiKCrYPzO47Ggeji3kg.jpg,downloaded_images\cars\honda-crv-g-2015__1779543499-163\06.jpg,downloaded
1779543499-163,HONDA CRV G 2015,owner_avatar,https://n1-astg.mioto.vn/g/2025/07/09/19/rNIduzMo7k_xTriPlCEF7g.jpg,downloaded_images\owner_avatars\1779543499-163.jpg,downloaded
1779543499-164,FORD FOCUS 2017,car,https://n1-pstg.mioto.vn/cho_thue_xe_o_to_tu_lai_thue_xe_du_lich_danang/ford_focus_2017/p/g/2025/03/19/16/FB_lSTr0vjy_3hh4rPkVAw.jpg,downloaded_images\cars\ford-focus-2017__1779543499-164\01.jpg,downloaded
1779543499-164,FORD FOCUS 2017,car,https://n1-pstg.mioto.vn/cho_thue_xe_o_to_tu_lai_thue_xe_du_lich_danang/ford_focus_2017/p/g/2025/03/19/16/RXQ_9Z8ZtbAoCXXQKiepfw.jpg,downloaded_images\cars\ford-focus-2017__1779543499-164\02.jpg,downloaded
1779543499-164,FORD FOCUS 2017,car,https://n1-pstg.mioto.vn/cho_thue_xe_o_to_tu_lai_thue_xe_du_lich_danang/ford_focus_2017/p/g/2025/03/19/16/kLyJYvWULUA6pepapC5Jwg.jpg,downloaded_images\cars\ford-focus-2017__1779543499-164\03.jpg,downloaded
1779543499-164,FORD FOCUS 2017,car,https://n1-pstg.mioto.vn/cho_thue_xe_o_to_tu_lai_thue_xe_du_lich_danang/ford_focus_2017/p/g/2025/02/15/19/gfxGIW-_rg0I9hw1dcPo3A.jpg,downloaded_images\cars\ford-focus-2017__1779543499-164\04.jpg,downloaded
1779543499-164,FORD FOCUS 2017,car,https://n1-pstg.mioto.vn/cho_thue_xe_o_to_tu_lai_thue_xe_du_lich_danang/ford_focus_2017/p/g/2025/03/19/16/HgM0qSUe70vxp4_GIpNIKg.jpg,downloaded_images\cars\ford-focus-2017__1779543499-164\05.jpg,downloaded
1779543499-164,FORD FOCUS 2017,owner_avatar,https://n1-cstg.mioto.vn/m/avatars/avatar-1.png,downloaded_images\owner_avatars\1779543499-164.png,downloaded
1779543499-165,KIA CARENS 2011,car,https://n1-pstg.mioto.vn/cho_thue_xe_o_to_tu_lai_thue_xe_du_lich_danang/kia_carens_2011/p/g/2024/03/05/08/Tk_VKJxN-873cxGM-ry2FA.jpg,downloaded_images\cars\kia-carens-2011__1779543499-165\01.jpg,downloaded
1779543499-165,KIA CARENS 2011,car,https://n1-pstg.mioto.vn/cho_thue_xe_o_to_tu_lai_thue_xe_du_lich_danang/kia_carens_2011/p/g/2024/03/05/08/x7W5lIHLF5vHvRKK5WhJ9w.jpg,downloaded_images\cars\kia-carens-2011__1779543499-165\02.jpg,downloaded
1779543499-165,KIA CARENS 2011,car,https://n1-pstg.mioto.vn/cho_thue_xe_o_to_tu_lai_thue_xe_du_lich_danang/kia_carens_2011/p/g/2024/01/21/20/pbFsrvLUtT2JRRJguN9z9g.jpg,downloaded_images\cars\kia-carens-2011__1779543499-165\03.jpg,downloaded
1779543499-165,KIA CARENS 2011,car,https://n1-pstg.mioto.vn/cho_thue_xe_o_to_tu_lai_thue_xe_du_lich_danang/kia_carens_2011/p/g/2024/03/05/08/rEvkpdLuI-VDTmpEuamMew.jpg,downloaded_images\cars\kia-carens-2011__1779543499-165\04.jpg,downloaded
1779543499-165,KIA CARENS 2011,owner_avatar,https://n1-cstg.mioto.vn/m/avatars/avatar-1.png,downloaded_images\owner_avatars\1779543499-165.png,downloaded
1779543499-166,KIA MORNING 2015,car,https://n1-pstg.mioto.vn/cho_thue_xe_o_to_tu_lai_thue_xe_du_lich_danang/kia_morning_2015/p/g/2026/02/07/09/W9OnGoy6R30K7OAxffFitQ.jpg,downloaded_images\cars\kia-morning-2015__1779543499-166\01.jpg,downloaded
1779543499-166,KIA MORNING 2015,car,https://n1-pstg.mioto.vn/cho_thue_xe_o_to_tu_lai_thue_xe_du_lich_danang/kia_morning_2015/p/g/2026/02/07/09/baZVbzuhFAkwPQ5HeJ7d4Q.jpg,downloaded_images\cars\kia-morning-2015__1779543499-166\02.jpg,downloaded
1779543499-166,KIA MORNING 2015,owner_avatar,https://n1-cstg.mioto.vn/m/avatars/avatar-0.png,downloaded_images\owner_avatars\1779543499-166.png,downloaded
1779543499-167,MITSUBISHI ATTRAGE 2020,car,https://n1-pstg.mioto.vn/cho_thue_xe_o_to_tu_lai_thue_xe_du_lich_danang/mitsubishi_attrage_2020/p/g/2025/03/29/08/BejFDqw-K8KC_Fa3qlGSoA.jpg,downloaded_images\cars\mitsubishi-attrage-2020__1779543499-167\01.jpg,downloaded
1779543499-167,MITSUBISHI ATTRAGE 2020,car,https://n1-pstg.mioto.vn/cho_thue_xe_o_to_tu_lai_thue_xe_du_lich_danang/mitsubishi_attrage_2020/p/g/2025/03/29/08/77z18WOg9TFm-UsfqWiv4g.jpg,downloaded_images\cars\mitsubishi-attrage-2020__1779543499-167\02.jpg,downloaded
1779543499-167,MITSUBISHI ATTRAGE 2020,car,https://n1-pstg.mioto.vn/cho_thue_xe_o_to_tu_lai_thue_xe_du_lich_danang/mitsubishi_attrage_2020/p/g/2025/03/29/08/RB3G0g3QVgpRduXbuxc1GQ.jpg,downloaded_images\cars\mitsubishi-attrage-2020__1779543499-167\03.jpg,downloaded
1779543499-167,MITSUBISHI ATTRAGE 2020,car,https://n1-pstg.mioto.vn/cho_thue_xe_o_to_tu_lai_thue_xe_du_lich_danang/mitsubishi_attrage_2020/p/g/2025/03/29/08/Zn0qIPZKM_XDbmbC6iTfcQ.jpg,downloaded_images\cars\mitsubishi-attrage-2020__1779543499-167\04.jpg,downloaded
1779543499-167,MITSUBISHI ATTRAGE 2020,car,https://n1-pstg.mioto.vn/cho_thue_xe_o_to_tu_lai_thue_xe_du_lich_danang/mitsubishi_attrage_2020/p/g/2025/03/29/08/9ZKRaokkfF2dTNZa8IPyCA.jpg,downloaded_images\cars\mitsubishi-attrage-2020__1779543499-167\05.jpg,downloaded
1779543499-167,MITSUBISHI ATTRAGE 2020,owner_avatar,https://n1-cstg.mioto.vn/m/avatars/avatar-1.png,downloaded_images\owner_avatars\1779543499-167.png,downloaded
1779543499-168,HYUNDAI ACCENT 2024,car,https://n1-pstg.mioto.vn/cho_thue_xe_o_to_tu_lai_thue_xe_du_lich_danang/hyundai_accent_2024/p/g/2024/09/18/23/5z_F4vGof8ghhF_rD9faoQ.jpg,downloaded_images\cars\hyundai-accent-2024__1779543499-168\01.jpg,downloaded
1779543499-168,HYUNDAI ACCENT 2024,car,https://n1-pstg.mioto.vn/cho_thue_xe_o_to_tu_lai_thue_xe_du_lich_danang/hyundai_accent_2024/p/g/2024/09/18/23/fxZ8hjUDuspBbyZQF1zWvA.jpg,downloaded_images\cars\hyundai-accent-2024__1779543499-168\02.jpg,downloaded
1779543499-168,HYUNDAI ACCENT 2024,car,https://n1-pstg.mioto.vn/cho_thue_xe_o_to_tu_lai_thue_xe_du_lich_danang/hyundai_accent_2024/p/g/2024/09/18/23/aA0Fkp2tK68KkOOKUsOsVw.jpg,downloaded_images\cars\hyundai-accent-2024__1779543499-168\03.jpg,downloaded
1779543499-168,HYUNDAI ACCENT 2024,car,https://n1-pstg.mioto.vn/cho_thue_xe_o_to_tu_lai_thue_xe_du_lich_danang/hyundai_accent_2024/p/g/2024/10/11/11/dwj0o72gBGNyYkKmg-eFXQ.jpg,downloaded_images\cars\hyundai-accent-2024__1779543499-168\04.jpg,downloaded
1779543499-168,HYUNDAI ACCENT 2024,owner_avatar,https://n1-astg.mioto.vn/g/2024/10/07/11/jZZyarWp2nrs_L-5lljp1g.jpg,downloaded_images\owner_avatars\1779543499-168.jpg,downloaded
1779543499-169,VINFAST VF6 PLUS 2025,car,https://n1-pstg.mioto.vn/cho_thue_xe_o_to_tu_lai_thue_xe_du_lich_danang/vinfast_vf6_plus_2025/p/g/2026/02/28/07/0wdSxT2ZDElgu_2FwgZr3w.jpg,downloaded_images\cars\vinfast-vf6-plus-2025__1779543499-169\01.jpg,downloaded
1779543499-169,VINFAST VF6 PLUS 2025,car,https://n1-pstg.mioto.vn/cho_thue_xe_o_to_tu_lai_thue_xe_du_lich_danang/vinfast_vf6_plus_2025/p/g/2026/02/28/07/PYWzU96aIvQlKKrb303Mhg.jpg,downloaded_images\cars\vinfast-vf6-plus-2025__1779543499-169\02.jpg,downloaded
1779543499-169,VINFAST VF6 PLUS 2025,car,https://n1-pstg.mioto.vn/cho_thue_xe_o_to_tu_lai_thue_xe_du_lich_danang/vinfast_vf6_plus_2025/p/g/2026/03/19/21/zgZsc2TCGEQnCbldF0heyw.jpg,downloaded_images\cars\vinfast-vf6-plus-2025__1779543499-169\03.jpg,downloaded
1779543499-169,VINFAST VF6 PLUS 2025,owner_avatar,https://n1-cstg.mioto.vn/m/avatars/avatar-0.png,downloaded_images\owner_avatars\1779543499-169.png,downloaded
1779543499-170,VINFAST VF3 2025,car,https://n1-pstg.mioto.vn/cho_thue_xe_o_to_tu_lai_thue_xe_du_lich_danang/vinfast_vf3_2025/p/g/2025/10/13/12/8vVyGvdael00CPEp6xUalQ.jpg,downloaded_images\cars\vinfast-vf3-2025__1779543499-170\01.jpg,downloaded
1779543499-170,VINFAST VF3 2025,car,https://n1-pstg.mioto.vn/cho_thue_xe_o_to_tu_lai_thue_xe_du_lich_danang/vinfast_vf3_2025/p/g/2025/10/13/12/Gp5JEKJfBFXHcL3xbHMXCA.jpg,downloaded_images\cars\vinfast-vf3-2025__1779543499-170\02.jpg,downloaded
1779543499-170,VINFAST VF3 2025,car,https://n1-pstg.mioto.vn/cho_thue_xe_o_to_tu_lai_thue_xe_du_lich_danang/vinfast_vf3_2025/p/g/2025/10/13/12/4yd9aC9saoV-38cf4Uf6BA.jpg,downloaded_images\cars\vinfast-vf3-2025__1779543499-170\03.jpg,downloaded
1779543499-170,VINFAST VF3 2025,car,https://n1-pstg.mioto.vn/cho_thue_xe_o_to_tu_lai_thue_xe_du_lich_danang/vinfast_vf3_2025/p/g/2025/10/13/12/WfVw9j2GjMnuGDDVSS2zDw.jpg,downloaded_images\cars\vinfast-vf3-2025__1779543499-170\04.jpg,downloaded
1779543499-170,VINFAST VF3 2025,car,https://n1-pstg.mioto.vn/cho_thue_xe_o_to_tu_lai_thue_xe_du_lich_danang/vinfast_vf3_2025/p/g/2025/10/13/12/SqEhnf0Jh0ki2S5Cg-DvoQ.jpg,downloaded_images\cars\vinfast-vf3-2025__1779543499-170\05.jpg,downloaded
1779543499-170,VINFAST VF3 2025,owner_avatar,https://n1-astg.mioto.vn/g/2025/10/13/16/r1YlQtUb6fZZHpMtzN4gXQ.jpg,downloaded_images\owner_avatars\1779543499-170.jpg,downloaded
1779543499-171,TOYOTA VIOS 2020,car,https://n1-pstg.mioto.vn/cho_thue_xe_o_to_tu_lai_thue_xe_du_lich_danang/toyota_vios_2020/p/g/2026/04/16/15/KicwcUwgNxy0oXDmU7voOQ.jpg,downloaded_images\cars\toyota-vios-2020__1779543499-171\01.jpg,downloaded
1779543499-171,TOYOTA VIOS 2020,car,https://n1-pstg.mioto.vn/cho_thue_xe_o_to_tu_lai_thue_xe_du_lich_danang/toyota_vios_2020/p/g/2026/04/16/15/YvLqRI3ua9V1x9oe5Qalzw.jpg,downloaded_images\cars\toyota-vios-2020__1779543499-171\02.jpg,downloaded
1779543499-171,TOYOTA VIOS 2020,car,https://n1-pstg.mioto.vn/cho_thue_xe_o_to_tu_lai_thue_xe_du_lich_danang/toyota_vios_2020/p/g/2026/04/16/15/zMa1RaQctIpsqMS2bZHWfg.jpg,downloaded_images\cars\toyota-vios-2020__1779543499-171\03.jpg,downloaded
1779543499-171,TOYOTA VIOS 2020,car,https://n1-pstg.mioto.vn/cho_thue_xe_o_to_tu_lai_thue_xe_du_lich_danang/toyota_vios_2020/p/g/2026/04/16/15/d2-b6AbFGn39N0Jz0A84XQ.jpg,downloaded_images\cars\toyota-vios-2020__1779543499-171\04.jpg,downloaded
1779543499-171,TOYOTA VIOS 2020,owner_avatar,https://n1-cstg.mioto.vn/m/avatars/avatar-3.png,downloaded_images\owner_avatars\1779543499-171.png,downloaded
1779543499-172,MAZDA 3 Deluxe 2019,car,https://n1-pstg.mioto.vn/cho_thue_xe_o_to_tu_lai_thue_xe_du_lich_danang/mazda_3_deluxe_2019/p/g/2026/04/22/08/nxUG4pDqLR63PgMkCvIAvQ.jpg,downloaded_images\cars\mazda-3-deluxe-2019__1779543499-172\01.jpg,downloaded
1779543499-172,MAZDA 3 Deluxe 2019,car,https://n1-pstg.mioto.vn/cho_thue_xe_o_to_tu_lai_thue_xe_du_lich_danang/mazda_3_deluxe_2019/p/g/2026/04/22/08/chECT09cIJ9PT4k98-Bg-A.jpg,downloaded_images\cars\mazda-3-deluxe-2019__1779543499-172\02.jpg,downloaded
1779543499-172,MAZDA 3 Deluxe 2019,car,https://n1-pstg.mioto.vn/cho_thue_xe_o_to_tu_lai_thue_xe_du_lich_danang/mazda_3_deluxe_2019/p/g/2026/04/22/08/7UInOOivTy0icZcbEThM6w.jpg,downloaded_images\cars\mazda-3-deluxe-2019__1779543499-172\03.jpg,downloaded
1779543499-172,MAZDA 3 Deluxe 2019,car,https://n1-pstg.mioto.vn/cho_thue_xe_o_to_tu_lai_thue_xe_du_lich_danang/mazda_3_deluxe_2019/p/g/2026/04/22/08/una8V6SyoW4hunZUiIaChg.jpg,downloaded_images\cars\mazda-3-deluxe-2019__1779543499-172\04.jpg,downloaded
1779543499-172,MAZDA 3 Deluxe 2019,car,https://n1-pstg.mioto.vn/cho_thue_xe_o_to_tu_lai_thue_xe_du_lich_danang/mazda_3_deluxe_2019/p/g/2026/04/22/08/3hKLYtTLdrDY6CGeYCVenQ.jpg,downloaded_images\cars\mazda-3-deluxe-2019__1779543499-172\05.jpg,downloaded
1779543499-172,MAZDA 3 Deluxe 2019,owner_avatar,https://n1-cstg.mioto.vn/m/avatars/avatar-5.png,downloaded_images\owner_avatars\1779543499-172.png,downloaded
1779543499-173,TOYOTA YARIS CROSS 2024,car,https://n1-pstg.mioto.vn/cho_thue_xe_o_to_tu_lai_thue_xe_du_lich_danang/toyota_yaris_cross_2024/p/g/2026/04/17/13/vALNgYrXHHzqQ8BR6Eg34g.jpg,downloaded_images\cars\toyota-yaris-cross-2024__1779543499-173\01.jpg,downloaded
1779543499-173,TOYOTA YARIS CROSS 2024,car,https://n1-pstg.mioto.vn/cho_thue_xe_o_to_tu_lai_thue_xe_du_lich_danang/toyota_yaris_cross_2024/p/g/2026/04/17/13/RmCw8LtIp55Q7MVRuxyrzQ.jpg,downloaded_images\cars\toyota-yaris-cross-2024__1779543499-173\02.jpg,downloaded
1779543499-173,TOYOTA YARIS CROSS 2024,car,https://n1-pstg.mioto.vn/cho_thue_xe_o_to_tu_lai_thue_xe_du_lich_danang/toyota_yaris_cross_2024/p/g/2026/04/17/13/zQgxBblCuULikAOdhBjbJg.jpg,downloaded_images\cars\toyota-yaris-cross-2024__1779543499-173\03.jpg,downloaded
1779543499-173,TOYOTA YARIS CROSS 2024,car,https://n1-pstg.mioto.vn/cho_thue_xe_o_to_tu_lai_thue_xe_du_lich_danang/toyota_yaris_cross_2024/p/g/2026/04/17/13/Ri-lZcJdmhNtBxtH1OYi_Q.jpg,downloaded_images\cars\toyota-yaris-cross-2024__1779543499-173\04.jpg,downloaded
1779543499-173,TOYOTA YARIS CROSS 2024,car,https://n1-pstg.mioto.vn/cho_thue_xe_o_to_tu_lai_thue_xe_du_lich_danang/toyota_yaris_cross_2024/p/g/2026/04/17/13/rtEVr2dbFPhngh65S8cBXQ.jpg,downloaded_images\cars\toyota-yaris-cross-2024__1779543499-173\05.jpg,downloaded
1779543499-173,TOYOTA YARIS CROSS 2024,owner_avatar,https://n1-cstg.mioto.vn/m/avatars/avatar-1.png,downloaded_images\owner_avatars\1779543499-173.png,downloaded
1779543499-174,KIA CARENS LUXURY 2025,car,https://n1-pstg.mioto.vn/cho_thue_xe_o_to_tu_lai_thue_xe_du_lich_danang/kia_carens_luxury_2025/p/g/2026/04/18/21/CurjBjPA6MjPM7LQx9azMw.jpg,downloaded_images\cars\kia-carens-luxury-2025__1779543499-174\01.jpg,downloaded
1779543499-174,KIA CARENS LUXURY 2025,car,https://n1-pstg.mioto.vn/cho_thue_xe_o_to_tu_lai_thue_xe_du_lich_danang/kia_carens_luxury_2025/p/g/2026/04/18/21/XbKXuN0Ad0qJ2211a_AFMA.jpg,downloaded_images\cars\kia-carens-luxury-2025__1779543499-174\02.jpg,downloaded
1779543499-174,KIA CARENS LUXURY 2025,car,https://n1-pstg.mioto.vn/cho_thue_xe_o_to_tu_lai_thue_xe_du_lich_danang/kia_carens_luxury_2025/p/g/2026/04/18/21/a2ev3eqM1zeOEBmSG3vnQg.jpg,downloaded_images\cars\kia-carens-luxury-2025__1779543499-174\03.jpg,downloaded
1779543499-174,KIA CARENS LUXURY 2025,car,https://n1-pstg.mioto.vn/cho_thue_xe_o_to_tu_lai_thue_xe_du_lich_danang/kia_carens_luxury_2025/p/g/2026/04/18/21/1AI4yeKZMO9czp6z9UeAmQ.jpg,downloaded_images\cars\kia-carens-luxury-2025__1779543499-174\04.jpg,downloaded
1779543499-174,KIA CARENS LUXURY 2025,owner_avatar,https://n1-cstg.mioto.vn/m/avatars/avatar-4.png,downloaded_images\owner_avatars\1779543499-174.png,downloaded
1779543499-175,VINFAST VF5 2026,car,https://n1-pstg.mioto.vn/cho_thue_xe_o_to_tu_lai_thue_xe_du_lich_danang/vinfast_vf5_2026/p/g/2026/04/03/16/Tf5JQzQYqyWk7pejOtm2KA.jpg,downloaded_images\cars\vinfast-vf5-2026__1779543499-175\01.jpg,downloaded
1779543499-175,VINFAST VF5 2026,car,https://n1-pstg.mioto.vn/cho_thue_xe_o_to_tu_lai_thue_xe_du_lich_danang/vinfast_vf5_2026/p/g/2026/04/03/16/z_ARqyyRf7lJrjoiyJt9DA.jpg,downloaded_images\cars\vinfast-vf5-2026__1779543499-175\02.jpg,downloaded
1779543499-175,VINFAST VF5 2026,car,https://n1-pstg.mioto.vn/cho_thue_xe_o_to_tu_lai_thue_xe_du_lich_danang/vinfast_vf5_2026/p/g/2026/04/03/16/6h5GkxYiwl1uzurtSSyXPw.jpg,downloaded_images\cars\vinfast-vf5-2026__1779543499-175\03.jpg,downloaded
1779543499-175,VINFAST VF5 2026,car,https://n1-pstg.mioto.vn/cho_thue_xe_o_to_tu_lai_thue_xe_du_lich_danang/vinfast_vf5_2026/p/g/2026/04/03/16/-92K4EsTyuHUL4kYiYPLGA.jpg,downloaded_images\cars\vinfast-vf5-2026__1779543499-175\04.jpg,downloaded
1779543499-175,VINFAST VF5 2026,car,https://n1-pstg.mioto.vn/cho_thue_xe_o_to_tu_lai_thue_xe_du_lich_danang/vinfast_vf5_2026/p/g/2026/04/03/16/sq5qGD4JOHY6WBAO2T6Qsg.jpg,downloaded_images\cars\vinfast-vf5-2026__1779543499-175\05.jpg,downloaded
1779543499-175,VINFAST VF5 2026,owner_avatar,https://n1-cstg.mioto.vn/m/avatars/avatar-5.png,downloaded_images\owner_avatars\1779543499-175.png,downloaded
1779543499-176,MAZDA 3 LUXURY 2020,car,https://n1-pstg.mioto.vn/cho_thue_xe_o_to_tu_lai_thue_xe_du_lich_danang/mazda_3_luxury_2020/p/g/2025/02/13/10/570c7VtfqftQPP_5U5Oqiw.jpg,downloaded_images\cars\mazda-3-luxury-2020__1779543499-176\01.jpg,downloaded
1779543499-176,MAZDA 3 LUXURY 2020,car,https://n1-pstg.mioto.vn/cho_thue_xe_o_to_tu_lai_thue_xe_du_lich_danang/mazda_3_luxury_2020/p/g/2025/02/13/10/1KRY4WwxNUoybZgrINaK7Q.jpg,downloaded_images\cars\mazda-3-luxury-2020__1779543499-176\02.jpg,downloaded
1779543499-176,MAZDA 3 LUXURY 2020,car,https://n1-pstg.mioto.vn/cho_thue_xe_o_to_tu_lai_thue_xe_du_lich_danang/mazda_3_luxury_2020/p/g/2025/02/13/10/IB6sLKGAt5Hh-fYXtGgA7A.jpg,downloaded_images\cars\mazda-3-luxury-2020__1779543499-176\03.jpg,downloaded
1779543499-176,MAZDA 3 LUXURY 2020,car,https://n1-pstg.mioto.vn/cho_thue_xe_o_to_tu_lai_thue_xe_du_lich_danang/mazda_3_luxury_2020/p/g/2025/02/13/10/zZQzNL7gmB4syO4AtcQ2DQ.jpg,downloaded_images\cars\mazda-3-luxury-2020__1779543499-176\04.jpg,downloaded
1779543499-176,MAZDA 3 LUXURY 2020,car,https://n1-pstg.mioto.vn/cho_thue_xe_o_to_tu_lai_thue_xe_du_lich_danang/mazda_3_luxury_2020/p/g/2025/02/13/10/H6soNhsjdalvuYyKWwT87A.jpg,downloaded_images\cars\mazda-3-luxury-2020__1779543499-176\05.jpg,downloaded
1779543499-176,MAZDA 3 LUXURY 2020,owner_avatar,https://n1-astg.mioto.vn/g/2026/02/01/21/M8gVs7VexhTLqt2_6Xq3Ew.jpg,downloaded_images\owner_avatars\1779543499-176.jpg,downloaded
1779543499-177,HYUNDAI CRETA LUXURY 2023,car,https://n1-pstg.mioto.vn/cho_thue_xe_o_to_tu_lai_thue_xe_du_lich_danang/hyundai_creta_luxury_2023/p/g/2025/02/05/13/MRPpOxeBNkf2IZZsA1eGzw.jpg,downloaded_images\cars\hyundai-creta-luxury-2023__1779543499-177\01.jpg,downloaded
1779543499-177,HYUNDAI CRETA LUXURY 2023,car,https://n1-pstg.mioto.vn/cho_thue_xe_o_to_tu_lai_thue_xe_du_lich_danang/hyundai_creta_luxury_2023/p/g/2025/02/05/13/gKYHs1O1vID2Upyp1z2O2g.jpg,downloaded_images\cars\hyundai-creta-luxury-2023__1779543499-177\02.jpg,downloaded
1779543499-177,HYUNDAI CRETA LUXURY 2023,car,https://n1-pstg.mioto.vn/cho_thue_xe_o_to_tu_lai_thue_xe_du_lich_danang/hyundai_creta_luxury_2023/p/g/2025/02/05/13/xw_xw6YYADkGBQSese3OLg.jpg,downloaded_images\cars\hyundai-creta-luxury-2023__1779543499-177\03.jpg,downloaded
1779543499-177,HYUNDAI CRETA LUXURY 2023,car,https://n1-pstg.mioto.vn/cho_thue_xe_o_to_tu_lai_thue_xe_du_lich_danang/hyundai_creta_luxury_2023/p/g/2025/02/05/13/LOqEXTHDuKOjX0cWJSogKQ.jpg,downloaded_images\cars\hyundai-creta-luxury-2023__1779543499-177\04.jpg,downloaded
1779543499-177,HYUNDAI CRETA LUXURY 2023,car,https://n1-pstg.mioto.vn/cho_thue_xe_o_to_tu_lai_thue_xe_du_lich_danang/hyundai_creta_luxury_2023/p/g/2025/02/05/13/yFGg3EyF4Xq_kH73wlhrew.jpg,downloaded_images\cars\hyundai-creta-luxury-2023__1779543499-177\05.jpg,downloaded
1779543499-177,HYUNDAI CRETA LUXURY 2023,owner_avatar,https://n1-astg.mioto.vn/g/2025/02/04/14/3eVCfs3_uPQ3cz2CBJmAZw.jpg,downloaded_images\owner_avatars\1779543499-177.jpg,downloaded
1779543499-178,MITSUBISHI XPANDER 2020,car,https://n1-pstg.mioto.vn/cho_thue_xe_o_to_tu_lai_thue_xe_du_lich_danang/mitsubishi_xpander_2020/p/g/2024/10/02/13/9TRzqblIU1UoZ68KZ6ac8g.jpg,downloaded_images\cars\mitsubishi-xpander-2020__1779543499-178\01.jpg,downloaded
1779543499-178,MITSUBISHI XPANDER 2020,car,https://n1-pstg.mioto.vn/cho_thue_xe_o_to_tu_lai_thue_xe_du_lich_danang/mitsubishi_xpander_2020/p/g/2024/10/02/13/7X5daa7BHiGMWAls_bh2OA.jpg,downloaded_images\cars\mitsubishi-xpander-2020__1779543499-178\02.jpg,downloaded
1779543499-178,MITSUBISHI XPANDER 2020,car,https://n1-pstg.mioto.vn/cho_thue_xe_o_to_tu_lai_thue_xe_du_lich_danang/mitsubishi_xpander_2020/p/g/2024/10/02/13/8XBh6wuoZ6L91wyr-xB4hg.jpg,downloaded_images\cars\mitsubishi-xpander-2020__1779543499-178\03.jpg,downloaded
1779543499-178,MITSUBISHI XPANDER 2020,car,https://n1-pstg.mioto.vn/cho_thue_xe_o_to_tu_lai_thue_xe_du_lich_danang/mitsubishi_xpander_2020/p/g/2024/10/02/13/Kv3B6INXeR8wQhTG2T7bsQ.jpg,downloaded_images\cars\mitsubishi-xpander-2020__1779543499-178\04.jpg,downloaded
1779543499-178,MITSUBISHI XPANDER 2020,car,https://n1-pstg.mioto.vn/cho_thue_xe_o_to_tu_lai_thue_xe_du_lich_danang/mitsubishi_xpander_2020/p/g/2024/10/02/13/A3_lWndDjw3Fsl4VC6aa0A.jpg,downloaded_images\cars\mitsubishi-xpander-2020__1779543499-178\05.jpg,downloaded
1779543499-178,MITSUBISHI XPANDER 2020,owner_avatar,https://n1-astg.mioto.vn/g/2024/08/07/14/lniHKo91fHHcLsVMj-G7xA.jpg,downloaded_images\owner_avatars\1779543499-178.jpg,downloaded
1779543499-179,NISSAN NAVARA 4x2 2016,car,https://n1-pstg.mioto.vn/cho_thue_xe_o_to_tu_lai_thue_xe_du_lich_danang/nissan_navara_4x2_2016/p/g/2025/04/28/10/miWdhW-38gofLzbgrRmPcg.jpg,downloaded_images\cars\nissan-navara-4x2-2016__1779543499-179\01.jpg,downloaded
1779543499-179,NISSAN NAVARA 4x2 2016,car,https://n1-pstg.mioto.vn/cho_thue_xe_o_to_tu_lai_thue_xe_du_lich_danang/nissan_navara_4x2_2016/p/g/2025/04/28/10/DtEqJxS2skBmugJvxbz5-w.jpg,downloaded_images\cars\nissan-navara-4x2-2016__1779543499-179\02.jpg,downloaded
1779543499-179,NISSAN NAVARA 4x2 2016,car,https://n1-pstg.mioto.vn/cho_thue_xe_o_to_tu_lai_thue_xe_du_lich_danang/nissan_navara_4x2_2016/p/g/2025/04/28/10/-1BLqsRCAynPnSwA1rTyjg.jpg,downloaded_images\cars\nissan-navara-4x2-2016__1779543499-179\03.jpg,downloaded
1779543499-179,NISSAN NAVARA 4x2 2016,car,https://n1-pstg.mioto.vn/cho_thue_xe_o_to_tu_lai_thue_xe_du_lich_danang/nissan_navara_4x2_2016/p/g/2025/04/28/10/42q7MvVwevvoKL-XlTCmvQ.jpg,downloaded_images\cars\nissan-navara-4x2-2016__1779543499-179\04.jpg,downloaded
1779543499-179,NISSAN NAVARA 4x2 2016,car,https://n1-pstg.mioto.vn/cho_thue_xe_o_to_tu_lai_thue_xe_du_lich_danang/nissan_navara_4x2_2016/p/g/2025/04/28/07/lmunNae43qbuv-DMjYO3Lg.jpg,downloaded_images\cars\nissan-navara-4x2-2016__1779543499-179\05.jpg,downloaded
1779543499-179,NISSAN NAVARA 4x2 2016,owner_avatar,https://n1-cstg.mioto.vn/m/avatars/avatar-5.png,downloaded_images\owner_avatars\1779543499-179.png,downloaded
1779543499-180,TOYOTA FORTUNER 2023,car,https://n1-pstg.mioto.vn/cho_thue_xe_o_to_tu_lai_thue_xe_du_lich_danang/toyota_fortuner_2023/p/g/2026/02/03/19/nTLEsAametFDoElUhsqHjQ.jpg,downloaded_images\cars\toyota-fortuner-2023__1779543499-180\01.jpg,downloaded
1779543499-180,TOYOTA FORTUNER 2023,car,https://n1-pstg.mioto.vn/cho_thue_xe_o_to_tu_lai_thue_xe_du_lich_danang/toyota_fortuner_2023/p/g/2026/02/03/19/GIJd7K2jHQbiOHxc05WJog.jpg,downloaded_images\cars\toyota-fortuner-2023__1779543499-180\02.jpg,downloaded
1779543499-180,TOYOTA FORTUNER 2023,car,https://n1-pstg.mioto.vn/cho_thue_xe_o_to_tu_lai_thue_xe_du_lich_danang/toyota_fortuner_2023/p/g/2026/02/03/19/RFdrWa617mQhFgYVvqpglQ.jpg,downloaded_images\cars\toyota-fortuner-2023__1779543499-180\03.jpg,downloaded
1779543499-180,TOYOTA FORTUNER 2023,car,https://n1-pstg.mioto.vn/cho_thue_xe_o_to_tu_lai_thue_xe_du_lich_danang/toyota_fortuner_2023/p/g/2026/02/03/19/SlUFBa43awfKMtgVuB-hYQ.jpg,downloaded_images\cars\toyota-fortuner-2023__1779543499-180\04.jpg,downloaded
1779543499-180,TOYOTA FORTUNER 2023,owner_avatar,https://n1-cstg.mioto.vn/m/avatars/avatar-5.png,downloaded_images\owner_avatars\1779543499-180.png,downloaded
1779543499-181,TOYOTA VELOZ CROSS 2024,car,https://n1-pstg.mioto.vn/cho_thue_xe_o_to_tu_lai_thue_xe_du_lich_danang/toyota_veloz_cross_2024/p/g/2025/11/04/08/KD7oVZN-8Upw-530In8r8Q.jpg,downloaded_images\cars\toyota-veloz-cross-2024__1779543499-181\01.jpg,downloaded
1779543499-181,TOYOTA VELOZ CROSS 2024,car,https://n1-pstg.mioto.vn/cho_thue_xe_o_to_tu_lai_thue_xe_du_lich_danang/toyota_veloz_cross_2024/p/g/2025/11/04/08/7yxlcuWARl3L_yckje3POg.jpg,downloaded_images\cars\toyota-veloz-cross-2024__1779543499-181\02.jpg,downloaded
1779543499-181,TOYOTA VELOZ CROSS 2024,car,https://n1-pstg.mioto.vn/cho_thue_xe_o_to_tu_lai_thue_xe_du_lich_danang/toyota_veloz_cross_2024/p/g/2025/11/04/08/92uDOfqBmcsna76sM5AcCQ.jpg,downloaded_images\cars\toyota-veloz-cross-2024__1779543499-181\03.jpg,downloaded
1779543499-181,TOYOTA VELOZ CROSS 2024,car,https://n1-pstg.mioto.vn/cho_thue_xe_o_to_tu_lai_thue_xe_du_lich_danang/toyota_veloz_cross_2024/p/g/2025/11/04/08/jpnez_ZKmyChlTcL0EtxtQ.jpg,downloaded_images\cars\toyota-veloz-cross-2024__1779543499-181\04.jpg,downloaded
1779543499-181,TOYOTA VELOZ CROSS 2024,owner_avatar,https://n1-cstg.mioto.vn/m/avatars/avatar-3.png,downloaded_images\owner_avatars\1779543499-181.png,downloaded
1779543499-182,KIA CARENS LUXURY 2024,car,https://n1-pstg.mioto.vn/cho_thue_xe_o_to_tu_lai_thue_xe_du_lich_danang/kia_carens_luxury_2024/p/g/2025/08/06/09/i2L-xdqSqeyGXMy5dO9d1w.jpg,downloaded_images\cars\kia-carens-luxury-2024__1779543499-182\01.jpg,downloaded
1779543499-182,KIA CARENS LUXURY 2024,car,https://n1-pstg.mioto.vn/cho_thue_xe_o_to_tu_lai_thue_xe_du_lich_danang/kia_carens_luxury_2024/p/g/2025/08/06/09/-UyJkDney6v6sl8taZTefA.jpg,downloaded_images\cars\kia-carens-luxury-2024__1779543499-182\02.jpg,downloaded
1779543499-182,KIA CARENS LUXURY 2024,car,https://n1-pstg.mioto.vn/cho_thue_xe_o_to_tu_lai_thue_xe_du_lich_danang/kia_carens_luxury_2024/p/g/2025/08/06/09/9pvZOu5Gb3WtrCved2B2sA.jpg,downloaded_images\cars\kia-carens-luxury-2024__1779543499-182\03.jpg,downloaded
1779543499-182,KIA CARENS LUXURY 2024,car,https://n1-pstg.mioto.vn/cho_thue_xe_o_to_tu_lai_thue_xe_du_lich_danang/kia_carens_luxury_2024/p/g/2025/08/06/09/R1XTgQQ5rfYXk7FtOWSsqw.jpg,downloaded_images\cars\kia-carens-luxury-2024__1779543499-182\04.jpg,downloaded
1779543499-182,KIA CARENS LUXURY 2024,car,https://n1-pstg.mioto.vn/cho_thue_xe_o_to_tu_lai_thue_xe_du_lich_danang/kia_carens_luxury_2024/p/g/2025/08/06/09/i1FzESe7RZZ-oZUH1mpbaQ.jpg,downloaded_images\cars\kia-carens-luxury-2024__1779543499-182\05.jpg,downloaded
1779543499-182,KIA CARENS LUXURY 2024,owner_avatar,https://n1-cstg.mioto.vn/m/avatars/avatar-1.png,downloaded_images\owner_avatars\1779543499-182.png,downloaded
1779543499-183,MAZDA 6 PREMIUM 2021,car,https://n1-pstg.mioto.vn/cho_thue_xe_o_to_tu_lai_thue_xe_du_lich_danang/mazda_6_premium_2021/p/g/2025/08/29/10/Ml-BpgFtLcsaKU3CusKeog.jpg,downloaded_images\cars\mazda-6-premium-2021__1779543499-183\01.jpg,downloaded
1779543499-183,MAZDA 6 PREMIUM 2021,car,https://n1-pstg.mioto.vn/cho_thue_xe_o_to_tu_lai_thue_xe_du_lich_danang/mazda_6_premium_2021/p/g/2025/08/29/10/obiMlU303q1Dfcq41Vp-vw.jpg,downloaded_images\cars\mazda-6-premium-2021__1779543499-183\02.jpg,downloaded
1779543499-183,MAZDA 6 PREMIUM 2021,car,https://n1-pstg.mioto.vn/cho_thue_xe_o_to_tu_lai_thue_xe_du_lich_danang/mazda_6_premium_2021/p/g/2025/08/29/10/Jr2XUwEMtnST-cjoKAt13Q.jpg,downloaded_images\cars\mazda-6-premium-2021__1779543499-183\03.jpg,downloaded
1779543499-183,MAZDA 6 PREMIUM 2021,car,https://n1-pstg.mioto.vn/cho_thue_xe_o_to_tu_lai_thue_xe_du_lich_danang/mazda_6_premium_2021/p/g/2025/08/29/10/RJLmIY5bFYJheMxp2hEHXA.jpg,downloaded_images\cars\mazda-6-premium-2021__1779543499-183\04.jpg,downloaded
1779543499-183,MAZDA 6 PREMIUM 2021,car,https://n1-pstg.mioto.vn/cho_thue_xe_o_to_tu_lai_thue_xe_du_lich_danang/mazda_6_premium_2021/p/g/2025/08/29/10/TWrHmaQZTPFEUZj8ljbAsg.jpg,downloaded_images\cars\mazda-6-premium-2021__1779543499-183\05.jpg,downloaded
1779543499-183,MAZDA 6 PREMIUM 2021,owner_avatar,https://n1-astg.mioto.vn/g/2025/08/29/10/wmMFVXvhCsDtc9Rr260Jsg.jpg,downloaded_images\owner_avatars\1779543499-183.jpg,downloaded
1779543499-184,MITSUBISHI XFORCE ULTIMATE 2025,car,https://n1-pstg.mioto.vn/cho_thue_xe_o_to_tu_lai_thue_xe_du_lich_danang/mitsubishi_xforce_ultimate_2025/p/g/2026/02/06/15/np5DIxxgzUdD5eIrC9RU7g.jpg,downloaded_images\cars\mitsubishi-xforce-ultimate-2025__1779543499-184\01.jpg,downloaded
1779543499-184,MITSUBISHI XFORCE ULTIMATE 2025,car,https://n1-pstg.mioto.vn/cho_thue_xe_o_to_tu_lai_thue_xe_du_lich_danang/mitsubishi_xforce_ultimate_2025/p/g/2026/02/06/15/UJ17h5faK92NcAXokIuI_g.jpg,downloaded_images\cars\mitsubishi-xforce-ultimate-2025__1779543499-184\02.jpg,downloaded
1779543499-184,MITSUBISHI XFORCE ULTIMATE 2025,car,https://n1-pstg.mioto.vn/cho_thue_xe_o_to_tu_lai_thue_xe_du_lich_danang/mitsubishi_xforce_ultimate_2025/p/g/2026/02/06/15/7sgFqdobAJYPS5obtw25Mg.jpg,downloaded_images\cars\mitsubishi-xforce-ultimate-2025__1779543499-184\03.jpg,downloaded
1779543499-184,MITSUBISHI XFORCE ULTIMATE 2025,car,https://n1-pstg.mioto.vn/cho_thue_xe_o_to_tu_lai_thue_xe_du_lich_danang/mitsubishi_xforce_ultimate_2025/p/g/2026/02/06/15/fJeod5K6JWRiT8WrBbXXrQ.jpg,downloaded_images\cars\mitsubishi-xforce-ultimate-2025__1779543499-184\04.jpg,downloaded
1779543499-184,MITSUBISHI XFORCE ULTIMATE 2025,car,https://n1-pstg.mioto.vn/cho_thue_xe_o_to_tu_lai_thue_xe_du_lich_danang/mitsubishi_xforce_ultimate_2025/p/g/2026/03/08/08/7IRZeMNgA6wwsky18bp_Fg.jpg,downloaded_images\cars\mitsubishi-xforce-ultimate-2025__1779543499-184\05.jpg,downloaded
1779543499-184,MITSUBISHI XFORCE ULTIMATE 2025,owner_avatar,https://n1-astg.mioto.vn/g/2026/02/25/18/mS-hWiYZN7Dk7JYxgj0KMA.jpg,downloaded_images\owner_avatars\1779543499-184.jpg,downloaded
1779543499-185,TOYOTA COROLLA CROSS V 2025,car,https://n1-pstg.mioto.vn/cho_thue_xe_o_to_tu_lai_thue_xe_du_lich_danang/toyota_corolla_cross_v_2025/p/g/2025/10/11/15/CU7PpJ2kzFlSoWuOcjIpsA.jpg,downloaded_images\cars\toyota-corolla-cross-v-2025__1779543499-185\01.jpg,downloaded
1779543499-185,TOYOTA COROLLA CROSS V 2025,car,https://n1-pstg.mioto.vn/cho_thue_xe_o_to_tu_lai_thue_xe_du_lich_danang/toyota_corolla_cross_v_2025/p/g/2025/10/11/15/whgf2azh6ngWDP0tjzU1kA.jpg,downloaded_images\cars\toyota-corolla-cross-v-2025__1779543499-185\02.jpg,downloaded
1779543499-185,TOYOTA COROLLA CROSS V 2025,car,https://n1-pstg.mioto.vn/cho_thue_xe_o_to_tu_lai_thue_xe_du_lich_danang/toyota_corolla_cross_v_2025/p/g/2025/10/11/15/YhN4Dh0UXabJduU6UHLhwA.jpg,downloaded_images\cars\toyota-corolla-cross-v-2025__1779543499-185\03.jpg,downloaded
1779543499-185,TOYOTA COROLLA CROSS V 2025,car,https://n1-pstg.mioto.vn/cho_thue_xe_o_to_tu_lai_thue_xe_du_lich_danang/toyota_corolla_cross_v_2025/p/g/2025/10/11/15/HVDu4HqnXQTzvqaV-T4H9Q.jpg,downloaded_images\cars\toyota-corolla-cross-v-2025__1779543499-185\04.jpg,downloaded
1779543499-185,TOYOTA COROLLA CROSS V 2025,car,https://n1-pstg.mioto.vn/cho_thue_xe_o_to_tu_lai_thue_xe_du_lich_danang/toyota_corolla_cross_v_2025/p/g/2025/10/26/20/oeRaGxDWrYyBAXKUi7eSPg.jpg,downloaded_images\cars\toyota-corolla-cross-v-2025__1779543499-185\05.jpg,downloaded
1779543499-185,TOYOTA COROLLA CROSS V 2025,owner_avatar,https://n1-cstg.mioto.vn/m/avatars/avatar-2.png,downloaded_images\owner_avatars\1779543499-185.png,downloaded
1779543499-186,NISSAN NAVARA 2017,car,https://n1-pstg.mioto.vn/cho_thue_xe_o_to_tu_lai_thue_xe_du_lich_danang/nissan_navara_2017/p/g/2025/10/07/08/-NxTY5IjDDsYocFtWe74WA.jpg,downloaded_images\cars\nissan-navara-2017__1779543499-186\01.jpg,downloaded
1779543499-186,NISSAN NAVARA 2017,car,https://n1-pstg.mioto.vn/cho_thue_xe_o_to_tu_lai_thue_xe_du_lich_danang/nissan_navara_2017/p/g/2025/10/07/08/M69YY7EG2PYX1H5DsfhumQ.jpg,downloaded_images\cars\nissan-navara-2017__1779543499-186\02.jpg,downloaded
1779543499-186,NISSAN NAVARA 2017,car,https://n1-pstg.mioto.vn/cho_thue_xe_o_to_tu_lai_thue_xe_du_lich_danang/nissan_navara_2017/p/g/2025/10/07/08/JW6PqLc4ZskCF68xxZOvjg.jpg,downloaded_images\cars\nissan-navara-2017__1779543499-186\03.jpg,downloaded
1779543499-186,NISSAN NAVARA 2017,car,https://n1-pstg.mioto.vn/cho_thue_xe_o_to_tu_lai_thue_xe_du_lich_danang/nissan_navara_2017/p/g/2025/10/24/09/iB8J-o8Ty3y94PMZ3JlkHQ.jpg,downloaded_images\cars\nissan-navara-2017__1779543499-186\04.jpg,downloaded
1779543499-186,NISSAN NAVARA 2017,car,https://n1-pstg.mioto.vn/cho_thue_xe_o_to_tu_lai_thue_xe_du_lich_danang/nissan_navara_2017/p/g/2025/10/24/09/qOnnG1CYfSbruEyHGACLkA.jpg,downloaded_images\cars\nissan-navara-2017__1779543499-186\05.jpg,downloaded
1779543499-186,NISSAN NAVARA 2017,car,https://n1-pstg.mioto.vn/cho_thue_xe_o_to_tu_lai_thue_xe_du_lich_danang/nissan_navara_2017/p/g/2025/10/27/08/kR1gPxbIxqygmptfc3RlGg.jpg,downloaded_images\cars\nissan-navara-2017__1779543499-186\06.jpg,downloaded
1779543499-186,NISSAN NAVARA 2017,owner_avatar,https://n1-astg.mioto.vn/g/2023/08/11/10/vhDaOLUiapwBMzqCVzJ97w.jpg,downloaded_images\owner_avatars\1779543499-186.jpg,downloaded
1779543499-187,GEELY COOLRAY STANDARD 2025,car,https://n1-pstg.mioto.vn/cho_thue_xe_o_to_tu_lai_thue_xe_du_lich_danang/geely_coolray_standard_2025/p/g/2026/03/15/10/P4eHKyZcDn3tYZY03NJPQg.jpg,downloaded_images\cars\geely-coolray-standard-2025__1779543499-187\01.jpg,downloaded
1779543499-187,GEELY COOLRAY STANDARD 2025,car,https://n1-pstg.mioto.vn/cho_thue_xe_o_to_tu_lai_thue_xe_du_lich_danang/geely_coolray_standard_2025/p/g/2026/03/15/10/KbqH5D-264wZDNm8lNN0WA.jpg,downloaded_images\cars\geely-coolray-standard-2025__1779543499-187\02.jpg,downloaded
1779543499-187,GEELY COOLRAY STANDARD 2025,car,https://n1-pstg.mioto.vn/cho_thue_xe_o_to_tu_lai_thue_xe_du_lich_danang/geely_coolray_standard_2025/p/g/2026/03/15/10/BIEQ_8tlwSMQ9uewEZ-eng.jpg,downloaded_images\cars\geely-coolray-standard-2025__1779543499-187\03.jpg,downloaded
1779543499-187,GEELY COOLRAY STANDARD 2025,car,https://n1-pstg.mioto.vn/cho_thue_xe_o_to_tu_lai_thue_xe_du_lich_danang/geely_coolray_standard_2025/p/g/2026/03/19/11/VY9SQQ1lK6jnAJrf-AQijw.jpg,downloaded_images\cars\geely-coolray-standard-2025__1779543499-187\04.jpg,downloaded
1779543499-187,GEELY COOLRAY STANDARD 2025,owner_avatar,https://n1-astg.mioto.vn/g/2026/03/20/18/VPdxj1RiR4js_uQxBgKB_Q.jpg,downloaded_images\owner_avatars\1779543499-187.jpg,downloaded
1779543499-188,HYUNDAI CRETA 2023,car,https://n1-pstg.mioto.vn/cho_thue_xe_o_to_tu_lai_thue_xe_du_lich_danang/hyundai_creta_2023/p/g/2025/03/23/12/RbN7iBrHr-qv70xet80KrA.jpg,downloaded_images\cars\hyundai-creta-2023__1779543499-188\01.jpg,downloaded
1779543499-188,HYUNDAI CRETA 2023,car,https://n1-pstg.mioto.vn/cho_thue_xe_o_to_tu_lai_thue_xe_du_lich_danang/hyundai_creta_2023/p/g/2025/03/23/12/G9_ZjvL1JgUO893E5Czjjw.jpg,downloaded_images\cars\hyundai-creta-2023__1779543499-188\02.jpg,downloaded
1779543499-188,HYUNDAI CRETA 2023,car,https://n1-pstg.mioto.vn/cho_thue_xe_o_to_tu_lai_thue_xe_du_lich_danang/hyundai_creta_2023/p/g/2025/03/21/14/SlIoM9iNrL4DhHRh-2JcFA.jpg,downloaded_images\cars\hyundai-creta-2023__1779543499-188\03.jpg,downloaded
1779543499-188,HYUNDAI CRETA 2023,car,https://n1-pstg.mioto.vn/cho_thue_xe_o_to_tu_lai_thue_xe_du_lich_danang/hyundai_creta_2023/p/g/2025/03/21/14/HzkpFp2sx1PYQAVeMQssYQ.jpg,downloaded_images\cars\hyundai-creta-2023__1779543499-188\04.jpg,downloaded
1779543499-188,HYUNDAI CRETA 2023,car,https://n1-pstg.mioto.vn/cho_thue_xe_o_to_tu_lai_thue_xe_du_lich_danang/hyundai_creta_2023/p/g/2025/03/23/12/zSggSY6GawxiAlz4k8Pr1A.jpg,downloaded_images\cars\hyundai-creta-2023__1779543499-188\05.jpg,downloaded
1779543499-188,HYUNDAI CRETA 2023,owner_avatar,https://n1-astg.mioto.vn/g/2025/03/10/08/U7WsdOefzPxeQHt7I7GJ6w.jpg,downloaded_images\owner_avatars\1779543499-188.jpg,downloaded
1779543499-189,MITSUBISHI PAJERO 2018,car,https://n1-pstg.mioto.vn/cho_thue_xe_o_to_tu_lai_thue_xe_du_lich_danang/mitsubishi_pajero_2018/p/g/2024/06/07/14/a3gcHiUVCcOSngzWX7JfpQ.jpg,downloaded_images\cars\mitsubishi-pajero-2018__1779543499-189\01.jpg,downloaded
1779543499-189,MITSUBISHI PAJERO 2018,car,https://n1-pstg.mioto.vn/cho_thue_xe_o_to_tu_lai_thue_xe_du_lich_danang/mitsubishi_pajero_2018/p/g/2024/06/07/14/e1_q5vOqFFoYp-aODtZ0DA.jpg,downloaded_images\cars\mitsubishi-pajero-2018__1779543499-189\02.jpg,downloaded
1779543499-189,MITSUBISHI PAJERO 2018,car,https://n1-pstg.mioto.vn/cho_thue_xe_o_to_tu_lai_thue_xe_du_lich_danang/mitsubishi_pajero_2018/p/g/2024/06/07/14/gQNlfeANkhfkqGpENQJTTQ.jpg,downloaded_images\cars\mitsubishi-pajero-2018__1779543499-189\03.jpg,downloaded
1779543499-189,MITSUBISHI PAJERO 2018,car,https://n1-pstg.mioto.vn/cho_thue_xe_o_to_tu_lai_thue_xe_du_lich_danang/mitsubishi_pajero_2018/p/g/2024/06/07/14/SsltoMHl3mMbKn180ojlUw.jpg,downloaded_images\cars\mitsubishi-pajero-2018__1779543499-189\04.jpg,downloaded
1779543499-189,MITSUBISHI PAJERO 2018,car,https://n1-pstg.mioto.vn/cho_thue_xe_o_to_tu_lai_thue_xe_du_lich_danang/mitsubishi_pajero_2018/p/g/2024/06/07/14/JI49LByJ6vxeFwEjvmJnBw.jpg,downloaded_images\cars\mitsubishi-pajero-2018__1779543499-189\05.jpg,downloaded
1779543499-189,MITSUBISHI PAJERO 2018,owner_avatar,https://n1-astg.mioto.vn/g/2024/06/07/13/ub6SGSYHYcAWSkOitqQurQ.jpg,downloaded_images\owner_avatars\1779543499-189.jpg,downloaded
1779543499-190,HONDA HRV G 2023,car,https://n1-pstg.mioto.vn/cho_thue_xe_o_to_tu_lai_thue_xe_du_lich_danang/honda_hrv_g_2023/p/g/2025/00/23/15/KFwJXo_VJ9lfyw1gX4dRcw.jpg,downloaded_images\cars\honda-hrv-g-2023__1779543499-190\01.jpg,downloaded
1779543499-190,HONDA HRV G 2023,car,https://n1-pstg.mioto.vn/cho_thue_xe_o_to_tu_lai_thue_xe_du_lich_danang/honda_hrv_g_2023/p/g/2025/00/23/15/-7lCmzsfIwzpXoVjYLsAmg.jpg,downloaded_images\cars\honda-hrv-g-2023__1779543499-190\02.jpg,downloaded
1779543499-190,HONDA HRV G 2023,car,https://n1-pstg.mioto.vn/cho_thue_xe_o_to_tu_lai_thue_xe_du_lich_danang/honda_hrv_g_2023/p/g/2025/00/23/15/7OB3yWzfzkmK4IW62n-BFw.jpg,downloaded_images\cars\honda-hrv-g-2023__1779543499-190\03.jpg,downloaded
1779543499-190,HONDA HRV G 2023,car,https://n1-pstg.mioto.vn/cho_thue_xe_o_to_tu_lai_thue_xe_du_lich_danang/honda_hrv_g_2023/p/g/2025/00/23/15/1RUYY0wCTX6-_ODVfixLRQ.jpg,downloaded_images\cars\honda-hrv-g-2023__1779543499-190\04.jpg,downloaded
1779543499-190,HONDA HRV G 2023,car,https://n1-pstg.mioto.vn/cho_thue_xe_o_to_tu_lai_thue_xe_du_lich_danang/honda_hrv_g_2023/p/g/2025/00/23/15/hmxxlDLksFRKI3dJ22dm6Q.jpg,downloaded_images\cars\honda-hrv-g-2023__1779543499-190\05.jpg,downloaded
1779543499-190,HONDA HRV G 2023,owner_avatar,https://n1-cstg.mioto.vn/m/avatars/avatar-0.png,downloaded_images\owner_avatars\1779543499-190.png,downloaded
1779543499-191,HONDA CRV L 2022,car,https://n1-pstg.mioto.vn/cho_thue_xe_o_to_tu_lai_thue_xe_du_lich_danang/honda_crv_l_2022/p/g/2025/10/14/18/ekXtjol7GAE9CWOpz7bwKw.jpg,downloaded_images\cars\honda-crv-l-2022__1779543499-191\01.jpg,downloaded
1779543499-191,HONDA CRV L 2022,car,https://n1-pstg.mioto.vn/cho_thue_xe_o_to_tu_lai_thue_xe_du_lich_danang/honda_crv_l_2022/p/g/2025/10/14/18/EjXuKCmWJnBlO9cIMIwhMg.jpg,downloaded_images\cars\honda-crv-l-2022__1779543499-191\02.jpg,downloaded
1779543499-191,HONDA CRV L 2022,car,https://n1-pstg.mioto.vn/cho_thue_xe_o_to_tu_lai_thue_xe_du_lich_danang/honda_crv_l_2022/p/g/2025/10/14/18/QXATry6vSfHxLNDfV-vaNw.jpg,downloaded_images\cars\honda-crv-l-2022__1779543499-191\03.jpg,downloaded
1779543499-191,HONDA CRV L 2022,car,https://n1-pstg.mioto.vn/cho_thue_xe_o_to_tu_lai_thue_xe_du_lich_danang/honda_crv_l_2022/p/g/2025/10/14/18/u7ICjDVPpJEjmncWaWR8ww.jpg,downloaded_images\cars\honda-crv-l-2022__1779543499-191\04.jpg,downloaded
1779543499-191,HONDA CRV L 2022,owner_avatar,https://n1-cstg.mioto.vn/m/avatars/avatar-1.png,downloaded_images\owner_avatars\1779543499-191.png,downloaded
1779543499-192,KIA SOLUTO 2019,car,https://n1-pstg.mioto.vn/cho_thue_xe_o_to_tu_lai_thue_xe_du_lich_danang/kia_soluto_2019/p/g/2023/06/27/09/mlY4n7c_rFGBTySUjPHOug.jpg,downloaded_images\cars\kia-soluto-2019__1779543499-192\01.jpg,downloaded
1779543499-192,KIA SOLUTO 2019,car,https://n1-pstg.mioto.vn/cho_thue_xe_o_to_tu_lai_thue_xe_du_lich_danang/kia_soluto_2019/p/g/2023/06/27/09/qhE9VpB1VVMBnvRNy6Bh8g.jpg,downloaded_images\cars\kia-soluto-2019__1779543499-192\02.jpg,downloaded
1779543499-192,KIA SOLUTO 2019,car,https://n1-pstg.mioto.vn/cho_thue_xe_o_to_tu_lai_thue_xe_du_lich_danang/kia_soluto_2019/p/g/2023/06/27/09/DpELcHUeeQ5j6VnQtHgOww.jpg,downloaded_images\cars\kia-soluto-2019__1779543499-192\03.jpg,downloaded
1779543499-192,KIA SOLUTO 2019,car,https://n1-pstg.mioto.vn/cho_thue_xe_o_to_tu_lai_thue_xe_du_lich_danang/kia_soluto_2019/p/g/2023/06/27/09/1lragYJTtARWvE0YQCXgZw.jpg,downloaded_images\cars\kia-soluto-2019__1779543499-192\04.jpg,downloaded
1779543499-192,KIA SOLUTO 2019,owner_avatar,https://n1-astg.mioto.vn/g/2023/06/27/09/xydvxDqwGpEQatR43xkRsQ.jpg,downloaded_images\owner_avatars\1779543499-192.jpg,downloaded
1779543499-193,HYUNDAI ACCENT 2023,car,https://n1-pstg.mioto.vn/cho_thue_xe_o_to_tu_lai_thue_xe_du_lich_danang/hyundai_accent_2023/p/g/2023/10/23/10/KQ1CjDWF1v7Ftvsb42eQfw.jpg,downloaded_images\cars\hyundai-accent-2023__1779543499-193\01.jpg,downloaded
1779543499-193,HYUNDAI ACCENT 2023,car,https://n1-pstg.mioto.vn/cho_thue_xe_o_to_tu_lai_thue_xe_du_lich_danang/hyundai_accent_2023/p/g/2023/10/23/10/Dnemf0KQ3DmmUi_xv4yqsw.jpg,downloaded_images\cars\hyundai-accent-2023__1779543499-193\02.jpg,downloaded
1779543499-193,HYUNDAI ACCENT 2023,car,https://n1-pstg.mioto.vn/cho_thue_xe_o_to_tu_lai_thue_xe_du_lich_danang/hyundai_accent_2023/p/g/2023/10/23/10/LjhHU0g5S3dKV1KjZ_nocA.jpg,downloaded_images\cars\hyundai-accent-2023__1779543499-193\03.jpg,downloaded
1779543499-193,HYUNDAI ACCENT 2023,car,https://n1-pstg.mioto.vn/cho_thue_xe_o_to_tu_lai_thue_xe_du_lich_danang/hyundai_accent_2023/p/g/2023/10/23/10/PnCAVUFXGswpfK6t3ahQ4w.jpg,downloaded_images\cars\hyundai-accent-2023__1779543499-193\04.jpg,downloaded
1779543499-193,HYUNDAI ACCENT 2023,owner_avatar,https://n1-astg.mioto.vn/g/2024/00/06/11/aSvAmmaz7_6L_4cSgo3Bkw.jpg,downloaded_images\owner_avatars\1779543499-193.jpg,downloaded
1779543499-194,HYUNDAI ELANTRA 2018,car,https://n1-pstg.mioto.vn/cho_thue_xe_o_to_tu_lai_thue_xe_du_lich_danang/hyundai_elantra_2018/p/g/2026/00/23/15/FILr39OtK_ctA_peA0gv-Q.jpg,downloaded_images\cars\hyundai-elantra-2018__1779543499-194\01.jpg,downloaded
1779543499-194,HYUNDAI ELANTRA 2018,car,https://n1-pstg.mioto.vn/cho_thue_xe_o_to_tu_lai_thue_xe_du_lich_danang/hyundai_elantra_2018/p/g/2026/00/23/14/TvwQdFd0pQK34Q5g6rebDw.jpg,downloaded_images\cars\hyundai-elantra-2018__1779543499-194\02.jpg,downloaded
1779543499-194,HYUNDAI ELANTRA 2018,car,https://n1-pstg.mioto.vn/cho_thue_xe_o_to_tu_lai_thue_xe_du_lich_danang/hyundai_elantra_2018/p/g/2026/00/23/14/FDA0Py4IrWXqqxBITSJ0dQ.jpg,downloaded_images\cars\hyundai-elantra-2018__1779543499-194\03.jpg,downloaded
1779543499-194,HYUNDAI ELANTRA 2018,car,https://n1-pstg.mioto.vn/cho_thue_xe_o_to_tu_lai_thue_xe_du_lich_danang/hyundai_elantra_2018/p/g/2026/00/23/14/QZ3i82YWtxYeNZzQSQFUPQ.jpg,downloaded_images\cars\hyundai-elantra-2018__1779543499-194\04.jpg,downloaded
1779543499-194,HYUNDAI ELANTRA 2018,car,https://n1-pstg.mioto.vn/cho_thue_xe_o_to_tu_lai_thue_xe_du_lich_danang/hyundai_elantra_2018/p/g/2026/00/23/14/2kFqIWcJAYR9Rwg0K4nU9Q.jpg,downloaded_images\cars\hyundai-elantra-2018__1779543499-194\05.jpg,downloaded
1779543499-194,HYUNDAI ELANTRA 2018,owner_avatar,https://n1-cstg.mioto.vn/m/avatars/avatar-8.png,downloaded_images\owner_avatars\1779543499-194.png,downloaded
1779543499-195,VINFAST VF3 2025,car,https://n1-pstg.mioto.vn/cho_thue_xe_o_to_tu_lai_thue_xe_du_lich_danang/vinfast_vf3_2025/p/g/2025/08/09/08/FX4TWesJOplSIVLIt8Xsjg.jpg,downloaded_images\cars\vinfast-vf3-2025__1779543499-195\01.jpg,downloaded
1779543499-195,VINFAST VF3 2025,car,https://n1-pstg.mioto.vn/cho_thue_xe_o_to_tu_lai_thue_xe_du_lich_danang/vinfast_vf3_2025/p/g/2025/08/09/08/z4wrDwxwHhDy_4y-bK8JAQ.jpg,downloaded_images\cars\vinfast-vf3-2025__1779543499-195\02.jpg,downloaded
1779543499-195,VINFAST VF3 2025,car,https://n1-pstg.mioto.vn/cho_thue_xe_o_to_tu_lai_thue_xe_du_lich_danang/vinfast_vf3_2025/p/g/2025/08/09/08/O8h9izMjKOspRzjpnxf_6A.jpg,downloaded_images\cars\vinfast-vf3-2025__1779543499-195\03.jpg,downloaded
1779543499-195,VINFAST VF3 2025,owner_avatar,https://n1-cstg.mioto.vn/m/avatars/avatar-2.png,downloaded_images\owner_avatars\1779543499-195.png,downloaded
1779543499-196,VINFAST VF3 2024,car,https://n1-pstg.mioto.vn/cho_thue_xe_o_to_tu_lai_thue_xe_du_lich_danang/vinfast_vf3_2024/p/g/2026/03/15/17/eEJoMKeFlu_nV1_CPL3XNg.jpg,downloaded_images\cars\vinfast-vf3-2024__1779543499-196\01.jpg,downloaded
1779543499-196,VINFAST VF3 2024,car,https://n1-pstg.mioto.vn/cho_thue_xe_o_to_tu_lai_thue_xe_du_lich_danang/vinfast_vf3_2024/p/g/2026/03/15/17/AzybwHnubLz8NxTAMt2Y2w.jpg,downloaded_images\cars\vinfast-vf3-2024__1779543499-196\02.jpg,downloaded
1779543499-196,VINFAST VF3 2024,car,https://n1-pstg.mioto.vn/cho_thue_xe_o_to_tu_lai_thue_xe_du_lich_danang/vinfast_vf3_2024/p/g/2026/03/15/17/DUmIlvE0e3k6FVHvsRwgEw.jpg,downloaded_images\cars\vinfast-vf3-2024__1779543499-196\03.jpg,downloaded
1779543499-196,VINFAST VF3 2024,car,https://n1-pstg.mioto.vn/cho_thue_xe_o_to_tu_lai_thue_xe_du_lich_danang/vinfast_vf3_2024/p/g/2026/03/15/17/Y6toE-miv3qRihDAEu5xmQ.jpg,downloaded_images\cars\vinfast-vf3-2024__1779543499-196\04.jpg,downloaded
1779543499-196,VINFAST VF3 2024,owner_avatar,https://n1-astg.mioto.vn/g/2025/00/02/15/B4XmuUrebo4GhlbvoXvZ6Q.jpg,downloaded_images\owner_avatars\1779543499-196.jpg,downloaded
1779543499-197,VINFAST VF3 2024,car,https://n1-pstg.mioto.vn/cho_thue_xe_o_to_tu_lai_thue_xe_du_lich_danang/vinfast_vf3_2024/p/g/2024/10/27/17/vh9z2jWbNTKW8uNtoc6hLw.jpg,downloaded_images\cars\vinfast-vf3-2024__1779543499-197\01.jpg,downloaded
1779543499-197,VINFAST VF3 2024,car,https://n1-pstg.mioto.vn/cho_thue_xe_o_to_tu_lai_thue_xe_du_lich_danang/vinfast_vf3_2024/p/g/2024/10/27/17/7UjhFMAkVP0gGcVgbAPp9w.jpg,downloaded_images\cars\vinfast-vf3-2024__1779543499-197\02.jpg,downloaded
1779543499-197,VINFAST VF3 2024,car,https://n1-pstg.mioto.vn/cho_thue_xe_o_to_tu_lai_thue_xe_du_lich_danang/vinfast_vf3_2024/p/g/2024/10/27/17/Pyx5HrC2b32yNPDL9drXIQ.jpg,downloaded_images\cars\vinfast-vf3-2024__1779543499-197\03.jpg,downloaded
1779543499-197,VINFAST VF3 2024,car,https://n1-pstg.mioto.vn/cho_thue_xe_o_to_tu_lai_thue_xe_du_lich_danang/vinfast_vf3_2024/p/g/2024/10/27/17/h552MNJzUdNc2PPn7QnUkw.jpg,downloaded_images\cars\vinfast-vf3-2024__1779543499-197\04.jpg,downloaded
1779543499-197,VINFAST VF3 2024,car,https://n1-pstg.mioto.vn/cho_thue_xe_o_to_tu_lai_thue_xe_du_lich_danang/vinfast_vf3_2024/p/g/2024/10/27/17/F6RyDFN7efx8UlO-wVHiHA.jpg,downloaded_images\cars\vinfast-vf3-2024__1779543499-197\05.jpg,downloaded
1779543499-197,VINFAST VF3 2024,owner_avatar,https://n1-astg.mioto.vn/g/2025/00/02/15/B4XmuUrebo4GhlbvoXvZ6Q.jpg,downloaded_images\owner_avatars\1779543499-197.jpg,downloaded
1779543499-198,TOYOTA VELOZ CROSS 2022,car,https://n1-pstg.mioto.vn/cho_thue_xe_o_to_tu_lai_thue_xe_du_lich_danang/toyota_veloz_cross_2022/p/g/2025/08/17/16/nC-DDPbxqnXQJG3YKpRW9A.jpg,downloaded_images\cars\toyota-veloz-cross-2022__1779543499-198\01.jpg,downloaded
1779543499-198,TOYOTA VELOZ CROSS 2022,car,https://n1-pstg.mioto.vn/cho_thue_xe_o_to_tu_lai_thue_xe_du_lich_danang/toyota_veloz_cross_2022/p/g/2025/08/17/16/OptZteFOlLun-26dDLABDA.jpg,downloaded_images\cars\toyota-veloz-cross-2022__1779543499-198\02.jpg,downloaded
1779543499-198,TOYOTA VELOZ CROSS 2022,car,https://n1-pstg.mioto.vn/cho_thue_xe_o_to_tu_lai_thue_xe_du_lich_danang/toyota_veloz_cross_2022/p/g/2025/08/17/16/M9lasn3BEv83wjVutI0avw.jpg,downloaded_images\cars\toyota-veloz-cross-2022__1779543499-198\03.jpg,downloaded
1779543499-198,TOYOTA VELOZ CROSS 2022,car,https://n1-pstg.mioto.vn/cho_thue_xe_o_to_tu_lai_thue_xe_du_lich_danang/toyota_veloz_cross_2022/p/g/2025/08/17/16/G8PywpCVp6rtFK6_QBCR9Q.jpg,downloaded_images\cars\toyota-veloz-cross-2022__1779543499-198\04.jpg,downloaded
1779543499-198,TOYOTA VELOZ CROSS 2022,car,https://n1-pstg.mioto.vn/cho_thue_xe_o_to_tu_lai_thue_xe_du_lich_danang/toyota_veloz_cross_2022/p/g/2025/08/17/16/UKk5tUGrocT5XkXIQWM95g.jpg,downloaded_images\cars\toyota-veloz-cross-2022__1779543499-198\05.jpg,downloaded
1779543499-198,TOYOTA VELOZ CROSS 2022,owner_avatar,https://n1-astg.mioto.vn/g/2024/02/04/11/6y7k2cXg0QyyBBptd5s_TQ.jpg,downloaded_images\owner_avatars\1779543499-198.jpg,downloaded
1779543499-199,HYUNDAI SANTAFE 2020,car,https://n1-pstg.mioto.vn/cho_thue_xe_o_to_tu_lai_thue_xe_du_lich_danang/hyundai_santafe_2020/p/g/2026/02/21/20/K-VygoqFuz4zR1hFqP45iA.jpg,downloaded_images\cars\hyundai-santafe-2020__1779543499-199\01.jpg,downloaded
1779543499-199,HYUNDAI SANTAFE 2020,car,https://n1-pstg.mioto.vn/cho_thue_xe_o_to_tu_lai_thue_xe_du_lich_danang/hyundai_santafe_2020/p/g/2026/02/21/20/l9U1Gs52XW74y6l-XdvM3w.jpg,downloaded_images\cars\hyundai-santafe-2020__1779543499-199\02.jpg,downloaded
1779543499-199,HYUNDAI SANTAFE 2020,car,https://n1-pstg.mioto.vn/cho_thue_xe_o_to_tu_lai_thue_xe_du_lich_danang/hyundai_santafe_2020/p/g/2026/02/21/20/w8CunYIHsUA2rgzOK-Dm5Q.jpg,downloaded_images\cars\hyundai-santafe-2020__1779543499-199\03.jpg,downloaded
1779543499-199,HYUNDAI SANTAFE 2020,car,https://n1-pstg.mioto.vn/cho_thue_xe_o_to_tu_lai_thue_xe_du_lich_danang/hyundai_santafe_2020/p/g/2026/02/21/20/C3UNnPrPCLezZDmvREJRAw.jpg,downloaded_images\cars\hyundai-santafe-2020__1779543499-199\04.jpg,downloaded
1779543499-199,HYUNDAI SANTAFE 2020,car,https://n1-pstg.mioto.vn/cho_thue_xe_o_to_tu_lai_thue_xe_du_lich_danang/hyundai_santafe_2020/p/g/2026/02/21/20/rgW91iw1qLdDchsuEChazw.jpg,downloaded_images\cars\hyundai-santafe-2020__1779543499-199\05.jpg,downloaded
1779543499-199,HYUNDAI SANTAFE 2020,owner_avatar,https://n1-cstg.mioto.vn/m/avatars/avatar-5.png,downloaded_images\owner_avatars\1779543499-199.png,downloaded
1779543499-200,VINFAST VF5 2025,car,https://n1-pstg.mioto.vn/cho_thue_xe_o_to_tu_lai_thue_xe_du_lich_danang/vinfast_vf5_2025/p/g/2025/02/31/00/ueFau6-HD4bH5edOdGVYOA.jpg,downloaded_images\cars\vinfast-vf5-2025__1779543499-200\01.jpg,downloaded
1779543499-200,VINFAST VF5 2025,car,https://n1-pstg.mioto.vn/cho_thue_xe_o_to_tu_lai_thue_xe_du_lich_danang/vinfast_vf5_2025/p/g/2025/02/22/11/LbW0tqkBOv5PvRLTXQXF8w.jpg,downloaded_images\cars\vinfast-vf5-2025__1779543499-200\02.jpg,downloaded
1779543499-200,VINFAST VF5 2025,car,https://n1-pstg.mioto.vn/cho_thue_xe_o_to_tu_lai_thue_xe_du_lich_danang/vinfast_vf5_2025/p/g/2025/02/22/11/FQVoj3CG54KsNgsupXK_7Q.jpg,downloaded_images\cars\vinfast-vf5-2025__1779543499-200\03.jpg,downloaded
1779543499-200,VINFAST VF5 2025,car,https://n1-pstg.mioto.vn/cho_thue_xe_o_to_tu_lai_thue_xe_du_lich_danang/vinfast_vf5_2025/p/g/2025/02/22/11/VVTSAy8p2J5TX5UChD6n0g.jpg,downloaded_images\cars\vinfast-vf5-2025__1779543499-200\04.jpg,downloaded
1779543499-200,VINFAST VF5 2025,car,https://n1-pstg.mioto.vn/cho_thue_xe_o_to_tu_lai_thue_xe_du_lich_danang/vinfast_vf5_2025/p/g/2025/02/31/00/qNk1Jl0U7EBL0--SjXi4gA.jpg,downloaded_images\cars\vinfast-vf5-2025__1779543499-200\05.jpg,downloaded
1779543499-200,VINFAST VF5 2025,car,https://n1-pstg.mioto.vn/cho_thue_xe_o_to_tu_lai_thue_xe_du_lich_danang/vinfast_vf5_2025/p/g/2025/02/31/00/b965NKNdWfd_U7YdYFJC3A.jpg,downloaded_images\cars\vinfast-vf5-2025__1779543499-200\06.jpg,downloaded
1779543499-200,VINFAST VF5 2025,owner_avatar,https://n1-astg.mioto.vn/g/2025/02/31/00/_x9NVqs_Nnwji8PdmJsLRQ.jpg,downloaded_images\owner_avatars\1779543499-200.jpg,downloaded
1779543499-201,TOYOTA FORTUNER 2021,car,https://n1-pstg.mioto.vn/cho_thue_xe_o_to_tu_lai_thue_xe_du_lich_danang/toyota_fortuner_2021/p/g/2026/03/24/10/mYV4ep7WoaXOuO3VPpbudA.jpg,downloaded_images\cars\toyota-fortuner-2021__1779543499-201\01.jpg,downloaded
1779543499-201,TOYOTA FORTUNER 2021,car,https://n1-pstg.mioto.vn/cho_thue_xe_o_to_tu_lai_thue_xe_du_lich_danang/toyota_fortuner_2021/p/g/2026/03/24/10/ZWoxyJel3nKMosuk19gt9A.jpg,downloaded_images\cars\toyota-fortuner-2021__1779543499-201\02.jpg,downloaded
1779543499-201,TOYOTA FORTUNER 2021,car,https://n1-pstg.mioto.vn/cho_thue_xe_o_to_tu_lai_thue_xe_du_lich_danang/toyota_fortuner_2021/p/g/2026/03/24/10/O4h16V9RyBLilJ3cGUtPoQ.jpg,downloaded_images\cars\toyota-fortuner-2021__1779543499-201\03.jpg,downloaded
1779543499-201,TOYOTA FORTUNER 2021,car,https://n1-pstg.mioto.vn/cho_thue_xe_o_to_tu_lai_thue_xe_du_lich_danang/toyota_fortuner_2021/p/g/2026/03/24/10/vI6XXqJB69lDwCO7NLvW5A.jpg,downloaded_images\cars\toyota-fortuner-2021__1779543499-201\04.jpg,downloaded
1779543499-201,TOYOTA FORTUNER 2021,car,https://n1-pstg.mioto.vn/cho_thue_xe_o_to_tu_lai_thue_xe_du_lich_danang/toyota_fortuner_2021/p/g/2026/03/24/10/7-1Ly9Dv2jRQBNa8nVb-1w.jpg,downloaded_images\cars\toyota-fortuner-2021__1779543499-201\05.jpg,downloaded
1779543499-201,TOYOTA FORTUNER 2021,owner_avatar,https://n1-cstg.mioto.vn/m/avatars/avatar-5.png,downloaded_images\owner_avatars\1779543499-201.png,downloaded
1779543499-202,VINFAST VF6 PLUS 2024,car,https://n1-pstg.mioto.vn/cho_thue_xe_o_to_tu_lai_thue_xe_du_lich_danang/vinfast_vf6_plus_2024/p/g/2026/03/26/09/zJCHJgdPdWWR42T8CqSy5A.jpg,downloaded_images\cars\vinfast-vf6-plus-2024__1779543499-202\01.jpg,downloaded
1779543499-202,VINFAST VF6 PLUS 2024,car,https://n1-pstg.mioto.vn/cho_thue_xe_o_to_tu_lai_thue_xe_du_lich_danang/vinfast_vf6_plus_2024/p/g/2026/03/26/09/HUZFamCLFeQve_ePGlRjpw.jpg,downloaded_images\cars\vinfast-vf6-plus-2024__1779543499-202\02.jpg,downloaded
1779543499-202,VINFAST VF6 PLUS 2024,car,https://n1-pstg.mioto.vn/cho_thue_xe_o_to_tu_lai_thue_xe_du_lich_danang/vinfast_vf6_plus_2024/p/g/2026/03/26/09/Me7e08A0KlGY75o31SgWeA.jpg,downloaded_images\cars\vinfast-vf6-plus-2024__1779543499-202\03.jpg,downloaded
1779543499-202,VINFAST VF6 PLUS 2024,car,https://n1-pstg.mioto.vn/cho_thue_xe_o_to_tu_lai_thue_xe_du_lich_danang/vinfast_vf6_plus_2024/p/g/2026/03/26/09/SnaoX4VA8K7m_PhveXsmmA.jpg,downloaded_images\cars\vinfast-vf6-plus-2024__1779543499-202\04.jpg,downloaded
1779543499-202,VINFAST VF6 PLUS 2024,car,https://n1-pstg.mioto.vn/cho_thue_xe_o_to_tu_lai_thue_xe_du_lich_danang/vinfast_vf6_plus_2024/p/g/2026/03/26/09/zC7AgpRp8CwHVyodE1w3qA.jpg,downloaded_images\cars\vinfast-vf6-plus-2024__1779543499-202\05.jpg,downloaded
1779543499-202,VINFAST VF6 PLUS 2024,owner_avatar,https://n1-astg.mioto.vn/g/2026/03/26/09/ozprBYuVKPDwJpwNEKxhHw.jpg,downloaded_images\owner_avatars\1779543499-202.jpg,downloaded
1779543499-203,KIA CERATO 2020,car,https://n1-pstg.mioto.vn/cho_thue_xe_o_to_tu_lai_thue_xe_du_lich_danang/kia_cerato_2020/p/g/2023/02/31/09/MCJK2EkC4CA1u2KzXtdOVw.jpg,downloaded_images\cars\kia-cerato-2020__1779543499-203\01.jpg,downloaded
1779543499-203,KIA CERATO 2020,car,https://n1-pstg.mioto.vn/cho_thue_xe_o_to_tu_lai_thue_xe_du_lich_danang/kia_cerato_2020/p/g/2023/02/31/09/5dThag0z6lnzlDZRkFbxXw.jpg,downloaded_images\cars\kia-cerato-2020__1779543499-203\02.jpg,downloaded
1779543499-203,KIA CERATO 2020,car,https://n1-pstg.mioto.vn/cho_thue_xe_o_to_tu_lai_thue_xe_du_lich_danang/kia_cerato_2020/p/g/2023/02/30/11/CQk2-OS89QvxspeRbYFeIw.jpg,downloaded_images\cars\kia-cerato-2020__1779543499-203\03.jpg,downloaded
1779543499-203,KIA CERATO 2020,car,https://n1-pstg.mioto.vn/cho_thue_xe_o_to_tu_lai_thue_xe_du_lich_danang/kia_cerato_2020/p/g/2023/02/30/11/iGdPFK926_2kw8pZ2vOXww.jpg,downloaded_images\cars\kia-cerato-2020__1779543499-203\04.jpg,downloaded
1779543499-203,KIA CERATO 2020,car,https://n1-pstg.mioto.vn/cho_thue_xe_o_to_tu_lai_thue_xe_du_lich_danang/kia_cerato_2020/p/g/2023/02/30/11/qB2BL_DhffseXK7Rt2PjTw.jpg,downloaded_images\cars\kia-cerato-2020__1779543499-203\05.jpg,downloaded
1779543499-203,KIA CERATO 2020,owner_avatar,https://n1-astg.mioto.vn/g/2023/02/31/09/tj9BV-Hm1HlZidAPqnqMuw.jpg,downloaded_images\owner_avatars\1779543499-203.jpg,downloaded
1779543499-204,VINFAST LIMO GREEN 2026,car,https://n1-pstg.mioto.vn/cho_thue_xe_o_to_tu_lai_thue_xe_du_lich_danang/vinfast_limo_green_2026/p/g/2026/03/02/16/CaxPJdj-EGXR3RTzYcb1Iw.jpg,downloaded_images\cars\vinfast-limo-green-2026__1779543499-204\01.jpg,downloaded
1779543499-204,VINFAST LIMO GREEN 2026,car,https://n1-pstg.mioto.vn/cho_thue_xe_o_to_tu_lai_thue_xe_du_lich_danang/vinfast_limo_green_2026/p/g/2026/03/02/16/A1HYb_Rh503EwE4kkKG7Zg.jpg,downloaded_images\cars\vinfast-limo-green-2026__1779543499-204\02.jpg,downloaded
1779543499-204,VINFAST LIMO GREEN 2026,car,https://n1-pstg.mioto.vn/cho_thue_xe_o_to_tu_lai_thue_xe_du_lich_danang/vinfast_limo_green_2026/p/g/2026/03/03/09/zpW458qeoGwCOo6U3dqSrQ.jpg,downloaded_images\cars\vinfast-limo-green-2026__1779543499-204\03.jpg,downloaded
1779543499-204,VINFAST LIMO GREEN 2026,car,https://n1-pstg.mioto.vn/cho_thue_xe_o_to_tu_lai_thue_xe_du_lich_danang/vinfast_limo_green_2026/p/g/2026/03/03/09/9flmb_1ilFMzQvoO3tVehg.jpg,downloaded_images\cars\vinfast-limo-green-2026__1779543499-204\04.jpg,downloaded
1779543499-204,VINFAST LIMO GREEN 2026,owner_avatar,https://n1-cstg.mioto.vn/m/avatars/avatar-1.png,downloaded_images\owner_avatars\1779543499-204.png,downloaded
1779543499-205,KIA CARENS LUXURY 2025,car,https://n1-pstg.mioto.vn/cho_thue_xe_o_to_tu_lai_thue_xe_du_lich_danang/kia_carens_luxury_2025/p/g/2026/03/14/22/eRIpYRPFTEkb7GItg-mToA.jpg,downloaded_images\cars\kia-carens-luxury-2025__1779543499-205\01.jpg,downloaded
1779543499-205,KIA CARENS LUXURY 2025,owner_avatar,https://n1-cstg.mioto.vn/m/avatars/avatar-2.png,downloaded_images\owner_avatars\1779543499-205.png,downloaded
1779543499-206,SUZUKI ERTIGA 2020,car,https://n1-pstg.mioto.vn/cho_thue_xe_o_to_tu_lai_thue_xe_du_lich_danang/suzuki_ertiga_2020/p/g/2023/03/28/14/nmGR6Doca-6zdLYuA5W3sA.jpg,downloaded_images\cars\suzuki-ertiga-2020__1779543499-206\01.jpg,downloaded
1779543499-206,SUZUKI ERTIGA 2020,car,https://n1-pstg.mioto.vn/cho_thue_xe_o_to_tu_lai_thue_xe_du_lich_danang/suzuki_ertiga_2020/p/g/2023/03/28/14/lQuByhcYXRwm3f-bnnxomA.jpg,downloaded_images\cars\suzuki-ertiga-2020__1779543499-206\02.jpg,downloaded
1779543499-206,SUZUKI ERTIGA 2020,car,https://n1-pstg.mioto.vn/cho_thue_xe_o_to_tu_lai_thue_xe_du_lich_danang/suzuki_ertiga_2020/p/g/2023/03/28/14/yxlmzWnvopRnrBFtIK8P1Q.jpg,downloaded_images\cars\suzuki-ertiga-2020__1779543499-206\03.jpg,downloaded
1779543499-206,SUZUKI ERTIGA 2020,owner_avatar,https://n1-astg.mioto.vn/g/2024/00/31/14/ANp6tPKjjq8E9n3v9KjQKw.jpg,downloaded_images\owner_avatars\1779543499-206.jpg,downloaded
1779543499-207,GEELY COOLRAY FLAGSHIP 2025,car,https://n1-pstg.mioto.vn/cho_thue_xe_o_to_tu_lai_thue_xe_du_lich_danang/geely_coolray_flagship_2025/p/g/2026/00/29/15/EWY9Bf-_0n6DhCHHxCgdtA.jpg,downloaded_images\cars\geely-coolray-flagship-2025__1779543499-207\01.jpg,downloaded
1779543499-207,GEELY COOLRAY FLAGSHIP 2025,car,https://n1-pstg.mioto.vn/cho_thue_xe_o_to_tu_lai_thue_xe_du_lich_danang/geely_coolray_flagship_2025/p/g/2026/00/29/15/KAMCTZ1PnhlByuT4FpqDsA.jpg,downloaded_images\cars\geely-coolray-flagship-2025__1779543499-207\02.jpg,downloaded
1779543499-207,GEELY COOLRAY FLAGSHIP 2025,car,https://n1-pstg.mioto.vn/cho_thue_xe_o_to_tu_lai_thue_xe_du_lich_danang/geely_coolray_flagship_2025/p/g/2026/00/29/15/5qTawr1dbBjwAjl_ZFLefA.jpg,downloaded_images\cars\geely-coolray-flagship-2025__1779543499-207\03.jpg,downloaded
1779543499-207,GEELY COOLRAY FLAGSHIP 2025,car,https://n1-pstg.mioto.vn/cho_thue_xe_o_to_tu_lai_thue_xe_du_lich_danang/geely_coolray_flagship_2025/p/g/2026/00/29/15/ItQiocC1vWARyckPGdxcVA.jpg,downloaded_images\cars\geely-coolray-flagship-2025__1779543499-207\04.jpg,downloaded
1779543499-207,GEELY COOLRAY FLAGSHIP 2025,car,https://n1-pstg.mioto.vn/cho_thue_xe_o_to_tu_lai_thue_xe_du_lich_danang/geely_coolray_flagship_2025/p/g/2026/00/29/15/5XPIn_xdPEiLO26pOmkIlA.jpg,downloaded_images\cars\geely-coolray-flagship-2025__1779543499-207\05.jpg,downloaded
1779543499-207,GEELY COOLRAY FLAGSHIP 2025,owner_avatar,https://n1-cstg.mioto.vn/m/avatars/avatar-5.png,downloaded_images\owner_avatars\1779543499-207.png,downloaded
1779543499-208,GEELY COOLRAY FLAGSHIP 2025,car,https://n1-pstg.mioto.vn/cho_thue_xe_o_to_tu_lai_thue_xe_du_lich_danang/geely_coolray_flagship_2025/p/g/2025/10/08/15/fRcgQG3kx3xL5c1yqvCMGg.jpg,downloaded_images\cars\geely-coolray-flagship-2025__1779543499-208\01.jpg,downloaded
1779543499-208,GEELY COOLRAY FLAGSHIP 2025,car,https://n1-pstg.mioto.vn/cho_thue_xe_o_to_tu_lai_thue_xe_du_lich_danang/geely_coolray_flagship_2025/p/g/2025/10/08/15/8BqhCCS71a-6I3mzHBd-Lg.jpg,downloaded_images\cars\geely-coolray-flagship-2025__1779543499-208\02.jpg,downloaded
1779543499-208,GEELY COOLRAY FLAGSHIP 2025,car,https://n1-pstg.mioto.vn/cho_thue_xe_o_to_tu_lai_thue_xe_du_lich_danang/geely_coolray_flagship_2025/p/g/2025/10/08/15/4NtU4kREH3x7_-apjprMyQ.jpg,downloaded_images\cars\geely-coolray-flagship-2025__1779543499-208\03.jpg,downloaded
1779543499-208,GEELY COOLRAY FLAGSHIP 2025,car,https://n1-pstg.mioto.vn/cho_thue_xe_o_to_tu_lai_thue_xe_du_lich_danang/geely_coolray_flagship_2025/p/g/2025/10/08/15/Xn1rLQv2ffveCNh-UhaX0g.jpg,downloaded_images\cars\geely-coolray-flagship-2025__1779543499-208\04.jpg,downloaded
1779543499-208,GEELY COOLRAY FLAGSHIP 2025,car,https://n1-pstg.mioto.vn/cho_thue_xe_o_to_tu_lai_thue_xe_du_lich_danang/geely_coolray_flagship_2025/p/g/2025/10/08/15/fQaHJGym56JTmyucIX383Q.jpg,downloaded_images\cars\geely-coolray-flagship-2025__1779543499-208\05.jpg,downloaded
1779543499-208,GEELY COOLRAY FLAGSHIP 2025,owner_avatar,https://n1-cstg.mioto.vn/m/avatars/avatar-5.png,downloaded_images\owner_avatars\1779543499-208.png,downloaded
1779543499-209,GEELY COOLRAY FLAGSHIP 2025,car,https://n1-pstg.mioto.vn/cho_thue_xe_o_to_tu_lai_thue_xe_du_lich_danang/geely_coolray_flagship_2025/p/g/2025/10/08/14/KEOk3UsCaaE7ZFIEzP77iQ.jpg,downloaded_images\cars\geely-coolray-flagship-2025__1779543499-209\01.jpg,downloaded
1779543499-209,GEELY COOLRAY FLAGSHIP 2025,car,https://n1-pstg.mioto.vn/cho_thue_xe_o_to_tu_lai_thue_xe_du_lich_danang/geely_coolray_flagship_2025/p/g/2025/10/08/14/BsU9hiE8YWiRNkxwkLRGDQ.jpg,downloaded_images\cars\geely-coolray-flagship-2025__1779543499-209\02.jpg,downloaded
1779543499-209,GEELY COOLRAY FLAGSHIP 2025,car,https://n1-pstg.mioto.vn/cho_thue_xe_o_to_tu_lai_thue_xe_du_lich_danang/geely_coolray_flagship_2025/p/g/2025/10/08/14/S5zB7iq3oE9CEIi-3HC75Q.jpg,downloaded_images\cars\geely-coolray-flagship-2025__1779543499-209\03.jpg,downloaded
1779543499-209,GEELY COOLRAY FLAGSHIP 2025,car,https://n1-pstg.mioto.vn/cho_thue_xe_o_to_tu_lai_thue_xe_du_lich_danang/geely_coolray_flagship_2025/p/g/2025/10/08/14/gW90M82x7aa5v5tLyw-HXw.jpg,downloaded_images\cars\geely-coolray-flagship-2025__1779543499-209\04.jpg,downloaded
1779543499-209,GEELY COOLRAY FLAGSHIP 2025,car,https://n1-pstg.mioto.vn/cho_thue_xe_o_to_tu_lai_thue_xe_du_lich_danang/geely_coolray_flagship_2025/p/g/2025/10/08/14/RULNq03CV9s22LkixqZiAQ.jpg,downloaded_images\cars\geely-coolray-flagship-2025__1779543499-209\05.jpg,downloaded
1779543499-209,GEELY COOLRAY FLAGSHIP 2025,owner_avatar,https://n1-cstg.mioto.vn/m/avatars/avatar-5.png,downloaded_images\owner_avatars\1779543499-209.png,downloaded
1779543499-210,HYUNDAI AVANTE 2013,car,https://n1-pstg.mioto.vn/cho_thue_xe_o_to_tu_lai_thue_xe_du_lich_danang/hyundai_avante_2013/p/g/2026/02/27/08/xNv5bFq89QPwqHhexV_iFg.jpg,downloaded_images\cars\hyundai-avante-2013__1779543499-210\01.jpg,downloaded
1779543499-210,HYUNDAI AVANTE 2013,car,https://n1-pstg.mioto.vn/cho_thue_xe_o_to_tu_lai_thue_xe_du_lich_danang/hyundai_avante_2013/p/g/2026/03/22/16/lZyeDLqVnfhWJ-ls4P-pVA.jpg,downloaded_images\cars\hyundai-avante-2013__1779543499-210\02.jpg,downloaded
1779543499-210,HYUNDAI AVANTE 2013,car,https://n1-pstg.mioto.vn/cho_thue_xe_o_to_tu_lai_thue_xe_du_lich_danang/hyundai_avante_2013/p/g/2026/02/25/15/n4KfhgM8Qm8E1aUlpHa01g.jpg,downloaded_images\cars\hyundai-avante-2013__1779543499-210\03.jpg,downloaded
1779543499-210,HYUNDAI AVANTE 2013,car,https://n1-pstg.mioto.vn/cho_thue_xe_o_to_tu_lai_thue_xe_du_lich_danang/hyundai_avante_2013/p/g/2026/03/22/14/Jzpw2CLH37aFWBKoGOQM_A.jpg,downloaded_images\cars\hyundai-avante-2013__1779543499-210\04.jpg,downloaded
1779543499-210,HYUNDAI AVANTE 2013,car,https://n1-pstg.mioto.vn/cho_thue_xe_o_to_tu_lai_thue_xe_du_lich_danang/hyundai_avante_2013/p/g/2026/04/11/08/j1j8Q7xevC1pz_lZdF5Cig.jpg,downloaded_images\cars\hyundai-avante-2013__1779543499-210\05.jpg,downloaded
1779543499-210,HYUNDAI AVANTE 2013,owner_avatar,https://n1-astg.mioto.vn/g/2026/02/04/08/M0OrUgC8AdzE8tqdYpMtNQ.jpg,downloaded_images\owner_avatars\1779543499-210.jpg,downloaded
1779543499-211,VINFAST VF3 2025,car,https://n1-pstg.mioto.vn/cho_thue_xe_o_to_tu_lai_thue_xe_du_lich_danang/vinfast_vf3_2025/p/g/2025/10/20/10/UBWqN7A9Mwv59xrS5byX-A.jpg,downloaded_images\cars\vinfast-vf3-2025__1779543499-211\01.jpg,downloaded
1779543499-211,VINFAST VF3 2025,car,https://n1-pstg.mioto.vn/cho_thue_xe_o_to_tu_lai_thue_xe_du_lich_danang/vinfast_vf3_2025/p/g/2025/11/24/10/SIJAwDDgpuirhwZsT97wqw.jpg,downloaded_images\cars\vinfast-vf3-2025__1779543499-211\02.jpg,downloaded
1779543499-211,VINFAST VF3 2025,car,https://n1-pstg.mioto.vn/cho_thue_xe_o_to_tu_lai_thue_xe_du_lich_danang/vinfast_vf3_2025/p/g/2025/11/24/10/RaAZC-oYPH3Xe9DlN1lTjA.jpg,downloaded_images\cars\vinfast-vf3-2025__1779543499-211\03.jpg,downloaded
1779543499-211,VINFAST VF3 2025,car,https://n1-pstg.mioto.vn/cho_thue_xe_o_to_tu_lai_thue_xe_du_lich_danang/vinfast_vf3_2025/p/g/2025/11/24/10/sPnKhV9OP7a9X0QHowpQVA.jpg,downloaded_images\cars\vinfast-vf3-2025__1779543499-211\04.jpg,downloaded
1779543499-211,VINFAST VF3 2025,car,https://n1-pstg.mioto.vn/cho_thue_xe_o_to_tu_lai_thue_xe_du_lich_danang/vinfast_vf3_2025/p/g/2025/11/24/10/rLpJk-bNsbmXFOlCqJRsdw.jpg,downloaded_images\cars\vinfast-vf3-2025__1779543499-211\05.jpg,downloaded
1779543499-211,VINFAST VF3 2025,owner_avatar,https://n1-cstg.mioto.vn/m/avatars/avatar-2.png,downloaded_images\owner_avatars\1779543499-211.png,downloaded
1779543499-212,VINFAST VF3 2025,car,https://n1-pstg.mioto.vn/cho_thue_xe_o_to_tu_lai_thue_xe_du_lich_danang/vinfast_vf3_2025/p/g/2026/04/18/10/9s1DJ5CpXIC1fB_9DM9rXA.jpg,downloaded_images\cars\vinfast-vf3-2025__1779543499-212\01.jpg,downloaded
1779543499-212,VINFAST VF3 2025,car,https://n1-pstg.mioto.vn/cho_thue_xe_o_to_tu_lai_thue_xe_du_lich_danang/vinfast_vf3_2025/p/g/2026/04/18/10/KlPEOU9KJiJ_VCDwKChwtA.jpg,downloaded_images\cars\vinfast-vf3-2025__1779543499-212\02.jpg,downloaded
1779543499-212,VINFAST VF3 2025,car,https://n1-pstg.mioto.vn/cho_thue_xe_o_to_tu_lai_thue_xe_du_lich_danang/vinfast_vf3_2025/p/g/2026/04/18/10/7zNW43Q9t6rl4imTjVMRWw.jpg,downloaded_images\cars\vinfast-vf3-2025__1779543499-212\03.jpg,downloaded
1779543499-212,VINFAST VF3 2025,car,https://n1-pstg.mioto.vn/cho_thue_xe_o_to_tu_lai_thue_xe_du_lich_danang/vinfast_vf3_2025/p/g/2026/04/18/10/u8zzdPLHaXoLlHfF4uVrbg.jpg,downloaded_images\cars\vinfast-vf3-2025__1779543499-212\04.jpg,downloaded
1779543499-212,VINFAST VF3 2025,owner_avatar,https://n1-astg.mioto.vn/g/2026/04/18/10/fN5oEfiDqiOYaWk4vKrl8w.jpg,downloaded_images\owner_avatars\1779543499-212.jpg,downloaded
1779543499-213,VINFAST VF6 PLUS 2026,car,https://n1-pstg.mioto.vn/cho_thue_xe_o_to_tu_lai_thue_xe_du_lich_danang/vinfast_vf6_plus_2026/p/g/2026/03/20/14/mvVDevsRPLuZ5PJQQFowLw.jpg,downloaded_images\cars\vinfast-vf6-plus-2026__1779543499-213\01.jpg,downloaded
1779543499-213,VINFAST VF6 PLUS 2026,car,https://n1-pstg.mioto.vn/cho_thue_xe_o_to_tu_lai_thue_xe_du_lich_danang/vinfast_vf6_plus_2026/p/g/2026/03/20/14/Ixq8ImT6u0jJp-h68pAxig.jpg,downloaded_images\cars\vinfast-vf6-plus-2026__1779543499-213\02.jpg,downloaded
1779543499-213,VINFAST VF6 PLUS 2026,car,https://n1-pstg.mioto.vn/cho_thue_xe_o_to_tu_lai_thue_xe_du_lich_danang/vinfast_vf6_plus_2026/p/g/2026/03/20/14/fUNfPjU-L2SMEcuSU0s2GQ.jpg,downloaded_images\cars\vinfast-vf6-plus-2026__1779543499-213\03.jpg,downloaded
1779543499-213,VINFAST VF6 PLUS 2026,car,https://n1-pstg.mioto.vn/cho_thue_xe_o_to_tu_lai_thue_xe_du_lich_danang/vinfast_vf6_plus_2026/p/g/2026/03/20/14/fW8A0cJCAuRfJ9CEQCpVNQ.jpg,downloaded_images\cars\vinfast-vf6-plus-2026__1779543499-213\04.jpg,downloaded
1779543499-213,VINFAST VF6 PLUS 2026,car,https://n1-pstg.mioto.vn/cho_thue_xe_o_to_tu_lai_thue_xe_du_lich_danang/vinfast_vf6_plus_2026/p/g/2026/03/23/14/z29L4jErm4u98u655G8PQw.jpg,downloaded_images\cars\vinfast-vf6-plus-2026__1779543499-213\05.jpg,downloaded
1779543499-213,VINFAST VF6 PLUS 2026,owner_avatar,https://n1-astg.mioto.vn/g/2026/03/20/19/mnQ_AiGFY32oLTy1aLwJCA.jpg,downloaded_images\owner_avatars\1779543499-213.jpg,downloaded
1779543499-214,KIA CARNIVAL PREMIUM 2024,car,https://n1-pstg.mioto.vn/cho_thue_xe_o_to_tu_lai_thue_xe_du_lich_danang/kia_carnival_premium_2024/p/g/2026/02/29/12/SFeirRBfBJoA3NsWpRpJrA.jpg,downloaded_images\cars\kia-carnival-premium-2024__1779543499-214\01.jpg,downloaded
1779543499-214,KIA CARNIVAL PREMIUM 2024,car,https://n1-pstg.mioto.vn/cho_thue_xe_o_to_tu_lai_thue_xe_du_lich_danang/kia_carnival_premium_2024/p/g/2026/02/29/12/3bLDqyzG847_9bY4gJCdIQ.jpg,downloaded_images\cars\kia-carnival-premium-2024__1779543499-214\02.jpg,downloaded
1779543499-214,KIA CARNIVAL PREMIUM 2024,car,https://n1-pstg.mioto.vn/cho_thue_xe_o_to_tu_lai_thue_xe_du_lich_danang/kia_carnival_premium_2024/p/g/2026/02/29/12/PlmnYEVPSNyKrhA35yhg4A.jpg,downloaded_images\cars\kia-carnival-premium-2024__1779543499-214\03.jpg,downloaded
1779543499-214,KIA CARNIVAL PREMIUM 2024,car,https://n1-pstg.mioto.vn/cho_thue_xe_o_to_tu_lai_thue_xe_du_lich_danang/kia_carnival_premium_2024/p/g/2026/02/29/12/uiENsmXYDrWeRdr_2HtGYw.jpg,downloaded_images\cars\kia-carnival-premium-2024__1779543499-214\04.jpg,downloaded
1779543499-214,KIA CARNIVAL PREMIUM 2024,car,https://n1-pstg.mioto.vn/cho_thue_xe_o_to_tu_lai_thue_xe_du_lich_danang/kia_carnival_premium_2024/p/g/2026/02/31/12/UEWeTvvy2P697EkaQWCxWQ.jpg,downloaded_images\cars\kia-carnival-premium-2024__1779543499-214\05.jpg,downloaded
1779543499-214,KIA CARNIVAL PREMIUM 2024,car,https://n1-pstg.mioto.vn/cho_thue_xe_o_to_tu_lai_thue_xe_du_lich_danang/kia_carnival_premium_2024/p/g/2026/02/29/12/nxZf57OU9kRT7KAvDD2xpQ.jpg,downloaded_images\cars\kia-carnival-premium-2024__1779543499-214\06.jpg,downloaded
1779543499-214,KIA CARNIVAL PREMIUM 2024,car,https://n1-pstg.mioto.vn/cho_thue_xe_o_to_tu_lai_thue_xe_du_lich_danang/kia_carnival_premium_2024/p/g/2026/02/31/12/fZGPWwgdI8_1wezsv-cx_Q.jpg,downloaded_images\cars\kia-carnival-premium-2024__1779543499-214\07.jpg,downloaded
1779543499-214,KIA CARNIVAL PREMIUM 2024,owner_avatar,https://n1-cstg.mioto.vn/m/avatars/avatar-1.png,downloaded_images\owner_avatars\1779543499-214.png,downloaded
1779543499-215,VINFAST VF6 PLUS 2025,car,https://n1-pstg.mioto.vn/cho_thue_xe_o_to_tu_lai_thue_xe_du_lich_danang/vinfast_vf6_plus_2025/p/g/2026/02/03/09/ITwZreXI0zgcCT2sYbsBjw.jpg,downloaded_images\cars\vinfast-vf6-plus-2025__1779543499-215\01.jpg,downloaded
1779543499-215,VINFAST VF6 PLUS 2025,car,https://n1-pstg.mioto.vn/cho_thue_xe_o_to_tu_lai_thue_xe_du_lich_danang/vinfast_vf6_plus_2025/p/g/2026/02/03/09/lTBvSZAUYG1sNGbtpw74lQ.jpg,downloaded_images\cars\vinfast-vf6-plus-2025__1779543499-215\02.jpg,downloaded
1779543499-215,VINFAST VF6 PLUS 2025,car,https://n1-pstg.mioto.vn/cho_thue_xe_o_to_tu_lai_thue_xe_du_lich_danang/vinfast_vf6_plus_2025/p/g/2026/02/03/09/7fyyEojBwlcA5msQV3rn-w.jpg,downloaded_images\cars\vinfast-vf6-plus-2025__1779543499-215\03.jpg,downloaded
1779543499-215,VINFAST VF6 PLUS 2025,car,https://n1-pstg.mioto.vn/cho_thue_xe_o_to_tu_lai_thue_xe_du_lich_danang/vinfast_vf6_plus_2025/p/g/2026/02/03/09/FwHOYsdm98j6p39Ye7T_qA.jpg,downloaded_images\cars\vinfast-vf6-plus-2025__1779543499-215\04.jpg,downloaded
1779543499-215,VINFAST VF6 PLUS 2025,car,https://n1-pstg.mioto.vn/cho_thue_xe_o_to_tu_lai_thue_xe_du_lich_danang/vinfast_vf6_plus_2025/p/g/2026/02/03/09/saYDHh4LRVKlIZ9g6y6dig.jpg,downloaded_images\cars\vinfast-vf6-plus-2025__1779543499-215\05.jpg,downloaded
1779543499-215,VINFAST VF6 PLUS 2025,owner_avatar,https://n1-cstg.mioto.vn/m/avatars/avatar-2.png,downloaded_images\owner_avatars\1779543499-215.png,downloaded
1779543499-216,HONDA CITY RS 2021,car,https://n1-pstg.mioto.vn/cho_thue_xe_o_to_tu_lai_thue_xe_du_lich_danang/honda_city_rs_2021/p/g/2026/02/02/09/mqLUItKLzLNCeWfYTIUNyg.jpg,downloaded_images\cars\honda-city-rs-2021__1779543499-216\01.jpg,downloaded
1779543499-216,HONDA CITY RS 2021,car,https://n1-pstg.mioto.vn/cho_thue_xe_o_to_tu_lai_thue_xe_du_lich_danang/honda_city_rs_2021/p/g/2026/02/02/09/C4-015bjjxK5znVEAiYxAQ.jpg,downloaded_images\cars\honda-city-rs-2021__1779543499-216\02.jpg,downloaded
1779543499-216,HONDA CITY RS 2021,car,https://n1-pstg.mioto.vn/cho_thue_xe_o_to_tu_lai_thue_xe_du_lich_danang/honda_city_rs_2021/p/g/2026/02/02/09/AFFIEvOaKL8lduS2vAj2rA.jpg,downloaded_images\cars\honda-city-rs-2021__1779543499-216\03.jpg,downloaded
1779543499-216,HONDA CITY RS 2021,car,https://n1-pstg.mioto.vn/cho_thue_xe_o_to_tu_lai_thue_xe_du_lich_danang/honda_city_rs_2021/p/g/2026/02/02/09/zQYuWokFwbo4GXpU68k59A.jpg,downloaded_images\cars\honda-city-rs-2021__1779543499-216\04.jpg,downloaded
1779543499-216,HONDA CITY RS 2021,car,https://n1-pstg.mioto.vn/cho_thue_xe_o_to_tu_lai_thue_xe_du_lich_danang/honda_city_rs_2021/p/g/2026/02/02/09/v6nlIpTy9pJMQoBYxVoqyw.jpg,downloaded_images\cars\honda-city-rs-2021__1779543499-216\05.jpg,downloaded
1779543499-216,HONDA CITY RS 2021,owner_avatar,https://n1-cstg.mioto.vn/m/avatars/avatar-1.png,downloaded_images\owner_avatars\1779543499-216.png,downloaded
1779543499-217,VINFAST VF3 2025,car,https://n1-pstg.mioto.vn/cho_thue_xe_o_to_tu_lai_thue_xe_du_lich_danang/vinfast_vf3_2025/p/g/2026/02/15/21/m5Mr42N4ip7FevpYH2_ISg.jpg,downloaded_images\cars\vinfast-vf3-2025__1779543499-217\01.jpg,downloaded
1779543499-217,VINFAST VF3 2025,car,https://n1-pstg.mioto.vn/cho_thue_xe_o_to_tu_lai_thue_xe_du_lich_danang/vinfast_vf3_2025/p/g/2026/02/15/21/NV9mSR32jGBc8lprLuGgxA.jpg,downloaded_images\cars\vinfast-vf3-2025__1779543499-217\02.jpg,downloaded
1779543499-217,VINFAST VF3 2025,car,https://n1-pstg.mioto.vn/cho_thue_xe_o_to_tu_lai_thue_xe_du_lich_danang/vinfast_vf3_2025/p/g/2026/02/15/21/amCIx2N_9QLrANkdNpasQw.jpg,downloaded_images\cars\vinfast-vf3-2025__1779543499-217\03.jpg,downloaded
1779543499-217,VINFAST VF3 2025,car,https://n1-pstg.mioto.vn/cho_thue_xe_o_to_tu_lai_thue_xe_du_lich_danang/vinfast_vf3_2025/p/g/2026/02/15/21/SSYR9ztxT8XQ9mEBHE45Ng.jpg,downloaded_images\cars\vinfast-vf3-2025__1779543499-217\04.jpg,downloaded
1779543499-217,VINFAST VF3 2025,owner_avatar,https://n1-astg.mioto.vn/g/2026/02/15/22/OuG4UjNIFJ6b-6YVQECfIQ.jpg,downloaded_images\owner_avatars\1779543499-217.jpg,downloaded
1779543499-218,VINFAST VF6 ECO 2024,car,https://n1-pstg.mioto.vn/cho_thue_xe_o_to_tu_lai_thue_xe_du_lich_danang/vinfast_vf6_eco_2024/p/g/2026/02/06/22/YCAKbZQnNvJXMaNNHJr59A.jpg,downloaded_images\cars\vinfast-vf6-eco-2024__1779543499-218\01.jpg,downloaded
1779543499-218,VINFAST VF6 ECO 2024,car,https://n1-pstg.mioto.vn/cho_thue_xe_o_to_tu_lai_thue_xe_du_lich_danang/vinfast_vf6_eco_2024/p/g/2026/02/06/22/6dAWttuR7Y5lZVLbRVRUpA.jpg,downloaded_images\cars\vinfast-vf6-eco-2024__1779543499-218\02.jpg,downloaded
1779543499-218,VINFAST VF6 ECO 2024,car,https://n1-pstg.mioto.vn/cho_thue_xe_o_to_tu_lai_thue_xe_du_lich_danang/vinfast_vf6_eco_2024/p/g/2026/02/06/22/edmnpkSIv4Z1YXrX1WTV_g.jpg,downloaded_images\cars\vinfast-vf6-eco-2024__1779543499-218\03.jpg,downloaded
1779543499-218,VINFAST VF6 ECO 2024,car,https://n1-pstg.mioto.vn/cho_thue_xe_o_to_tu_lai_thue_xe_du_lich_danang/vinfast_vf6_eco_2024/p/g/2026/02/06/22/7DOca_SJ8_nItOzSa5TMIA.jpg,downloaded_images\cars\vinfast-vf6-eco-2024__1779543499-218\04.jpg,downloaded
1779543499-218,VINFAST VF6 ECO 2024,car,https://n1-pstg.mioto.vn/cho_thue_xe_o_to_tu_lai_thue_xe_du_lich_danang/vinfast_vf6_eco_2024/p/g/2026/02/06/22/BLZ2UC4qH056jMLLBLu6Gw.jpg,downloaded_images\cars\vinfast-vf6-eco-2024__1779543499-218\05.jpg,downloaded
1779543499-218,VINFAST VF6 ECO 2024,owner_avatar,https://n1-astg.mioto.vn/g/2026/02/06/10/iGQIlHzPVLANZWKnxySQ8Q.jpg,downloaded_images\owner_avatars\1779543499-218.jpg,downloaded
1779543499-219,VINFAST VF3 2025,car,https://n1-pstg.mioto.vn/cho_thue_xe_o_to_tu_lai_thue_xe_du_lich_danang/vinfast_vf3_2025/p/g/2026/01/12/13/SqNWKP2G-of6AatYJhP16g.jpg,downloaded_images\cars\vinfast-vf3-2025__1779543499-219\01.jpg,downloaded
1779543499-219,VINFAST VF3 2025,car,https://n1-pstg.mioto.vn/cho_thue_xe_o_to_tu_lai_thue_xe_du_lich_danang/vinfast_vf3_2025/p/g/2026/01/12/13/IReVYHQyaS2JHFtiLpmyyw.jpg,downloaded_images\cars\vinfast-vf3-2025__1779543499-219\02.jpg,downloaded
1779543499-219,VINFAST VF3 2025,car,https://n1-pstg.mioto.vn/cho_thue_xe_o_to_tu_lai_thue_xe_du_lich_danang/vinfast_vf3_2025/p/g/2026/01/12/13/iPcxOKO3y6pWizvQ_APjCw.jpg,downloaded_images\cars\vinfast-vf3-2025__1779543499-219\03.jpg,downloaded
1779543499-219,VINFAST VF3 2025,car,https://n1-pstg.mioto.vn/cho_thue_xe_o_to_tu_lai_thue_xe_du_lich_danang/vinfast_vf3_2025/p/g/2026/01/12/13/99GHcVGpInRNHZAd5_zpjQ.jpg,downloaded_images\cars\vinfast-vf3-2025__1779543499-219\04.jpg,downloaded
1779543499-219,VINFAST VF3 2025,car,https://n1-pstg.mioto.vn/cho_thue_xe_o_to_tu_lai_thue_xe_du_lich_danang/vinfast_vf3_2025/p/g/2026/01/12/13/CW9106_8QW8yBkjALrCq0g.jpg,downloaded_images\cars\vinfast-vf3-2025__1779543499-219\05.jpg,downloaded
1779543499-219,VINFAST VF3 2025,owner_avatar,https://n1-cstg.mioto.vn/m/avatars/avatar-1.png,downloaded_images\owner_avatars\1779543499-219.png,downloaded
1779543499-220,HYUNDAI TUCSON PREMIUM 2016,car,https://n1-pstg.mioto.vn/cho_thue_xe_o_to_tu_lai_thue_xe_du_lich_danang/hyundai_tucson_premium_2016/p/g/2026/03/29/18/bEiYbN1ASxnQJPUBivPNSg.jpg,downloaded_images\cars\hyundai-tucson-premium-2016__1779543499-220\01.jpg,downloaded
1779543499-220,HYUNDAI TUCSON PREMIUM 2016,car,https://n1-pstg.mioto.vn/cho_thue_xe_o_to_tu_lai_thue_xe_du_lich_danang/hyundai_tucson_premium_2016/p/g/2026/03/29/18/HN6yqKD6CEdJ1MlY8n0rNw.jpg,downloaded_images\cars\hyundai-tucson-premium-2016__1779543499-220\02.jpg,downloaded
1779543499-220,HYUNDAI TUCSON PREMIUM 2016,car,https://n1-pstg.mioto.vn/cho_thue_xe_o_to_tu_lai_thue_xe_du_lich_danang/hyundai_tucson_premium_2016/p/g/2026/03/29/18/V_5beYyePOIQdzaflLq6cw.jpg,downloaded_images\cars\hyundai-tucson-premium-2016__1779543499-220\03.jpg,downloaded
1779543499-220,HYUNDAI TUCSON PREMIUM 2016,car,https://n1-pstg.mioto.vn/cho_thue_xe_o_to_tu_lai_thue_xe_du_lich_danang/hyundai_tucson_premium_2016/p/g/2026/03/29/18/jE91T6ffxJuPwpo8ubx88A.jpg,downloaded_images\cars\hyundai-tucson-premium-2016__1779543499-220\04.jpg,downloaded
1779543499-220,HYUNDAI TUCSON PREMIUM 2016,owner_avatar,https://n1-cstg.mioto.vn/m/avatars/avatar-3.png,downloaded_images\owner_avatars\1779543499-220.png,downloaded
1779543499-221,VINFAST VF3 2025,car,https://n1-pstg.mioto.vn/cho_thue_xe_o_to_tu_lai_thue_xe_du_lich_danang/vinfast_vf3_2025/p/g/2025/02/19/15/1yP1BRMA7dp2fBHNJ3bXjQ.jpg,downloaded_images\cars\vinfast-vf3-2025__1779543499-221\01.jpg,downloaded
1779543499-221,VINFAST VF3 2025,car,https://n1-pstg.mioto.vn/cho_thue_xe_o_to_tu_lai_thue_xe_du_lich_danang/vinfast_vf3_2025/p/g/2025/02/19/15/aC8usm1ie_GUEZRLM4e-9g.jpg,downloaded_images\cars\vinfast-vf3-2025__1779543499-221\02.jpg,downloaded
1779543499-221,VINFAST VF3 2025,car,https://n1-pstg.mioto.vn/cho_thue_xe_o_to_tu_lai_thue_xe_du_lich_danang/vinfast_vf3_2025/p/g/2025/02/19/15/VmBgGQbWUxIlQ9AuqIMCTg.jpg,downloaded_images\cars\vinfast-vf3-2025__1779543499-221\03.jpg,downloaded
1779543499-221,VINFAST VF3 2025,car,https://n1-pstg.mioto.vn/cho_thue_xe_o_to_tu_lai_thue_xe_du_lich_danang/vinfast_vf3_2025/p/g/2025/02/19/15/aqNKCi1Lp0WW1u-UgSGrAw.jpg,downloaded_images\cars\vinfast-vf3-2025__1779543499-221\04.jpg,downloaded
1779543499-221,VINFAST VF3 2025,car,https://n1-pstg.mioto.vn/cho_thue_xe_o_to_tu_lai_thue_xe_du_lich_danang/vinfast_vf3_2025/p/g/2025/02/19/15/xkgHXr1NDQVUcCLxa-MkFw.jpg,downloaded_images\cars\vinfast-vf3-2025__1779543499-221\05.jpg,downloaded
1779543499-221,VINFAST VF3 2025,owner_avatar,https://n1-cstg.mioto.vn/m/avatars/avatar-2.png,downloaded_images\owner_avatars\1779543499-221.png,downloaded
1779543499-222,VINFAST VF5 2024,car,https://n1-pstg.mioto.vn/cho_thue_xe_o_to_tu_lai_thue_xe_du_lich_danang/vinfast_vf5_2024/p/g/2024/09/19/14/o-V02qs7cJIeOTkq7DNj_g.jpg,downloaded_images\cars\vinfast-vf5-2024__1779543499-222\01.jpg,downloaded
1779543499-222,VINFAST VF5 2024,car,https://n1-pstg.mioto.vn/cho_thue_xe_o_to_tu_lai_thue_xe_du_lich_danang/vinfast_vf5_2024/p/g/2024/09/19/14/fcElL8xBBoX-EACOBKOYfg.jpg,downloaded_images\cars\vinfast-vf5-2024__1779543499-222\02.jpg,downloaded
1779543499-222,VINFAST VF5 2024,car,https://n1-pstg.mioto.vn/cho_thue_xe_o_to_tu_lai_thue_xe_du_lich_danang/vinfast_vf5_2024/p/g/2024/09/19/14/hLyL-oSoodwgjh9nPgMOOg.jpg,downloaded_images\cars\vinfast-vf5-2024__1779543499-222\03.jpg,downloaded
1779543499-222,VINFAST VF5 2024,car,https://n1-pstg.mioto.vn/cho_thue_xe_o_to_tu_lai_thue_xe_du_lich_danang/vinfast_vf5_2024/p/g/2024/09/19/14/rD0-b1Aun2Td8X1v6GOI3g.jpg,downloaded_images\cars\vinfast-vf5-2024__1779543499-222\04.jpg,downloaded
1779543499-222,VINFAST VF5 2024,car,https://n1-pstg.mioto.vn/cho_thue_xe_o_to_tu_lai_thue_xe_du_lich_danang/vinfast_vf5_2024/p/g/2024/09/19/14/SCAQXLDS4jDdA9rtwJdK9w.jpg,downloaded_images\cars\vinfast-vf5-2024__1779543499-222\05.jpg,downloaded
1779543499-222,VINFAST VF5 2024,owner_avatar,https://n1-cstg.mioto.vn/m/avatars/avatar-3.png,downloaded_images\owner_avatars\1779543499-222.png,downloaded
1779543499-223,VINFAST VF7 PLUS 2025,car,https://n1-pstg.mioto.vn/cho_thue_xe_o_to_tu_lai_thue_xe_du_lich_danang/vinfast_vf7_plus_2025/p/g/2026/03/21/12/ykROThg0FWVIu-w5XHz_Ew.jpg,downloaded_images\cars\vinfast-vf7-plus-2025__1779543499-223\01.jpg,downloaded
1779543499-223,VINFAST VF7 PLUS 2025,car,https://n1-pstg.mioto.vn/cho_thue_xe_o_to_tu_lai_thue_xe_du_lich_danang/vinfast_vf7_plus_2025/p/g/2026/03/21/12/3UxDSJUtnXB30-ty9dVblw.jpg,downloaded_images\cars\vinfast-vf7-plus-2025__1779543499-223\02.jpg,downloaded
1779543499-223,VINFAST VF7 PLUS 2025,car,https://n1-pstg.mioto.vn/cho_thue_xe_o_to_tu_lai_thue_xe_du_lich_danang/vinfast_vf7_plus_2025/p/g/2026/03/21/12/Uiu-dLPdjYSgKaMgt5StrA.jpg,downloaded_images\cars\vinfast-vf7-plus-2025__1779543499-223\03.jpg,downloaded
1779543499-223,VINFAST VF7 PLUS 2025,car,https://n1-pstg.mioto.vn/cho_thue_xe_o_to_tu_lai_thue_xe_du_lich_danang/vinfast_vf7_plus_2025/p/g/2026/03/21/12/66uFnyqsVnwEOy41XBI_fA.jpg,downloaded_images\cars\vinfast-vf7-plus-2025__1779543499-223\04.jpg,downloaded
1779543499-223,VINFAST VF7 PLUS 2025,car,https://n1-pstg.mioto.vn/cho_thue_xe_o_to_tu_lai_thue_xe_du_lich_danang/vinfast_vf7_plus_2025/p/g/2026/03/21/12/1rgX07YdA6dT_HbAGoB3IQ.jpg,downloaded_images\cars\vinfast-vf7-plus-2025__1779543499-223\05.jpg,downloaded
1779543499-223,VINFAST VF7 PLUS 2025,owner_avatar,https://n1-cstg.mioto.vn/m/avatars/avatar-3.png,downloaded_images\owner_avatars\1779543499-223.png,downloaded
1779543499-224,KIA CARENS LUXURY 2025,car,https://n1-pstg.mioto.vn/cho_thue_xe_o_to_tu_lai_thue_xe_du_lich_danang/kia_carens_luxury_2025/p/g/2026/01/06/02/ISNzQ3ChmgOj-i2h9MLimw.jpg,downloaded_images\cars\kia-carens-luxury-2025__1779543499-224\01.jpg,downloaded
1779543499-224,KIA CARENS LUXURY 2025,car,https://n1-pstg.mioto.vn/cho_thue_xe_o_to_tu_lai_thue_xe_du_lich_danang/kia_carens_luxury_2025/p/g/2026/01/06/02/o6zV2ZkPqf2i1SmRE4GarQ.jpg,downloaded_images\cars\kia-carens-luxury-2025__1779543499-224\02.jpg,downloaded
1779543499-224,KIA CARENS LUXURY 2025,car,https://n1-pstg.mioto.vn/cho_thue_xe_o_to_tu_lai_thue_xe_du_lich_danang/kia_carens_luxury_2025/p/g/2026/01/06/02/m8w82zOQ6iizaJXFjhFhMw.jpg,downloaded_images\cars\kia-carens-luxury-2025__1779543499-224\03.jpg,downloaded
1779543499-224,KIA CARENS LUXURY 2025,car,https://n1-pstg.mioto.vn/cho_thue_xe_o_to_tu_lai_thue_xe_du_lich_danang/kia_carens_luxury_2025/p/g/2026/01/06/02/g5cEkMT57nGbYtaIMCR8uA.jpg,downloaded_images\cars\kia-carens-luxury-2025__1779543499-224\04.jpg,downloaded
1779543499-224,KIA CARENS LUXURY 2025,car,https://n1-pstg.mioto.vn/cho_thue_xe_o_to_tu_lai_thue_xe_du_lich_danang/kia_carens_luxury_2025/p/g/2026/01/06/02/X_rOOMAMZ7mX51_RkcIRUA.jpg,downloaded_images\cars\kia-carens-luxury-2025__1779543499-224\05.jpg,downloaded
1779543499-224,KIA CARENS LUXURY 2025,owner_avatar,https://n1-cstg.mioto.vn/m/avatars/avatar-1.png,downloaded_images\owner_avatars\1779543499-224.png,downloaded
1779543499-225,VINFAST MINIO GREEN 2026,car,https://n1-pstg.mioto.vn/cho_thue_xe_o_to_tu_lai_thue_xe_du_lich_danang/vinfast_minio_green_2026/p/g/2026/03/08/17/Dj5eafVHEPJgR_5LXJtTEA.jpg,downloaded_images\cars\vinfast-minio-green-2026__1779543499-225\01.jpg,downloaded
1779543499-225,VINFAST MINIO GREEN 2026,car,https://n1-pstg.mioto.vn/cho_thue_xe_o_to_tu_lai_thue_xe_du_lich_danang/vinfast_minio_green_2026/p/g/2026/03/08/17/ulOTIRq6rb6dBcGXwzKw-w.jpg,downloaded_images\cars\vinfast-minio-green-2026__1779543499-225\02.jpg,downloaded
1779543499-225,VINFAST MINIO GREEN 2026,car,https://n1-pstg.mioto.vn/cho_thue_xe_o_to_tu_lai_thue_xe_du_lich_danang/vinfast_minio_green_2026/p/g/2026/03/08/17/_VSjpRon9mOujcMAlC_hkw.jpg,downloaded_images\cars\vinfast-minio-green-2026__1779543499-225\03.jpg,downloaded
1779543499-225,VINFAST MINIO GREEN 2026,car,https://n1-pstg.mioto.vn/cho_thue_xe_o_to_tu_lai_thue_xe_du_lich_danang/vinfast_minio_green_2026/p/g/2026/03/08/17/whg69JJHFpbxaYSyBOZb7Q.jpg,downloaded_images\cars\vinfast-minio-green-2026__1779543499-225\04.jpg,downloaded
1779543499-225,VINFAST MINIO GREEN 2026,car,https://n1-pstg.mioto.vn/cho_thue_xe_o_to_tu_lai_thue_xe_du_lich_danang/vinfast_minio_green_2026/p/g/2026/03/08/17/RhE02fo1mQoUCXKOdjOinQ.jpg,downloaded_images\cars\vinfast-minio-green-2026__1779543499-225\05.jpg,downloaded
1779543499-225,VINFAST MINIO GREEN 2026,owner_avatar,https://n1-astg.mioto.vn/g/2026/00/16/15/dIglc5XwJ2n0lsZFR2Pwlw.jpg,downloaded_images\owner_avatars\1779543499-225.jpg,downloaded
1779543499-226,VINFAST VF3 2024,car,https://n1-pstg.mioto.vn/cho_thue_xe_o_to_tu_lai_thue_xe_du_lich_danang/vinfast_vf3_2024/p/g/2026/00/07/10/hEgS6FWwEkZ6ST3K5U7U9A.jpg,downloaded_images\cars\vinfast-vf3-2024__1779543499-226\01.jpg,downloaded
1779543499-226,VINFAST VF3 2024,car,https://n1-pstg.mioto.vn/cho_thue_xe_o_to_tu_lai_thue_xe_du_lich_danang/vinfast_vf3_2024/p/g/2026/00/07/10/8qxBV0I9cvV2DA3T-1X2Ig.jpg,downloaded_images\cars\vinfast-vf3-2024__1779543499-226\02.jpg,downloaded
1779543499-226,VINFAST VF3 2024,car,https://n1-pstg.mioto.vn/cho_thue_xe_o_to_tu_lai_thue_xe_du_lich_danang/vinfast_vf3_2024/p/g/2026/00/07/10/nq27MnKfU9PKtP-ZtGEFQQ.jpg,downloaded_images\cars\vinfast-vf3-2024__1779543499-226\03.jpg,downloaded
1779543499-226,VINFAST VF3 2024,car,https://n1-pstg.mioto.vn/cho_thue_xe_o_to_tu_lai_thue_xe_du_lich_danang/vinfast_vf3_2024/p/g/2026/00/07/10/DIpmcMaXvC286YJRuM1AMg.jpg,downloaded_images\cars\vinfast-vf3-2024__1779543499-226\04.jpg,downloaded
1779543499-226,VINFAST VF3 2024,car,https://n1-pstg.mioto.vn/cho_thue_xe_o_to_tu_lai_thue_xe_du_lich_danang/vinfast_vf3_2024/p/g/2026/00/09/20/q2Cyj-rbz6y5mrzmeOZF4A.jpg,downloaded_images\cars\vinfast-vf3-2024__1779543499-226\05.jpg,downloaded
1779543499-226,VINFAST VF3 2024,car,https://n1-pstg.mioto.vn/cho_thue_xe_o_to_tu_lai_thue_xe_du_lich_danang/vinfast_vf3_2024/p/g/2026/00/07/10/givqTwht76cDQtIi69PwzQ.jpg,downloaded_images\cars\vinfast-vf3-2024__1779543499-226\06.jpg,downloaded
1779543499-226,VINFAST VF3 2024,car,https://n1-pstg.mioto.vn/cho_thue_xe_o_to_tu_lai_thue_xe_du_lich_danang/vinfast_vf3_2024/p/g/2026/00/08/10/On1COgPwNkVskqzO1wnurg.jpg,downloaded_images\cars\vinfast-vf3-2024__1779543499-226\07.jpg,downloaded
1779543499-226,VINFAST VF3 2024,car,https://n1-pstg.mioto.vn/cho_thue_xe_o_to_tu_lai_thue_xe_du_lich_danang/vinfast_vf3_2024/p/g/2026/00/09/20/q85KgdcJhb8usJnIEivgzw.jpg,downloaded_images\cars\vinfast-vf3-2024__1779543499-226\08.jpg,downloaded
1779543499-226,VINFAST VF3 2024,owner_avatar,https://n1-astg.mioto.vn/g/2026/00/16/15/dIglc5XwJ2n0lsZFR2Pwlw.jpg,downloaded_images\owner_avatars\1779543499-226.jpg,downloaded
1779543499-227,KIA CERATO 2010,car,https://n1-pstg.mioto.vn/cho_thue_xe_o_to_tu_lai_thue_xe_du_lich_danang/kia_cerato_2010/p/g/2025/08/04/10/_A1FkEMW93liPShbvX7QmA.jpg,downloaded_images\cars\kia-cerato-2010__1779543499-227\01.jpg,downloaded
1779543499-227,KIA CERATO 2010,car,https://n1-pstg.mioto.vn/cho_thue_xe_o_to_tu_lai_thue_xe_du_lich_danang/kia_cerato_2010/p/g/2025/07/28/16/0Vsyg3K-TIfyZWeEM39zUQ.jpg,downloaded_images\cars\kia-cerato-2010__1779543499-227\02.jpg,downloaded
1779543499-227,KIA CERATO 2010,car,https://n1-pstg.mioto.vn/cho_thue_xe_o_to_tu_lai_thue_xe_du_lich_danang/kia_cerato_2010/p/g/2025/07/28/16/ExLccChiqa5Iv8ZR_efPUQ.jpg,downloaded_images\cars\kia-cerato-2010__1779543499-227\03.jpg,downloaded
1779543499-227,KIA CERATO 2010,car,https://n1-pstg.mioto.vn/cho_thue_xe_o_to_tu_lai_thue_xe_du_lich_danang/kia_cerato_2010/p/g/2025/07/28/16/fluwM1U_YK0XmQ7K7A6ncQ.jpg,downloaded_images\cars\kia-cerato-2010__1779543499-227\04.jpg,downloaded
1779543499-227,KIA CERATO 2010,car,https://n1-pstg.mioto.vn/cho_thue_xe_o_to_tu_lai_thue_xe_du_lich_danang/kia_cerato_2010/p/g/2025/07/28/16/HDMZnzaWyqIVY7pFSjQWOg.jpg,downloaded_images\cars\kia-cerato-2010__1779543499-227\05.jpg,downloaded
1779543499-227,KIA CERATO 2010,car,https://n1-pstg.mioto.vn/cho_thue_xe_o_to_tu_lai_thue_xe_du_lich_danang/kia_cerato_2010/p/g/2025/07/28/16/m4c9aZrDyH8h2PxUXTEeAQ.jpg,downloaded_images\cars\kia-cerato-2010__1779543499-227\06.jpg,downloaded
1779543499-227,KIA CERATO 2010,owner_avatar,https://n1-cstg.mioto.vn/m/avatars/avatar-5.png,downloaded_images\owner_avatars\1779543499-227.png,downloaded
1779543499-228,MITSUBISHI XPANDER 2023,car,https://n1-pstg.mioto.vn/cho_thue_xe_o_to_tu_lai_thue_xe_du_lich_danang/mitsubishi_xpander_2023/p/g/2026/04/05/23/QmnwxQoklP9IHWfzdv1kwQ.jpg,downloaded_images\cars\mitsubishi-xpander-2023__1779543499-228\01.jpg,downloaded
1779543499-228,MITSUBISHI XPANDER 2023,car,https://n1-pstg.mioto.vn/cho_thue_xe_o_to_tu_lai_thue_xe_du_lich_danang/mitsubishi_xpander_2023/p/g/2026/04/05/23/86-yWi9DkSnAkm2KaniitQ.jpg,downloaded_images\cars\mitsubishi-xpander-2023__1779543499-228\02.jpg,downloaded
1779543499-228,MITSUBISHI XPANDER 2023,car,https://n1-pstg.mioto.vn/cho_thue_xe_o_to_tu_lai_thue_xe_du_lich_danang/mitsubishi_xpander_2023/p/g/2026/04/05/23/6maTp7jaa2HjG8WbC7wx9g.jpg,downloaded_images\cars\mitsubishi-xpander-2023__1779543499-228\03.jpg,downloaded
1779543499-228,MITSUBISHI XPANDER 2023,car,https://n1-pstg.mioto.vn/cho_thue_xe_o_to_tu_lai_thue_xe_du_lich_danang/mitsubishi_xpander_2023/p/g/2026/04/05/23/DjRAsIVet6DKMhbo-hEg1g.jpg,downloaded_images\cars\mitsubishi-xpander-2023__1779543499-228\04.jpg,downloaded
1779543499-228,MITSUBISHI XPANDER 2023,car,https://n1-pstg.mioto.vn/cho_thue_xe_o_to_tu_lai_thue_xe_du_lich_danang/mitsubishi_xpander_2023/p/g/2026/04/05/23/oX58OGQTBmtBARBclQvfcg.jpg,downloaded_images\cars\mitsubishi-xpander-2023__1779543499-228\05.jpg,downloaded
1779543499-228,MITSUBISHI XPANDER 2023,owner_avatar,https://n1-astg.mioto.vn/g/2026/04/07/21/9Ddj3BFkYLB5cs1ZUCoycA.jpg,downloaded_images\owner_avatars\1779543499-228.jpg,downloaded
1779543499-229,VINFAST VF7 PLUS 2025,car,https://n1-pstg.mioto.vn/cho_thue_xe_o_to_tu_lai_thue_xe_du_lich_danang/vinfast_vf7_plus_2025/p/g/2026/04/20/22/sPhH5LQmmTjPTLBVp-Lm3w.jpg,downloaded_images\cars\vinfast-vf7-plus-2025__1779543499-229\01.jpg,downloaded
1779543499-229,VINFAST VF7 PLUS 2025,car,https://n1-pstg.mioto.vn/cho_thue_xe_o_to_tu_lai_thue_xe_du_lich_danang/vinfast_vf7_plus_2025/p/g/2026/04/20/22/WsquitP0-XO4ni7v2nziSQ.jpg,downloaded_images\cars\vinfast-vf7-plus-2025__1779543499-229\02.jpg,downloaded
1779543499-229,VINFAST VF7 PLUS 2025,car,https://n1-pstg.mioto.vn/cho_thue_xe_o_to_tu_lai_thue_xe_du_lich_danang/vinfast_vf7_plus_2025/p/g/2026/04/20/22/NvgLQ54IqsxJCgU7pxgnEA.jpg,downloaded_images\cars\vinfast-vf7-plus-2025__1779543499-229\03.jpg,downloaded
1779543499-229,VINFAST VF7 PLUS 2025,car,https://n1-pstg.mioto.vn/cho_thue_xe_o_to_tu_lai_thue_xe_du_lich_danang/vinfast_vf7_plus_2025/p/g/2026/04/22/17/Lvn4WnOkBVjfJlQ_gdsL-w.jpg,downloaded_images\cars\vinfast-vf7-plus-2025__1779543499-229\04.jpg,downloaded
1779543499-229,VINFAST VF7 PLUS 2025,car,https://n1-pstg.mioto.vn/cho_thue_xe_o_to_tu_lai_thue_xe_du_lich_danang/vinfast_vf7_plus_2025/p/g/2026/04/22/17/SdK_FGze5nlhJRCG-Ww2qw.jpg,downloaded_images\cars\vinfast-vf7-plus-2025__1779543499-229\05.jpg,downloaded
1779543499-229,VINFAST VF7 PLUS 2025,owner_avatar,https://n1-cstg.mioto.vn/m/avatars/avatar-3.png,downloaded_images\owner_avatars\1779543499-229.png,downloaded
1779543499-230,MG ZS LUXURY 2022,car,https://n1-pstg.mioto.vn/cho_thue_xe_o_to_tu_lai_thue_xe_du_lich_danang/mg_zs_luxury_2022/p/g/2024/09/29/19/GnsGmGCoJJDKt-O10w_iXw.jpg,downloaded_images\cars\mg-zs-luxury-2022__1779543499-230\01.jpg,downloaded
1779543499-230,MG ZS LUXURY 2022,car,https://n1-pstg.mioto.vn/cho_thue_xe_o_to_tu_lai_thue_xe_du_lich_danang/mg_zs_luxury_2022/p/g/2024/09/29/19/u8CmgkH4vbYAWE4mG9LiBQ.jpg,downloaded_images\cars\mg-zs-luxury-2022__1779543499-230\02.jpg,downloaded
1779543499-230,MG ZS LUXURY 2022,car,https://n1-pstg.mioto.vn/cho_thue_xe_o_to_tu_lai_thue_xe_du_lich_danang/mg_zs_luxury_2022/p/g/2024/09/29/19/Xef8eNYSmymjl1jbZRSXLw.jpg,downloaded_images\cars\mg-zs-luxury-2022__1779543499-230\03.jpg,downloaded
1779543499-230,MG ZS LUXURY 2022,car,https://n1-pstg.mioto.vn/cho_thue_xe_o_to_tu_lai_thue_xe_du_lich_danang/mg_zs_luxury_2022/p/g/2024/09/29/19/XYRtzONIRIRWGWfWlUNz0w.jpg,downloaded_images\cars\mg-zs-luxury-2022__1779543499-230\04.jpg,downloaded
1779543499-230,MG ZS LUXURY 2022,car,https://n1-pstg.mioto.vn/cho_thue_xe_o_to_tu_lai_thue_xe_du_lich_danang/mg_zs_luxury_2022/p/g/2024/09/29/19/7zYXV1sYQl2ROKG_Gdgqwg.jpg,downloaded_images\cars\mg-zs-luxury-2022__1779543499-230\05.jpg,downloaded
1779543499-230,MG ZS LUXURY 2022,owner_avatar,https://n1-cstg.mioto.vn/m/avatars/avatar-1.png,downloaded_images\owner_avatars\1779543499-230.png,downloaded
1779543499-231,HYUNDAI ACCENT 2024,car,https://n1-pstg.mioto.vn/cho_thue_xe_o_to_tu_lai_thue_xe_du_lich_danang/hyundai_accent_2024/p/g/2024/06/19/09/e3-swdKywANNRkiYC7T4tg.jpg,downloaded_images\cars\hyundai-accent-2024__1779543499-231\01.jpg,downloaded
1779543499-231,HYUNDAI ACCENT 2024,owner_avatar,https://n1-cstg.mioto.vn/m/avatars/avatar-1.png,downloaded_images\owner_avatars\1779543499-231.png,downloaded
1779543499-232,TOYOTA FORTUNER 2014,car,https://n1-pstg.mioto.vn/cho_thue_xe_o_to_tu_lai_thue_xe_du_lich_danang/toyota_fortuner_2014/p/g/2025/08/03/00/U2W_hEsSrpB29LUjH-gzqw.jpg,downloaded_images\cars\toyota-fortuner-2014__1779543499-232\01.jpg,downloaded
1779543499-232,TOYOTA FORTUNER 2014,car,https://n1-pstg.mioto.vn/cho_thue_xe_o_to_tu_lai_thue_xe_du_lich_danang/toyota_fortuner_2014/p/g/2025/08/03/00/9mI1Cgr3V4_BtXKp6bGYzg.jpg,downloaded_images\cars\toyota-fortuner-2014__1779543499-232\02.jpg,downloaded
1779543499-232,TOYOTA FORTUNER 2014,car,https://n1-pstg.mioto.vn/cho_thue_xe_o_to_tu_lai_thue_xe_du_lich_danang/toyota_fortuner_2014/p/g/2025/08/03/00/FoQ1l-EzVVxbJL3MkBaN4A.jpg,downloaded_images\cars\toyota-fortuner-2014__1779543499-232\03.jpg,downloaded
1779543499-232,TOYOTA FORTUNER 2014,car,https://n1-pstg.mioto.vn/cho_thue_xe_o_to_tu_lai_thue_xe_du_lich_danang/toyota_fortuner_2014/p/g/2025/08/03/00/vV0pT2I_mi2LznrsVKGblg.jpg,downloaded_images\cars\toyota-fortuner-2014__1779543499-232\04.jpg,downloaded
1779543499-232,TOYOTA FORTUNER 2014,car,https://n1-pstg.mioto.vn/cho_thue_xe_o_to_tu_lai_thue_xe_du_lich_danang/toyota_fortuner_2014/p/g/2025/08/03/00/jnYyvLCuqd0oiDF4NGYSvQ.jpg,downloaded_images\cars\toyota-fortuner-2014__1779543499-232\05.jpg,downloaded
1779543499-232,TOYOTA FORTUNER 2014,owner_avatar,https://n1-cstg.mioto.vn/m/avatars/avatar-9.png,downloaded_images\owner_avatars\1779543499-232.png,downloaded
1779543499-233,HYUNDAI I10 SEDAN 2016,car,https://n1-pstg.mioto.vn/cho_thue_xe_o_to_tu_lai_thue_xe_du_lich_danang/hyundai_i10_sedan_2016/p/g/2026/01/25/08/0cbREjeg4C8EY4M0TX_Sdg.jpg,downloaded_images\cars\hyundai-i10-sedan-2016__1779543499-233\01.jpg,downloaded
1779543499-233,HYUNDAI I10 SEDAN 2016,car,https://n1-pstg.mioto.vn/cho_thue_xe_o_to_tu_lai_thue_xe_du_lich_danang/hyundai_i10_sedan_2016/p/g/2026/01/25/08/jhYM-3P-dUFdTqBPhATgmQ.jpg,downloaded_images\cars\hyundai-i10-sedan-2016__1779543499-233\02.jpg,downloaded
1779543499-233,HYUNDAI I10 SEDAN 2016,car,https://n1-pstg.mioto.vn/cho_thue_xe_o_to_tu_lai_thue_xe_du_lich_danang/hyundai_i10_sedan_2016/p/g/2026/01/25/08/xqutrO87QCXYuQpd8SII9A.jpg,downloaded_images\cars\hyundai-i10-sedan-2016__1779543499-233\03.jpg,downloaded
1779543499-233,HYUNDAI I10 SEDAN 2016,car,https://n1-pstg.mioto.vn/cho_thue_xe_o_to_tu_lai_thue_xe_du_lich_danang/hyundai_i10_sedan_2016/p/g/2026/01/25/08/xE8MHCCiYx6oIV79F3ZaAg.jpg,downloaded_images\cars\hyundai-i10-sedan-2016__1779543499-233\04.jpg,downloaded
1779543499-233,HYUNDAI I10 SEDAN 2016,car,https://n1-pstg.mioto.vn/cho_thue_xe_o_to_tu_lai_thue_xe_du_lich_danang/hyundai_i10_sedan_2016/p/g/2026/04/18/12/Qr1FzLO85N37XfnnPwk0dQ.jpg,downloaded_images\cars\hyundai-i10-sedan-2016__1779543499-233\05.jpg,downloaded
1779543499-233,HYUNDAI I10 SEDAN 2016,owner_avatar,https://n1-astg.mioto.vn/g/2026/01/25/10/4zuAy5sd9jVdaZodLgaqZA.jpg,downloaded_images\owner_avatars\1779543499-233.jpg,downloaded
1779543499-234,MERCEDES C200 EXCLUSIVE 2023,car,https://n1-pstg.mioto.vn/cho_thue_xe_o_to_tu_lai_thue_xe_du_lich_danang/mercedes_c200_exclusive_2023/p/g/2026/00/16/17/JL2CKrYzoyUQGMixBjBVbQ.jpg,downloaded_images\cars\mercedes-c200-exclusive-2023__1779543499-234\01.jpg,downloaded
1779543499-234,MERCEDES C200 EXCLUSIVE 2023,car,https://n1-pstg.mioto.vn/cho_thue_xe_o_to_tu_lai_thue_xe_du_lich_danang/mercedes_c200_exclusive_2023/p/g/2026/00/16/17/z2uNzpsBOssGz2F6jORgWQ.jpg,downloaded_images\cars\mercedes-c200-exclusive-2023__1779543499-234\02.jpg,downloaded
1779543499-234,MERCEDES C200 EXCLUSIVE 2023,car,https://n1-pstg.mioto.vn/cho_thue_xe_o_to_tu_lai_thue_xe_du_lich_danang/mercedes_c200_exclusive_2023/p/g/2026/00/16/17/k2ILnWzVHJ5nRqgf39_GXw.jpg,downloaded_images\cars\mercedes-c200-exclusive-2023__1779543499-234\03.jpg,downloaded
1779543499-234,MERCEDES C200 EXCLUSIVE 2023,car,https://n1-pstg.mioto.vn/cho_thue_xe_o_to_tu_lai_thue_xe_du_lich_danang/mercedes_c200_exclusive_2023/p/g/2026/00/16/17/yfhzPZA-H6r8e9d-2kmjVg.jpg,downloaded_images\cars\mercedes-c200-exclusive-2023__1779543499-234\04.jpg,downloaded
1779543499-234,MERCEDES C200 EXCLUSIVE 2023,car,https://n1-pstg.mioto.vn/cho_thue_xe_o_to_tu_lai_thue_xe_du_lich_danang/mercedes_c200_exclusive_2023/p/g/2026/00/16/17/L5bf0mCPl0Axye7BgFVn_A.jpg,downloaded_images\cars\mercedes-c200-exclusive-2023__1779543499-234\05.jpg,downloaded
1779543499-234,MERCEDES C200 EXCLUSIVE 2023,owner_avatar,https://n1-cstg.mioto.vn/m/avatars/avatar-0.png,downloaded_images\owner_avatars\1779543499-234.png,downloaded
1779543499-235,MERCEDES C250 2016,car,https://n1-pstg.mioto.vn/cho_thue_xe_o_to_tu_lai_thue_xe_du_lich_danang/mercedes_c250_2016/p/g/2026/04/10/23/-F6aaoz5yDG0L1RMb_x7Iw.jpg,downloaded_images\cars\mercedes-c250-2016__1779543499-235\01.jpg,downloaded
1779543499-235,MERCEDES C250 2016,car,https://n1-pstg.mioto.vn/cho_thue_xe_o_to_tu_lai_thue_xe_du_lich_danang/mercedes_c250_2016/p/g/2026/04/10/23/mACyuyr9JOrLjq48_0HAWw.jpg,downloaded_images\cars\mercedes-c250-2016__1779543499-235\02.jpg,downloaded
1779543499-235,MERCEDES C250 2016,car,https://n1-pstg.mioto.vn/cho_thue_xe_o_to_tu_lai_thue_xe_du_lich_danang/mercedes_c250_2016/p/g/2026/04/10/23/ZuclRV9LwkkwZZWvxHWrNw.jpg,downloaded_images\cars\mercedes-c250-2016__1779543499-235\03.jpg,downloaded
1779543499-235,MERCEDES C250 2016,car,https://n1-pstg.mioto.vn/cho_thue_xe_o_to_tu_lai_thue_xe_du_lich_danang/mercedes_c250_2016/p/g/2026/04/10/23/fCmW2KyyfCtxXNUrRxGwxw.jpg,downloaded_images\cars\mercedes-c250-2016__1779543499-235\04.jpg,downloaded
1779543499-235,MERCEDES C250 2016,owner_avatar,https://n1-cstg.mioto.vn/m/avatars/avatar-5.png,downloaded_images\owner_avatars\1779543499-235.png,downloaded
1779543499-236,MG5 2024,car,https://n1-pstg.mioto.vn/cho_thue_xe_o_to_tu_lai_thue_xe_du_lich_danang/mg5_2024/p/g/2026/02/27/22/OopKKnFkSq7gTVIDAmQiMw.jpg,downloaded_images\cars\mg5-2024__1779543499-236\01.jpg,downloaded
1779543499-236,MG5 2024,car,https://n1-pstg.mioto.vn/cho_thue_xe_o_to_tu_lai_thue_xe_du_lich_danang/mg5_2024/p/g/2026/02/27/22/FFHQtPS7euYVcqponRMVcQ.jpg,downloaded_images\cars\mg5-2024__1779543499-236\02.jpg,downloaded
1779543499-236,MG5 2024,owner_avatar,https://n1-cstg.mioto.vn/m/avatars/avatar-2.png,downloaded_images\owner_avatars\1779543499-236.png,downloaded
1779543499-237,TOYOTA YARIS CROSS 2024,car,https://n1-pstg.mioto.vn/cho_thue_xe_o_to_tu_lai_thue_xe_du_lich_danang/toyota_yaris_cross_2024/p/g/2026/02/16/10/AT-LFhbq4mpK_aB1PevGuw.jpg,downloaded_images\cars\toyota-yaris-cross-2024__1779543499-237\01.jpg,downloaded
1779543499-237,TOYOTA YARIS CROSS 2024,car,https://n1-pstg.mioto.vn/cho_thue_xe_o_to_tu_lai_thue_xe_du_lich_danang/toyota_yaris_cross_2024/p/g/2026/02/11/15/ok1fcRcadDsYNDVg20HEgA.jpg,downloaded_images\cars\toyota-yaris-cross-2024__1779543499-237\02.jpg,downloaded
1779543499-237,TOYOTA YARIS CROSS 2024,car,https://n1-pstg.mioto.vn/cho_thue_xe_o_to_tu_lai_thue_xe_du_lich_danang/toyota_yaris_cross_2024/p/g/2026/02/11/15/AT0UVArgMUZ8faO_WhVq2A.jpg,downloaded_images\cars\toyota-yaris-cross-2024__1779543499-237\03.jpg,downloaded
1779543499-237,TOYOTA YARIS CROSS 2024,car,https://n1-pstg.mioto.vn/cho_thue_xe_o_to_tu_lai_thue_xe_du_lich_danang/toyota_yaris_cross_2024/p/g/2026/02/11/15/HHmf-VwbJ5pjYCK6Slhs_A.jpg,downloaded_images\cars\toyota-yaris-cross-2024__1779543499-237\04.jpg,downloaded
1779543499-237,TOYOTA YARIS CROSS 2024,car,https://n1-pstg.mioto.vn/cho_thue_xe_o_to_tu_lai_thue_xe_du_lich_danang/toyota_yaris_cross_2024/p/g/2026/02/11/15/6brYiBss3ciXJL4-wrYvsA.jpg,downloaded_images\cars\toyota-yaris-cross-2024__1779543499-237\05.jpg,downloaded
1779543499-237,TOYOTA YARIS CROSS 2024,owner_avatar,https://n1-cstg.mioto.vn/m/avatars/avatar-1.png,downloaded_images\owner_avatars\1779543499-237.png,downloaded
1779543499-238,MAZDA 3 LUXURY 2022,car,https://n1-pstg.mioto.vn/cho_thue_xe_o_to_tu_lai_thue_xe_du_lich_danang/mazda_3_luxury_2022/p/g/2025/00/08/14/3m_DBmETFdLeIi4-G2685Q.jpg,downloaded_images\cars\mazda-3-luxury-2022__1779543499-238\01.jpg,downloaded
1779543499-238,MAZDA 3 LUXURY 2022,car,https://n1-pstg.mioto.vn/cho_thue_xe_o_to_tu_lai_thue_xe_du_lich_danang/mazda_3_luxury_2022/p/g/2025/00/08/14/UrduUi03-QC7-Bcd-CspTg.jpg,downloaded_images\cars\mazda-3-luxury-2022__1779543499-238\02.jpg,downloaded
1779543499-238,MAZDA 3 LUXURY 2022,car,https://n1-pstg.mioto.vn/cho_thue_xe_o_to_tu_lai_thue_xe_du_lich_danang/mazda_3_luxury_2022/p/g/2025/00/08/14/hzOURsgvomhc7hlBqRoMtA.jpg,downloaded_images\cars\mazda-3-luxury-2022__1779543499-238\03.jpg,downloaded
1779543499-238,MAZDA 3 LUXURY 2022,car,https://n1-pstg.mioto.vn/cho_thue_xe_o_to_tu_lai_thue_xe_du_lich_danang/mazda_3_luxury_2022/p/g/2025/00/08/14/SyQ4CEQOY7x_x8P4B2qSwQ.jpg,downloaded_images\cars\mazda-3-luxury-2022__1779543499-238\04.jpg,downloaded
1779543499-238,MAZDA 3 LUXURY 2022,car,https://n1-pstg.mioto.vn/cho_thue_xe_o_to_tu_lai_thue_xe_du_lich_danang/mazda_3_luxury_2022/p/g/2025/00/08/14/RYcuOqjfoONg-BNLYg4M0Q.jpg,downloaded_images\cars\mazda-3-luxury-2022__1779543499-238\05.jpg,downloaded
1779543499-238,MAZDA 3 LUXURY 2022,owner_avatar,https://n1-astg.mioto.vn/g/2025/00/08/21/7RI2w7knrcO-XfBQOGZmwQ.jpg,downloaded_images\owner_avatars\1779543499-238.jpg,downloaded
1779543499-239,HYUNDAI ACCENT 2012,car,https://n1-pstg.mioto.vn/cho_thue_xe_o_to_tu_lai_thue_xe_du_lich_danang/hyundai_accent_2012/p/g/2025/07/18/16/qZizWR7klUmswCh7pYRIwQ.jpg,downloaded_images\cars\hyundai-accent-2012__1779543499-239\01.jpg,downloaded
1779543499-239,HYUNDAI ACCENT 2012,car,https://n1-pstg.mioto.vn/cho_thue_xe_o_to_tu_lai_thue_xe_du_lich_danang/hyundai_accent_2012/p/g/2025/07/18/16/0jumQMPyVm61A9zHz3hq_Q.jpg,downloaded_images\cars\hyundai-accent-2012__1779543499-239\02.jpg,downloaded
1779543499-239,HYUNDAI ACCENT 2012,car,https://n1-pstg.mioto.vn/cho_thue_xe_o_to_tu_lai_thue_xe_du_lich_danang/hyundai_accent_2012/p/g/2025/07/18/16/j4go_gvqReXew_2426oV6Q.jpg,downloaded_images\cars\hyundai-accent-2012__1779543499-239\03.jpg,downloaded
1779543499-239,HYUNDAI ACCENT 2012,car,https://n1-pstg.mioto.vn/cho_thue_xe_o_to_tu_lai_thue_xe_du_lich_danang/hyundai_accent_2012/p/g/2025/07/18/16/ErreqhtK22BCvzOrSL4cng.jpg,downloaded_images\cars\hyundai-accent-2012__1779543499-239\04.jpg,downloaded
1779543499-239,HYUNDAI ACCENT 2012,owner_avatar,https://n1-cstg.mioto.vn/m/avatars/avatar-2.png,downloaded_images\owner_avatars\1779543499-239.png,downloaded
1779543499-240,MITSUBISHI XPANDER 2022,car,https://n1-pstg.mioto.vn/cho_thue_xe_o_to_tu_lai_thue_xe_du_lich_danang/mitsubishi_xpander_2022/p/g/2026/04/04/16/HZ6JA4NpwSda-e9iicMJUA.jpg,downloaded_images\cars\mitsubishi-xpander-2022__1779543499-240\01.jpg,downloaded
1779543499-240,MITSUBISHI XPANDER 2022,car,https://n1-pstg.mioto.vn/cho_thue_xe_o_to_tu_lai_thue_xe_du_lich_danang/mitsubishi_xpander_2022/p/g/2026/04/04/16/OWslvXNuaBHBcbpimZlj8g.jpg,downloaded_images\cars\mitsubishi-xpander-2022__1779543499-240\02.jpg,downloaded
1779543499-240,MITSUBISHI XPANDER 2022,car,https://n1-pstg.mioto.vn/cho_thue_xe_o_to_tu_lai_thue_xe_du_lich_danang/mitsubishi_xpander_2022/p/g/2026/04/04/16/pxSBL-jYM7DXE_-cyPiPkw.jpg,downloaded_images\cars\mitsubishi-xpander-2022__1779543499-240\03.jpg,downloaded
1779543499-240,MITSUBISHI XPANDER 2022,car,https://n1-pstg.mioto.vn/cho_thue_xe_o_to_tu_lai_thue_xe_du_lich_danang/mitsubishi_xpander_2022/p/g/2026/04/04/16/MT8weoscMqNwfYtx6Jmd9Q.jpg,downloaded_images\cars\mitsubishi-xpander-2022__1779543499-240\04.jpg,downloaded
1779543499-240,MITSUBISHI XPANDER 2022,car,https://n1-pstg.mioto.vn/cho_thue_xe_o_to_tu_lai_thue_xe_du_lich_danang/mitsubishi_xpander_2022/p/g/2026/04/04/16/-wiHp-n74hT1khiRnSEc_Q.jpg,downloaded_images\cars\mitsubishi-xpander-2022__1779543499-240\05.jpg,downloaded
1779543499-240,MITSUBISHI XPANDER 2022,owner_avatar,https://n1-cstg.mioto.vn/m/avatars/avatar-4.png,downloaded_images\owner_avatars\1779543499-240.png,downloaded
